run_id,timestamp,scenario,dataset,model,attack,attack_mode,intensity,seed,n_clients,partition,rounds,clean_accuracy,attacked_accuracy,accuracy_drop_pp,attack_success_rate,balanced_accuracy,positive_recall,f1,train_seconds,git_commit,config_hash
db5855788716,2026-09-08T00:54:48+00:00,s1,breast_cancer,logistic_regression,poisoning,symmetric,0.000000,0,,,,0.973684,0.973684,0.000000,,0.969246,0.952381,0.963855,0.021757,be933a7,50d3ffe794f9
13bce34c3a9a,2026-09-08T00:54:48+00:00,s1,breast_cancer,logistic_regression,poisoning,symmetric,0.000000,1,,,,0.982456,0.982456,0.000000,,0.981151,0.976190,0.976190,0.018559,be933a7,50d3ffe794f9
0768c7202f4f,2026-09-08T00:54:48+00:00,s1,breast_cancer,logistic_regression,poisoning,symmetric,0.000000,2,,,,0.964912,0.964912,0.000000,,0.962302,0.952381,0.952381,0.018277,be933a7,50d3ffe794f9
4ac643c31a63,2026-09-08T00:54:48+00:00,s1,breast_cancer,logistic_regression,poisoning,symmetric,0.000000,3,,,,0.991228,0.991228,0.000000,,0.988095,0.976190,0.987952,0.017542,be933a7,50d3ffe794f9
54550de7ae9f,2026-09-08T00:54:48+00:00,s1,breast_cancer,logistic_regression,poisoning,symmetric,0.000000,4,,,,0.938596,0.938596,0.000000,,0.916667,0.833333,0.909091,0.014718,be933a7,50d3ffe794f9
88fd9bc2f164,2026-09-08T00:54:48+00:00,s1,breast_cancer,logistic_regression,poisoning,symmetric,0.050000,0,,,,0.973684,0.929825,4.385965,,0.924603,0.904762,0.904762,0.023414,be933a7,e66eb67970e4
56b9bb21c8a2,2026-09-08T00:54:48+00:00,s1,breast_cancer,logistic_regression,poisoning,symmetric,0.050000,1,,,,0.982456,0.964912,1.754386,,0.962302,0.952381,0.952381,0.024558,be933a7,e66eb67970e4
f5e9a2607b4a,2026-09-08T00:54:48+00:00,s1,breast_cancer,logistic_regression,poisoning,symmetric,0.050000,2,,,,0.964912,0.938596,2.631579,,0.931548,0.904762,0.915663,0.025598,be933a7,e66eb67970e4
7d6c0179d4bf,2026-09-08T00:54:48+00:00,s1,breast_cancer,logistic_regression,poisoning,symmetric,0.050000,3,,,,0.991228,0.973684,1.754386,,0.964286,0.928571,0.962963,0.027047,be933a7,e66eb67970e4
e0af32c01381,2026-09-08T00:54:48+00:00,s1,breast_cancer,logistic_regression,poisoning,symmetric,0.050000,4,,,,0.938596,0.947368,-0.877193,,0.928571,0.857143,0.923077,0.024577,be933a7,e66eb67970e4
3c332f5de1ae,2026-09-08T00:54:48+00:00,s1,breast_cancer,logistic_regression,poisoning,symmetric,0.100000,0,,,,0.973684,0.964912,0.877193,,0.957341,0.928571,0.951220,0.023958,be933a7,300b51ab1860
3e7da71a2d61,2026-09-08T00:54:48+00:00,s1,breast_cancer,logistic_regression,poisoning,symmetric,0.100000,1,,,,0.982456,0.956140,2.631579,,0.950397,0.928571,0.939759,0.023386,be933a7,300b51ab1860
3c4c1eaf8f9b,2026-09-08T00:54:49+00:00,s1,breast_cancer,logistic_regression,poisoning,symmetric,0.100000,2,,,,0.964912,0.938596,2.631579,,0.926587,0.880952,0.913580,0.026362,be933a7,300b51ab1860
8c0d69b143ba,2026-09-08T00:54:49+00:00,s1,breast_cancer,logistic_regression,poisoning,symmetric,0.100000,3,,,,0.991228,0.964912,2.631579,,0.957341,0.928571,0.951220,0.024873,be933a7,300b51ab1860
c887f66a9d7a,2026-09-08T00:54:49+00:00,s1,breast_cancer,logistic_regression,poisoning,symmetric,0.100000,4,,,,0.938596,0.921053,1.754386,,0.892857,0.785714,0.880000,0.023975,be933a7,300b51ab1860
f731fffc395e,2026-09-08T00:54:49+00:00,s1,breast_cancer,logistic_regression,poisoning,symmetric,0.200000,0,,,,0.973684,0.956140,1.754386,,0.950397,0.928571,0.939759,0.023605,be933a7,1318afaa2088
8a13ba067973,2026-09-08T00:54:49+00:00,s1,breast_cancer,logistic_regression,poisoning,symmetric,0.200000,1,,,,0.982456,0.903509,7.894737,,0.898810,0.880952,0.870588,0.021394,be933a7,1318afaa2088
85ada6ebe4fb,2026-09-08T00:54:49+00:00,s1,breast_cancer,logistic_regression,poisoning,symmetric,0.200000,2,,,,0.964912,0.903509,6.140351,,0.893849,0.857143,0.867470,0.025340,be933a7,1318afaa2088
fe718659e0a1,2026-09-08T00:54:49+00:00,s1,breast_cancer,logistic_regression,poisoning,symmetric,0.200000,3,,,,0.991228,0.964912,2.631579,,0.952381,0.904762,0.950000,0.025910,be933a7,1318afaa2088
1c9d91c60353,2026-09-08T00:54:49+00:00,s1,breast_cancer,logistic_regression,poisoning,symmetric,0.200000,4,,,,0.938596,0.921053,1.754386,,0.902778,0.833333,0.886076,0.025799,be933a7,1318afaa2088
9d10e8138807,2026-09-08T00:54:49+00:00,s1,breast_cancer,logistic_regression,poisoning,symmetric,0.300000,0,,,,0.973684,0.903509,7.017544,,0.893849,0.857143,0.867470,0.027449,be933a7,91de3756ff88
c52768f6236f,2026-09-08T00:54:49+00:00,s1,breast_cancer,logistic_regression,poisoning,symmetric,0.300000,1,,,,0.982456,0.859649,12.280702,,0.854167,0.833333,0.813953,0.025802,be933a7,91de3756ff88
45ebff174111,2026-09-08T00:54:49+00:00,s1,breast_cancer,logistic_regression,poisoning,symmetric,0.300000,2,,,,0.964912,0.877193,8.771930,,0.858135,0.785714,0.825000,0.026792,be933a7,91de3756ff88
f67dbf301725,2026-09-08T00:54:49+00:00,s1,breast_cancer,logistic_regression,poisoning,symmetric,0.300000,3,,,,0.991228,0.894737,9.649123,,0.872024,0.785714,0.846154,0.028415,be933a7,91de3756ff88
7962f79d506a,2026-09-08T00:54:49+00:00,s1,breast_cancer,logistic_regression,poisoning,symmetric,0.300000,4,,,,0.938596,0.903509,3.508772,,0.878968,0.785714,0.857143,0.026912,be933a7,91de3756ff88
16975d61c7c7,2026-09-08T00:54:49+00:00,s1,breast_cancer,logistic_regression,poisoning,symmetric,0.400000,0,,,,0.973684,0.736842,23.684211,,0.732143,0.714286,0.666667,0.025897,be933a7,b3a7b06d37ec
89719f74ec8e,2026-09-08T00:54:49+00:00,s1,breast_cancer,logistic_regression,poisoning,symmetric,0.400000,1,,,,0.982456,0.728070,25.438596,,0.700397,0.595238,0.617284,0.041562,be933a7,b3a7b06d37ec
5166a3a72ed0,2026-09-08T00:54:49+00:00,s1,breast_cancer,logistic_regression,poisoning,symmetric,0.400000,2,,,,0.964912,0.771930,19.298246,,0.759921,0.714286,0.697674,0.032550,be933a7,b3a7b06d37ec
8a3612c365c7,2026-09-08T00:54:49+00:00,s1,breast_cancer,logistic_regression,poisoning,symmetric,0.400000,3,,,,0.991228,0.745614,24.561404,,0.729167,0.666667,0.658824,0.029203,be933a7,b3a7b06d37ec
350af6d0d16c,2026-09-08T00:54:49+00:00,s1,breast_cancer,logistic_regression,poisoning,symmetric,0.400000,4,,,,0.938596,0.736842,20.175439,,0.732143,0.714286,0.666667,0.027060,be933a7,b3a7b06d37ec
0583d9d3f591,2026-09-08T00:54:49+00:00,s1,digits,logistic_regression,poisoning,symmetric,0.000000,0,,,,0.966667,0.966667,0.000000,,0.966266,0.966266,0.966731,0.044184,be933a7,4c66841fb456
1470aa18090d,2026-09-08T00:54:49+00:00,s1,digits,logistic_regression,poisoning,symmetric,0.000000,1,,,,0.963889,0.963889,0.000000,,0.964026,0.964026,0.963871,0.046880,be933a7,4c66841fb456
7dfac2e41e39,2026-09-08T00:54:49+00:00,s1,digits,logistic_regression,poisoning,symmetric,0.000000,2,,,,0.963889,0.963889,0.000000,,0.963876,0.963876,0.963905,0.040962,be933a7,4c66841fb456
1c2c26a203fa,2026-09-08T00:54:49+00:00,s1,digits,logistic_regression,poisoning,symmetric,0.000000,3,,,,0.975000,0.975000,0.000000,,0.974991,0.974991,0.975009,0.049267,be933a7,4c66841fb456
dffbadc9c6d1,2026-09-08T00:54:49+00:00,s1,digits,logistic_regression,poisoning,symmetric,0.000000,4,,,,0.980556,0.980556,0.000000,,0.980547,0.980547,0.980609,0.052975,be933a7,4c66841fb456
d4003cc5f5cc,2026-09-08T00:54:49+00:00,s1,digits,logistic_regression,poisoning,symmetric,0.050000,0,,,,0.966667,0.922222,4.444444,,0.922121,0.922121,0.922897,0.212352,be933a7,01b9c6cccec0
ec31ada47994,2026-09-08T00:54:50+00:00,s1,digits,logistic_regression,poisoning,symmetric,0.050000,1,,,,0.963889,0.927778,3.611111,,0.927748,0.927748,0.928034,0.187822,be933a7,01b9c6cccec0
e675c70848ef,2026-09-08T00:54:50+00:00,s1,digits,logistic_regression,poisoning,symmetric,0.050000,2,,,,0.963889,0.936111,2.777778,,0.935622,0.935622,0.935530,0.116646,be933a7,01b9c6cccec0
b5b6c29138f5,2026-09-08T00:54:50+00:00,s1,digits,logistic_regression,poisoning,symmetric,0.050000,3,,,,0.975000,0.941667,3.333333,,0.941641,0.941641,0.941051,0.195361,be933a7,01b9c6cccec0
0b996f6d9aad,2026-09-08T00:54:50+00:00,s1,digits,logistic_regression,poisoning,symmetric,0.050000,4,,,,0.980556,0.913889,6.666667,,0.913621,0.913621,0.913358,0.078114,be933a7,01b9c6cccec0
709823bc332e,2026-09-08T00:54:50+00:00,s1,digits,logistic_regression,poisoning,symmetric,0.100000,0,,,,0.966667,0.919444,4.722222,,0.919339,0.919339,0.919838,0.076804,be933a7,7bc5b7362ea0
7c98295a915f,2026-09-08T00:54:50+00:00,s1,digits,logistic_regression,poisoning,symmetric,0.100000,1,,,,0.963889,0.902778,6.111111,,0.902497,0.902497,0.901933,0.069652,be933a7,7bc5b7362ea0
c5fe81f14949,2026-09-08T00:54:50+00:00,s1,digits,logistic_regression,poisoning,symmetric,0.100000,2,,,,0.963889,0.919444,4.444444,,0.919335,0.919335,0.919134,0.121059,be933a7,7bc5b7362ea0
62c66bf56dab,2026-09-08T00:54:51+00:00,s1,digits,logistic_regression,poisoning,symmetric,0.100000,3,,,,0.975000,0.911111,6.388889,,0.910764,0.910764,0.910631,0.165925,be933a7,7bc5b7362ea0
420927f335f4,2026-09-08T00:54:51+00:00,s1,digits,logistic_regression,poisoning,symmetric,0.100000,4,,,,0.980556,0.927778,5.277778,,0.927973,0.927973,0.927443,0.135901,be933a7,7bc5b7362ea0
d56dd899f9b1,2026-09-08T00:54:51+00:00,s1,digits,logistic_regression,poisoning,symmetric,0.200000,0,,,,0.966667,0.894444,7.222222,,0.894414,0.894414,0.894312,0.160722,be933a7,de53dc701ab5
d399be1d89d7,2026-09-08T00:54:51+00:00,s1,digits,logistic_regression,poisoning,symmetric,0.200000,1,,,,0.963889,0.900000,6.388889,,0.899732,0.899732,0.899635,0.161556,be933a7,de53dc701ab5
64fc81c9e2d2,2026-09-08T00:54:51+00:00,s1,digits,logistic_regression,poisoning,symmetric,0.200000,2,,,,0.963889,0.908333,5.555556,,0.907827,0.907827,0.907603,0.081473,be933a7,de53dc701ab5
aa8452bce013,2026-09-08T00:54:51+00:00,s1,digits,logistic_regression,poisoning,symmetric,0.200000,3,,,,0.975000,0.916667,5.833333,,0.916015,0.916015,0.916500,0.085468,be933a7,de53dc701ab5
c58e786b0a0c,2026-09-08T00:54:51+00:00,s1,digits,logistic_regression,poisoning,symmetric,0.200000,4,,,,0.980556,0.880556,10.000000,,0.880659,0.880659,0.880034,0.076195,be933a7,de53dc701ab5
c646deed2e2e,2026-09-08T00:54:51+00:00,s1,digits,logistic_regression,poisoning,symmetric,0.300000,0,,,,0.966667,0.886111,8.055556,,0.885843,0.885843,0.887051,0.075753,be933a7,272f719384ab
c87e46416262,2026-09-08T00:54:51+00:00,s1,digits,logistic_regression,poisoning,symmetric,0.300000,1,,,,0.963889,0.894444,6.944444,,0.894635,0.894635,0.894339,0.073646,be933a7,272f719384ab
f7469ec97e10,2026-09-08T00:54:52+00:00,s1,digits,logistic_regression,poisoning,symmetric,0.300000,2,,,,0.963889,0.852778,11.111111,,0.852259,0.852259,0.851890,0.083556,be933a7,272f719384ab
b420b672d627,2026-09-08T00:54:52+00:00,s1,digits,logistic_regression,poisoning,symmetric,0.300000,3,,,,0.975000,0.908333,6.666667,,0.907986,0.907986,0.908348,0.084344,be933a7,272f719384ab
2d50e1954d7b,2026-09-08T00:54:52+00:00,s1,digits,logistic_regression,poisoning,symmetric,0.300000,4,,,,0.980556,0.897222,8.333333,,0.896641,0.896641,0.897757,0.077679,be933a7,272f719384ab
42202cb45f43,2026-09-08T00:54:52+00:00,s1,digits,logistic_regression,poisoning,symmetric,0.400000,0,,,,0.966667,0.844444,12.222222,,0.844376,0.844376,0.844939,0.083641,be933a7,a27a04967efb
8017f63ea635,2026-09-08T00:54:52+00:00,s1,digits,logistic_regression,poisoning,symmetric,0.400000,1,,,,0.963889,0.847222,11.666667,,0.847175,0.847175,0.846138,0.076494,be933a7,a27a04967efb
6384c732fd95,2026-09-08T00:54:52+00:00,s1,digits,logistic_regression,poisoning,symmetric,0.400000,2,,,,0.963889,0.861111,10.277778,,0.860746,0.860746,0.860454,0.165613,be933a7,a27a04967efb
6ecf2adecde0,2026-09-08T00:54:52+00:00,s1,digits,logistic_regression,poisoning,symmetric,0.400000,3,,,,0.975000,0.866667,10.833333,,0.866306,0.866306,0.864879,0.078182,be933a7,a27a04967efb
75f9e722a18f,2026-09-08T00:54:52+00:00,s1,digits,logistic_regression,poisoning,symmetric,0.400000,4,,,,0.980556,0.872222,10.833333,,0.871403,0.871403,0.870649,0.094552,be933a7,a27a04967efb
445f8ab57bfc,2026-09-08T00:54:52+00:00,s1,wine,logistic_regression,poisoning,symmetric,0.000000,0,,,,1.000000,1.000000,0.000000,,1.000000,1.000000,1.000000,0.015273,be933a7,d9ef7a951a17
4c8500dc3723,2026-09-08T00:54:52+00:00,s1,wine,logistic_regression,poisoning,symmetric,0.000000,1,,,,0.972222,0.972222,0.000000,,0.976190,0.976190,0.971781,0.014626,be933a7,d9ef7a951a17
35aaf6a008e4,2026-09-08T00:54:52+00:00,s1,wine,logistic_regression,poisoning,symmetric,0.000000,2,,,,0.972222,0.972222,0.000000,,0.976190,0.976190,0.971781,0.015273,be933a7,d9ef7a951a17
b5a58e2f3bbd,2026-09-08T00:54:52+00:00,s1,wine,logistic_regression,poisoning,symmetric,0.000000,3,,,,1.000000,1.000000,0.000000,,1.000000,1.000000,1.000000,0.016098,be933a7,d9ef7a951a17
a4c3b15ae17a,2026-09-08T00:54:52+00:00,s1,wine,logistic_regression,poisoning,symmetric,0.000000,4,,,,1.000000,1.000000,0.000000,,1.000000,1.000000,1.000000,0.015249,be933a7,d9ef7a951a17
e4ca14e9d4b1,2026-09-08T00:54:52+00:00,s1,wine,logistic_regression,poisoning,symmetric,0.050000,0,,,,1.000000,1.000000,0.000000,,1.000000,1.000000,1.000000,0.019185,be933a7,50fbea4cf56f
75be28e67611,2026-09-08T00:54:52+00:00,s1,wine,logistic_regression,poisoning,symmetric,0.050000,1,,,,0.972222,1.000000,-2.777778,,1.000000,1.000000,1.000000,0.020270,be933a7,50fbea4cf56f
9c20418767d3,2026-09-08T00:54:52+00:00,s1,wine,logistic_regression,poisoning,symmetric,0.050000,2,,,,0.972222,0.972222,0.000000,,0.976190,0.976190,0.971781,0.017018,be933a7,50fbea4cf56f
e50b8169d03b,2026-09-08T00:54:52+00:00,s1,wine,logistic_regression,poisoning,symmetric,0.050000,3,,,,1.000000,0.916667,8.333333,,0.920635,0.920635,0.919341,0.019863,be933a7,50fbea4cf56f
bb04ad28e577,2026-09-08T00:54:52+00:00,s1,wine,logistic_regression,poisoning,symmetric,0.050000,4,,,,1.000000,0.972222,2.777778,,0.976190,0.976190,0.971781,0.020687,be933a7,50fbea4cf56f
8c740f99bb50,2026-09-08T00:54:52+00:00,s1,wine,logistic_regression,poisoning,symmetric,0.100000,0,,,,1.000000,1.000000,0.000000,,1.000000,1.000000,1.000000,0.019503,be933a7,7c71528f3993
a8d20df431ec,2026-09-08T00:54:52+00:00,s1,wine,logistic_regression,poisoning,symmetric,0.100000,1,,,,0.972222,0.972222,0.000000,,0.976190,0.976190,0.974321,0.019197,be933a7,7c71528f3993
6e806b82bfee,2026-09-08T00:54:52+00:00,s1,wine,logistic_regression,poisoning,symmetric,0.100000,2,,,,0.972222,0.972222,0.000000,,0.976190,0.976190,0.974321,0.019035,be933a7,7c71528f3993
78661fdf2480,2026-09-08T00:54:53+00:00,s1,wine,logistic_regression,poisoning,symmetric,0.100000,3,,,,1.000000,0.972222,2.777778,,0.976190,0.976190,0.971781,0.020675,be933a7,7c71528f3993
832d72bbddf7,2026-09-08T00:54:53+00:00,s1,wine,logistic_regression,poisoning,symmetric,0.100000,4,,,,1.000000,0.972222,2.777778,,0.966667,0.966667,0.970962,0.020648,be933a7,7c71528f3993
5fbe258b2e0f,2026-09-08T00:54:53+00:00,s1,wine,logistic_regression,poisoning,symmetric,0.200000,0,,,,1.000000,0.916667,8.333333,,0.920635,0.920635,0.922039,0.019954,be933a7,c6adec507f71
3d294b36b553,2026-09-08T00:54:53+00:00,s1,wine,logistic_regression,poisoning,symmetric,0.200000,1,,,,0.972222,0.888889,8.333333,,0.895238,0.895238,0.889744,0.016574,be933a7,c6adec507f71
219cb36ebe0c,2026-09-08T00:54:53+00:00,s1,wine,logistic_regression,poisoning,symmetric,0.200000,2,,,,0.972222,0.888889,8.333333,,0.891270,0.891270,0.894837,0.017144,be933a7,c6adec507f71
f23179cf3b30,2026-09-08T00:54:53+00:00,s1,wine,logistic_regression,poisoning,symmetric,0.200000,3,,,,1.000000,0.916667,8.333333,,0.920635,0.920635,0.916839,0.017486,be933a7,c6adec507f71
b384c0db1999,2026-09-08T00:54:53+00:00,s1,wine,logistic_regression,poisoning,symmetric,0.200000,4,,,,1.000000,0.916667,8.333333,,0.928571,0.928571,0.916364,0.020407,be933a7,c6adec507f71
79a6ae203470,2026-09-08T00:54:53+00:00,s1,wine,logistic_regression,poisoning,symmetric,0.300000,0,,,,1.000000,0.861111,13.888889,,0.857937,0.857937,0.865492,0.020391,be933a7,aea416058b9d
2584106207e1,2026-09-08T00:54:53+00:00,s1,wine,logistic_regression,poisoning,symmetric,0.300000,1,,,,0.972222,0.805556,16.666667,,0.815873,0.815873,0.805314,0.018064,be933a7,aea416058b9d
aec38ec602ca,2026-09-08T00:54:53+00:00,s1,wine,logistic_regression,poisoning,symmetric,0.300000,2,,,,0.972222,0.861111,11.111111,,0.880952,0.880952,0.858417,0.017750,be933a7,aea416058b9d
02e542d94727,2026-09-08T00:54:53+00:00,s1,wine,logistic_regression,poisoning,symmetric,0.300000,3,,,,1.000000,0.861111,13.888889,,0.861905,0.861905,0.859049,0.019291,be933a7,aea416058b9d
9d92aea50911,2026-09-08T00:54:53+00:00,s1,wine,logistic_regression,poisoning,symmetric,0.300000,4,,,,1.000000,0.805556,19.444444,,0.814286,0.814286,0.800265,0.021092,be933a7,aea416058b9d
4963165858b9,2026-09-08T00:54:53+00:00,s1,wine,logistic_regression,poisoning,symmetric,0.400000,0,,,,1.000000,0.833333,16.666667,,0.835714,0.835714,0.841652,0.019468,be933a7,ec75af2135b6
547e3501c5d7,2026-09-08T00:54:53+00:00,s1,wine,logistic_regression,poisoning,symmetric,0.400000,1,,,,0.972222,0.944444,2.777778,,0.948413,0.948413,0.948413,0.019454,be933a7,ec75af2135b6
1c7a18056e58,2026-09-08T00:54:53+00:00,s1,wine,logistic_regression,poisoning,symmetric,0.400000,2,,,,0.972222,0.805556,16.666667,,0.810317,0.810317,0.804390,0.020566,be933a7,ec75af2135b6
a5988fcfc82d,2026-09-08T00:54:53+00:00,s1,wine,logistic_regression,poisoning,symmetric,0.400000,3,,,,1.000000,0.861111,13.888889,,0.844444,0.844444,0.856032,0.019041,be933a7,ec75af2135b6
2e5b5388b2d0,2026-09-08T00:54:53+00:00,s1,wine,logistic_regression,poisoning,symmetric,0.400000,4,,,,1.000000,0.833333,16.666667,,0.826190,0.826190,0.825546,0.018928,be933a7,ec75af2135b6
afcf592c7668,2026-09-08T00:54:54+00:00,s1,breast_cancer,logistic_regression,poisoning,targeted,0.000000,0,,,,0.973684,0.973684,0.000000,,0.969246,0.952381,0.963855,0.020586,be933a7,e832e5c1a345
7781d86d7089,2026-09-08T00:54:54+00:00,s1,breast_cancer,logistic_regression,poisoning,targeted,0.000000,1,,,,0.982456,0.982456,0.000000,,0.981151,0.976190,0.976190,0.018519,be933a7,e832e5c1a345
acd0a3e303a0,2026-09-08T00:54:54+00:00,s1,breast_cancer,logistic_regression,poisoning,targeted,0.000000,2,,,,0.964912,0.964912,0.000000,,0.962302,0.952381,0.952381,0.018276,be933a7,e832e5c1a345
61a1cd3c49de,2026-09-08T00:54:54+00:00,s1,breast_cancer,logistic_regression,poisoning,targeted,0.000000,3,,,,0.991228,0.991228,0.000000,,0.988095,0.976190,0.987952,0.014838,be933a7,e832e5c1a345
f64ae7478d79,2026-09-08T00:54:54+00:00,s1,breast_cancer,logistic_regression,poisoning,targeted,0.000000,4,,,,0.938596,0.938596,0.000000,,0.916667,0.833333,0.909091,0.017805,be933a7,e832e5c1a345
e0779afa832e,2026-09-08T00:54:54+00:00,s1,breast_cancer,logistic_regression,poisoning,targeted,0.050000,0,,,,0.973684,0.947368,2.631579,,0.933532,0.880952,0.925000,0.021669,be933a7,961deccb27ed
d600a795acdf,2026-09-08T00:54:54+00:00,s1,breast_cancer,logistic_regression,poisoning,targeted,0.050000,1,,,,0.982456,0.956140,2.631579,,0.945437,0.904762,0.938272,0.022787,be933a7,961deccb27ed
625017e27046,2026-09-08T00:54:54+00:00,s1,breast_cancer,logistic_regression,poisoning,targeted,0.050000,2,,,,0.964912,0.938596,2.631579,,0.921627,0.857143,0.911392,0.021087,be933a7,961deccb27ed
d7e6eb16d525,2026-09-08T00:54:54+00:00,s1,breast_cancer,logistic_regression,poisoning,targeted,0.050000,3,,,,0.991228,0.973684,1.754386,,0.964286,0.928571,0.962963,0.021352,be933a7,961deccb27ed
e4c2a8add4c1,2026-09-08T00:54:54+00:00,s1,breast_cancer,logistic_regression,poisoning,targeted,0.050000,4,,,,0.938596,0.938596,0.000000,,0.916667,0.833333,0.909091,0.023214,be933a7,961deccb27ed
534bcbaa6076,2026-09-08T00:54:54+00:00,s1,breast_cancer,logistic_regression,poisoning,targeted,0.100000,0,,,,0.973684,0.956140,1.754386,,0.940476,0.880952,0.936709,0.022256,be933a7,642c50610f48
6b86cfec8998,2026-09-08T00:54:54+00:00,s1,breast_cancer,logistic_regression,poisoning,targeted,0.100000,1,,,,0.982456,0.938596,4.385965,,0.921627,0.857143,0.911392,0.023114,be933a7,642c50610f48
0d604f49c3d1,2026-09-08T00:54:54+00:00,s1,breast_cancer,logistic_regression,poisoning,targeted,0.100000,2,,,,0.964912,0.947368,1.754386,,0.933532,0.880952,0.925000,0.023417,be933a7,642c50610f48
55512d33e15b,2026-09-08T00:54:55+00:00,s1,breast_cancer,logistic_regression,poisoning,targeted,0.100000,3,,,,0.991228,0.947368,4.385965,,0.928571,0.857143,0.923077,0.023992,be933a7,642c50610f48
01a0078ee310,2026-09-08T00:54:55+00:00,s1,breast_cancer,logistic_regression,poisoning,targeted,0.100000,4,,,,0.938596,0.929825,0.877193,,0.904762,0.809524,0.894737,0.024063,be933a7,642c50610f48
2c3eb1e93151,2026-09-08T00:54:55+00:00,s1,breast_cancer,logistic_regression,poisoning,targeted,0.200000,0,,,,0.973684,0.929825,4.385965,,0.904762,0.809524,0.894737,0.025349,be933a7,bd69b703e4ab
0bccf74dd1da,2026-09-08T00:54:55+00:00,s1,breast_cancer,logistic_regression,poisoning,targeted,0.200000,1,,,,0.982456,0.921053,6.140351,,0.892857,0.785714,0.880000,0.025633,be933a7,bd69b703e4ab
4e76bc6da468,2026-09-08T00:54:55+00:00,s1,breast_cancer,logistic_regression,poisoning,targeted,0.200000,2,,,,0.964912,0.921053,4.385965,,0.892857,0.785714,0.880000,0.023033,be933a7,bd69b703e4ab
6a3885aa377b,2026-09-08T00:54:55+00:00,s1,breast_cancer,logistic_regression,poisoning,targeted,0.200000,3,,,,0.991228,0.929825,6.140351,,0.904762,0.809524,0.894737,0.022590,be933a7,bd69b703e4ab
8564f307df54,2026-09-08T00:54:55+00:00,s1,breast_cancer,logistic_regression,poisoning,targeted,0.200000,4,,,,0.938596,0.877193,6.140351,,0.833333,0.666667,0.800000,0.022097,be933a7,bd69b703e4ab
18f8ecc40c64,2026-09-08T00:54:55+00:00,s1,breast_cancer,logistic_regression,poisoning,targeted,0.300000,0,,,,0.973684,0.894737,7.894737,,0.857143,0.714286,0.833333,0.021854,be933a7,414e74e76cb2
a0a9cab4175d,2026-09-08T00:54:55+00:00,s1,breast_cancer,logistic_regression,poisoning,targeted,0.300000,1,,,,0.982456,0.842105,14.035088,,0.785714,0.571429,0.727273,0.024371,be933a7,414e74e76cb2
774701fdc78a,2026-09-08T00:54:55+00:00,s1,breast_cancer,logistic_regression,poisoning,targeted,0.300000,2,,,,0.964912,0.903509,6.140351,,0.869048,0.738095,0.849315,0.028047,be933a7,414e74e76cb2
0c11212ec016,2026-09-08T00:54:55+00:00,s1,breast_cancer,logistic_regression,poisoning,targeted,0.300000,3,,,,0.991228,0.885965,10.526316,,0.845238,0.690476,0.816901,0.027138,be933a7,414e74e76cb2
bbb0b2a613e1,2026-09-08T00:54:55+00:00,s1,breast_cancer,logistic_regression,poisoning,targeted,0.300000,4,,,,0.938596,0.824561,11.403509,,0.761905,0.523810,0.687500,0.024516,be933a7,414e74e76cb2
2eb85f6b68e9,2026-09-08T00:54:55+00:00,s1,breast_cancer,logistic_regression,poisoning,targeted,0.400000,0,,,,0.973684,0.798246,17.543860,,0.726190,0.452381,0.622951,0.023867,be933a7,803c6d036e7f
180ee4fd7655,2026-09-08T00:54:55+00:00,s1,breast_cancer,logistic_regression,poisoning,targeted,0.400000,1,,,,0.982456,0.789474,19.298246,,0.714286,0.428571,0.600000,0.024521,be933a7,803c6d036e7f
1941d0632b0a,2026-09-08T00:54:55+00:00,s1,breast_cancer,logistic_regression,poisoning,targeted,0.400000,2,,,,0.964912,0.833333,13.157895,,0.773810,0.547619,0.707692,0.037925,be933a7,803c6d036e7f
154bd5dd9937,2026-09-08T00:54:55+00:00,s1,breast_cancer,logistic_regression,poisoning,targeted,0.400000,3,,,,0.991228,0.824561,16.666667,,0.761905,0.523810,0.687500,0.026676,be933a7,803c6d036e7f
e7d6b155d8d5,2026-09-08T00:54:55+00:00,s1,breast_cancer,logistic_regression,poisoning,targeted,0.400000,4,,,,0.938596,0.789474,14.912281,,0.714286,0.428571,0.600000,0.034583,be933a7,803c6d036e7f
de4431bc61a1,2026-09-08T00:54:56+00:00,s1,breast_cancer,logistic_regression,evasion,fgsm,0.000000,0,,,,0.973684,0.973684,0.000000,,0.969246,0.952381,0.963855,0.020530,be933a7,4a0968a624ff
46067d56ff1a,2026-09-08T00:54:56+00:00,s1,breast_cancer,logistic_regression,evasion,fgsm,0.000000,1,,,,0.982456,0.982456,0.000000,,0.981151,0.976190,0.976190,0.018434,be933a7,4a0968a624ff
480b3a9511aa,2026-09-08T00:54:56+00:00,s1,breast_cancer,logistic_regression,evasion,fgsm,0.000000,2,,,,0.964912,0.964912,0.000000,,0.962302,0.952381,0.952381,0.018008,be933a7,4a0968a624ff
788c541df3f3,2026-09-08T00:54:56+00:00,s1,breast_cancer,logistic_regression,evasion,fgsm,0.000000,3,,,,0.991228,0.991228,0.000000,,0.988095,0.976190,0.987952,0.017960,be933a7,4a0968a624ff
95cafa23b3af,2026-09-08T00:54:56+00:00,s1,breast_cancer,logistic_regression,evasion,fgsm,0.000000,4,,,,0.938596,0.938596,0.000000,,0.916667,0.833333,0.909091,0.018727,be933a7,4a0968a624ff
418743f32b51,2026-09-08T00:54:56+00:00,s1,breast_cancer,logistic_regression,evasion,fgsm,0.100000,0,,,,0.973684,0.859649,11.403509,0.117117,0.864087,0.880952,0.822222,0.016164,be933a7,b6ec990df764
dfccafb5709e,2026-09-08T00:54:56+00:00,s1,breast_cancer,logistic_regression,evasion,fgsm,0.100000,1,,,,0.982456,0.929825,5.263158,0.053571,0.919643,0.880952,0.902439,0.017992,be933a7,b6ec990df764
a3e15c6423dd,2026-09-08T00:54:56+00:00,s1,breast_cancer,logistic_regression,evasion,fgsm,0.100000,2,,,,0.964912,0.912281,5.263158,0.054545,0.905754,0.880952,0.880952,0.018467,be933a7,b6ec990df764
e898e34b4db3,2026-09-08T00:54:56+00:00,s1,breast_cancer,logistic_regression,evasion,fgsm,0.100000,3,,,,0.991228,0.929825,6.140351,0.061947,0.929563,0.928571,0.906977,0.017645,be933a7,b6ec990df764
ced1a8f56292,2026-09-08T00:54:56+00:00,s1,breast_cancer,logistic_regression,evasion,fgsm,0.100000,4,,,,0.938596,0.859649,7.894737,0.084112,0.829365,0.714286,0.789474,0.018355,be933a7,b6ec990df764
ee4a1bd49b7f,2026-09-08T00:54:56+00:00,s1,breast_cancer,logistic_regression,evasion,fgsm,0.250000,0,,,,0.973684,0.692982,28.070175,0.288288,0.717262,0.809524,0.660194,0.016865,be933a7,2e051a1f2dd1
ef04ed701aba,2026-09-08T00:54:57+00:00,s1,breast_cancer,logistic_regression,evasion,fgsm,0.250000,1,,,,0.982456,0.771930,21.052632,0.214286,0.779762,0.809524,0.723404,0.015482,be933a7,2e051a1f2dd1
f031c02eeba3,2026-09-08T00:54:57+00:00,s1,breast_cancer,logistic_regression,evasion,fgsm,0.250000,2,,,,0.964912,0.736842,22.807018,0.236364,0.747024,0.785714,0.687500,0.017600,be933a7,2e051a1f2dd1
d31daced069c,2026-09-08T00:54:57+00:00,s1,breast_cancer,logistic_regression,evasion,fgsm,0.250000,3,,,,0.991228,0.745614,24.561404,0.247788,0.753968,0.785714,0.694737,0.021449,be933a7,2e051a1f2dd1
54d1dc10d3ce,2026-09-08T00:54:57+00:00,s1,breast_cancer,logistic_regression,evasion,fgsm,0.250000,4,,,,0.938596,0.763158,17.543860,0.186916,0.743056,0.666667,0.674699,0.017249,be933a7,2e051a1f2dd1
6d7ded7350fa,2026-09-08T00:54:57+00:00,s1,breast_cancer,logistic_regression,evasion,fgsm,0.500000,0,,,,0.973684,0.377193,59.649123,0.612613,0.422619,0.595238,0.413223,0.017707,be933a7,7f3f0b0ecbde
b5b26d999d69,2026-09-08T00:54:57+00:00,s1,breast_cancer,logistic_regression,evasion,fgsm,0.500000,1,,,,0.982456,0.289474,69.298246,0.705357,0.328373,0.476190,0.330579,0.020741,be933a7,7f3f0b0ecbde
5752bc13173e,2026-09-08T00:54:57+00:00,s1,breast_cancer,logistic_regression,evasion,fgsm,0.500000,2,,,,0.964912,0.324561,64.035088,0.663636,0.361111,0.500000,0.352941,0.017809,be933a7,7f3f0b0ecbde
0fc0fabfec26,2026-09-08T00:54:57+00:00,s1,breast_cancer,logistic_regression,evasion,fgsm,0.500000,3,,,,0.991228,0.315789,67.543860,0.681416,0.349206,0.476190,0.338983,0.019293,be933a7,7f3f0b0ecbde
8f7f5f9d67ab,2026-09-08T00:54:57+00:00,s1,breast_cancer,logistic_regression,evasion,fgsm,0.500000,4,,,,0.938596,0.385965,55.263158,0.588785,0.399802,0.452381,0.351852,0.018659,be933a7,7f3f0b0ecbde
e728c6404da2,2026-09-08T00:54:57+00:00,s1,breast_cancer,logistic_regression,evasion,fgsm,1.000000,0,,,,0.973684,0.043860,92.982456,0.954955,0.059524,0.119048,0.084034,0.017034,be933a7,24ff685e3117
8473f4f1cbeb,2026-09-08T00:54:57+00:00,s1,breast_cancer,logistic_regression,evasion,fgsm,1.000000,1,,,,0.982456,0.043860,93.859649,0.955357,0.059524,0.119048,0.084034,0.018261,be933a7,24ff685e3117
f169d4fe7403,2026-09-08T00:54:57+00:00,s1,breast_cancer,logistic_regression,evasion,fgsm,1.000000,2,,,,0.964912,0.052632,91.228070,0.945455,0.071429,0.142857,0.100000,0.014599,be933a7,24ff685e3117
f381de00d92d,2026-09-08T00:54:57+00:00,s1,breast_cancer,logistic_regression,evasion,fgsm,1.000000,3,,,,0.991228,0.078947,91.228070,0.920354,0.107143,0.214286,0.146341,0.019591,be933a7,24ff685e3117
90d46aa8b581,2026-09-08T00:54:57+00:00,s1,breast_cancer,logistic_regression,evasion,fgsm,1.000000,4,,,,0.938596,0.087719,85.087719,0.906542,0.119048,0.238095,0.161290,0.018283,be933a7,24ff685e3117
04febd34bf91,2026-09-08T00:54:57+00:00,s1,digits,logistic_regression,evasion,fgsm,0.000000,0,,,,0.966667,0.966667,0.000000,,0.966266,0.966266,0.966731,0.052252,be933a7,41bc14a52ded
1c002b0ee063,2026-09-08T00:54:57+00:00,s1,digits,logistic_regression,evasion,fgsm,0.000000,1,,,,0.963889,0.963889,0.000000,,0.964026,0.964026,0.963871,0.039506,be933a7,41bc14a52ded
fbb6d3df71b1,2026-09-08T00:54:57+00:00,s1,digits,logistic_regression,evasion,fgsm,0.000000,2,,,,0.963889,0.963889,0.000000,,0.963876,0.963876,0.963905,0.082184,be933a7,41bc14a52ded
fc6094b8ab98,2026-09-08T00:54:57+00:00,s1,digits,logistic_regression,evasion,fgsm,0.000000,3,,,,0.975000,0.975000,0.000000,,0.974991,0.974991,0.975009,0.048039,be933a7,41bc14a52ded
a222f612cd9a,2026-09-08T00:54:57+00:00,s1,digits,logistic_regression,evasion,fgsm,0.000000,4,,,,0.980556,0.980556,0.000000,,0.980547,0.980547,0.980609,0.040380,be933a7,41bc14a52ded
5f75c0797e16,2026-09-08T00:54:57+00:00,s1,digits,logistic_regression,evasion,fgsm,0.100000,0,,,,0.966667,0.850000,11.666667,0.120690,0.849013,0.849013,0.850425,0.041196,be933a7,a4c9df62facd
182e7e80de69,2026-09-08T00:54:57+00:00,s1,digits,logistic_regression,evasion,fgsm,0.100000,1,,,,0.963889,0.858333,10.555556,0.109510,0.858353,0.858353,0.859141,0.037481,be933a7,a4c9df62facd
cf17256b3e01,2026-09-08T00:54:57+00:00,s1,digits,logistic_regression,evasion,fgsm,0.100000,2,,,,0.963889,0.855556,10.833333,0.112392,0.854882,0.854882,0.855366,0.050839,be933a7,a4c9df62facd
6fc01b2f1731,2026-09-08T00:54:57+00:00,s1,digits,logistic_regression,evasion,fgsm,0.100000,3,,,,0.975000,0.888889,8.611111,0.088319,0.888837,0.888837,0.889552,0.040790,be933a7,a4c9df62facd
617242f5cab1,2026-09-08T00:54:57+00:00,s1,digits,logistic_regression,evasion,fgsm,0.100000,4,,,,0.980556,0.858333,12.222222,0.124646,0.858344,0.858344,0.857630,0.045319,be933a7,a4c9df62facd
d1fb2e81e85b,2026-09-08T00:54:57+00:00,s1,digits,logistic_regression,evasion,fgsm,0.250000,0,,,,0.966667,0.461111,50.555556,0.522989,0.460163,0.460163,0.474268,0.041486,be933a7,daf413cf7698
00c99bcf9393,2026-09-08T00:54:57+00:00,s1,digits,logistic_regression,evasion,fgsm,0.250000,1,,,,0.963889,0.436111,52.777778,0.547550,0.435940,0.435940,0.454209,0.037535,be933a7,daf413cf7698
ff488df64fe0,2026-09-08T00:54:57+00:00,s1,digits,logistic_regression,evasion,fgsm,0.250000,2,,,,0.963889,0.461111,50.277778,0.521614,0.460626,0.460626,0.468742,0.045974,be933a7,daf413cf7698
8d65981cbd3c,2026-09-08T00:54:57+00:00,s1,digits,logistic_regression,evasion,fgsm,0.250000,3,,,,0.975000,0.502778,47.222222,0.484330,0.503185,0.503185,0.512213,0.041590,be933a7,daf413cf7698
2311e8feccf6,2026-09-08T00:54:58+00:00,s1,digits,logistic_regression,evasion,fgsm,0.250000,4,,,,0.980556,0.500000,48.055556,0.490085,0.500959,0.500959,0.507990,0.042214,be933a7,daf413cf7698
e4429f508f04,2026-09-08T00:54:58+00:00,s1,digits,logistic_regression,evasion,fgsm,0.500000,0,,,,0.966667,0.033333,93.333333,0.965517,0.033333,0.033333,0.044789,0.044989,be933a7,b745de6c6319
24b49219b071,2026-09-08T00:54:58+00:00,s1,digits,logistic_regression,evasion,fgsm,0.500000,1,,,,0.963889,0.016667,94.722222,0.982709,0.016667,0.016667,0.023767,0.041285,be933a7,b745de6c6319
fb0a531fd2e5,2026-09-08T00:54:58+00:00,s1,digits,logistic_regression,evasion,fgsm,0.500000,2,,,,0.963889,0.044444,91.944444,0.953890,0.044524,0.044524,0.054041,0.042609,be933a7,b745de6c6319
fe7083f76463,2026-09-08T00:54:58+00:00,s1,digits,logistic_regression,evasion,fgsm,0.500000,3,,,,0.975000,0.041667,93.333333,0.957265,0.041746,0.041746,0.051067,0.040068,be933a7,b745de6c6319
5b2bcbdff607,2026-09-08T00:54:58+00:00,s1,digits,logistic_regression,evasion,fgsm,0.500000,4,,,,0.980556,0.033333,94.722222,0.966006,0.033333,0.033333,0.042778,0.043483,be933a7,b745de6c6319
55a47e792ddd,2026-09-08T00:54:58+00:00,s1,digits,logistic_regression,evasion,fgsm,1.000000,0,,,,0.966667,0.000000,96.666667,1.000000,0.000000,0.000000,0.000000,0.041393,be933a7,ae088213f926
f5b00ac5fd55,2026-09-08T00:54:58+00:00,s1,digits,logistic_regression,evasion,fgsm,1.000000,1,,,,0.963889,0.000000,96.388889,1.000000,0.000000,0.000000,0.000000,0.040741,be933a7,ae088213f926
c02487b01e56,2026-09-08T00:54:58+00:00,s1,digits,logistic_regression,evasion,fgsm,1.000000,2,,,,0.963889,0.000000,96.388889,1.000000,0.000000,0.000000,0.000000,0.066523,be933a7,ae088213f926
716d52e31405,2026-09-08T00:54:58+00:00,s1,digits,logistic_regression,evasion,fgsm,1.000000,3,,,,0.975000,0.000000,97.500000,1.000000,0.000000,0.000000,0.000000,0.084443,be933a7,ae088213f926
15e72d7f067c,2026-09-08T00:54:58+00:00,s1,digits,logistic_regression,evasion,fgsm,1.000000,4,,,,0.980556,0.000000,98.055556,1.000000,0.000000,0.000000,0.000000,0.053511,be933a7,ae088213f926
9401410f95ce,2026-09-08T00:54:58+00:00,s1,wine,logistic_regression,evasion,fgsm,0.000000,0,,,,1.000000,1.000000,0.000000,,1.000000,1.000000,1.000000,0.014983,be933a7,df9725ddfbde
981013a747fb,2026-09-08T00:54:58+00:00,s1,wine,logistic_regression,evasion,fgsm,0.000000,1,,,,0.972222,0.972222,0.000000,,0.976190,0.976190,0.971781,0.016929,be933a7,df9725ddfbde
c952879fb98e,2026-09-08T00:54:58+00:00,s1,wine,logistic_regression,evasion,fgsm,0.000000,2,,,,0.972222,0.972222,0.000000,,0.976190,0.976190,0.971781,0.015734,be933a7,df9725ddfbde
586f1cf66929,2026-09-08T00:54:58+00:00,s1,wine,logistic_regression,evasion,fgsm,0.000000,3,,,,1.000000,1.000000,0.000000,,1.000000,1.000000,1.000000,0.014450,be933a7,df9725ddfbde
969568d88668,2026-09-08T00:54:58+00:00,s1,wine,logistic_regression,evasion,fgsm,0.000000,4,,,,1.000000,1.000000,0.000000,,1.000000,1.000000,1.000000,0.012596,be933a7,df9725ddfbde
be25083241fe,2026-09-08T00:54:58+00:00,s1,wine,logistic_regression,evasion,fgsm,0.100000,0,,,,1.000000,1.000000,0.000000,0.000000,1.000000,1.000000,1.000000,0.016806,be933a7,d274505da6c1
6a9277a0ccbd,2026-09-08T00:54:58+00:00,s1,wine,logistic_regression,evasion,fgsm,0.100000,1,,,,0.972222,0.972222,0.000000,0.000000,0.976190,0.976190,0.971781,0.014941,be933a7,d274505da6c1
c3e271e6df95,2026-09-08T00:54:58+00:00,s1,wine,logistic_regression,evasion,fgsm,0.100000,2,,,,0.972222,0.944444,2.777778,0.028571,0.952381,0.952381,0.944056,0.014014,be933a7,d274505da6c1
490058c377c8,2026-09-08T00:54:58+00:00,s1,wine,logistic_regression,evasion,fgsm,0.100000,3,,,,1.000000,0.972222,2.777778,0.027778,0.976190,0.976190,0.971781,0.015130,be933a7,d274505da6c1
28665ee3ac50,2026-09-08T00:54:58+00:00,s1,wine,logistic_regression,evasion,fgsm,0.100000,4,,,,1.000000,0.944444,5.555556,0.055556,0.952381,0.952381,0.944056,0.014425,be933a7,d274505da6c1
f17a4bbf5b68,2026-09-08T00:54:58+00:00,s1,wine,logistic_regression,evasion,fgsm,0.250000,0,,,,1.000000,0.888889,11.111111,0.111111,0.887302,0.887302,0.894533,0.014365,be933a7,980a8fc374ac
3925f5d329e1,2026-09-08T00:54:58+00:00,s1,wine,logistic_regression,evasion,fgsm,0.250000,1,,,,0.972222,0.805556,16.666667,0.171429,0.829365,0.829365,0.811249,0.014670,be933a7,980a8fc374ac
bf28f37b5caf,2026-09-08T00:54:58+00:00,s1,wine,logistic_regression,evasion,fgsm,0.250000,2,,,,0.972222,0.750000,22.222222,0.228571,0.753175,0.753175,0.749888,0.015622,be933a7,980a8fc374ac
e360392fcb20,2026-09-08T00:54:58+00:00,s1,wine,logistic_regression,evasion,fgsm,0.250000,3,,,,1.000000,0.861111,13.888889,0.138889,0.859524,0.859524,0.865284,0.015300,be933a7,980a8fc374ac
ebfcae01ef2f,2026-09-08T00:54:58+00:00,s1,wine,logistic_regression,evasion,fgsm,0.250000,4,,,,1.000000,0.888889,11.111111,0.111111,0.900794,0.900794,0.890637,0.015170,be933a7,980a8fc374ac
981509d30e32,2026-09-08T00:54:58+00:00,s1,wine,logistic_regression,evasion,fgsm,0.500000,0,,,,1.000000,0.694444,30.555556,0.305556,0.693651,0.693651,0.703092,0.015078,be933a7,8e492570dc37
960cc3473c2c,2026-09-08T00:54:58+00:00,s1,wine,logistic_regression,evasion,fgsm,0.500000,1,,,,0.972222,0.527778,44.444444,0.457143,0.530159,0.530159,0.523457,0.014710,be933a7,8e492570dc37
218bba8cb352,2026-09-08T00:54:58+00:00,s1,wine,logistic_regression,evasion,fgsm,0.500000,2,,,,0.972222,0.611111,36.111111,0.371429,0.616667,0.616667,0.619658,0.014446,be933a7,8e492570dc37
a917796ca1c5,2026-09-08T00:54:58+00:00,s1,wine,logistic_regression,evasion,fgsm,0.500000,3,,,,1.000000,0.527778,47.222222,0.472222,0.541270,0.541270,0.539794,0.015140,be933a7,8e492570dc37
17d7154e5437,2026-09-08T00:54:58+00:00,s1,wine,logistic_regression,evasion,fgsm,0.500000,4,,,,1.000000,0.555556,44.444444,0.444444,0.555556,0.555556,0.562878,0.013864,be933a7,8e492570dc37
c97bf5cd41a1,2026-09-08T00:54:58+00:00,s1,wine,logistic_regression,evasion,fgsm,1.000000,0,,,,1.000000,0.055556,94.444444,0.944444,0.051587,0.051587,0.046474,0.015726,be933a7,89342c571a80
704b2c8f27cf,2026-09-08T00:54:58+00:00,s1,wine,logistic_regression,evasion,fgsm,1.000000,1,,,,0.972222,0.027778,94.444444,0.971429,0.027778,0.027778,0.024691,0.017443,be933a7,89342c571a80
8395fe7dba73,2026-09-08T00:54:58+00:00,s1,wine,logistic_regression,evasion,fgsm,1.000000,2,,,,0.972222,0.055556,91.666667,0.942857,0.055556,0.055556,0.049383,0.015347,be933a7,89342c571a80
ee76c9f653ee,2026-09-08T00:54:59+00:00,s1,wine,logistic_regression,evasion,fgsm,1.000000,3,,,,1.000000,0.027778,97.222222,0.972222,0.027778,0.027778,0.028986,0.016565,be933a7,89342c571a80
86ef300e73fd,2026-09-08T00:54:59+00:00,s1,wine,logistic_regression,evasion,fgsm,1.000000,4,,,,1.000000,0.055556,94.444444,0.944444,0.055556,0.055556,0.055556,0.016477,be933a7,89342c571a80
36b30a57960f,2026-09-08T00:55:00+00:00,s2,breast_cancer,logistic_regression,byzantine,label_flip,0.000000,0,10,iid,30,0.973684,0.973684,0.000000,,0.969246,0.952381,0.963855,0.035606,be933a7,817cf94bb1a8
fc20c30b86a5,2026-09-08T00:55:00+00:00,s2,breast_cancer,logistic_regression,byzantine,label_flip,0.000000,1,10,iid,30,0.982456,0.982456,0.000000,,0.981151,0.976190,0.976190,0.036179,be933a7,817cf94bb1a8
c080d4acc16c,2026-09-08T00:55:00+00:00,s2,breast_cancer,logistic_regression,byzantine,label_flip,0.000000,2,10,iid,30,0.964912,0.964912,0.000000,,0.962302,0.952381,0.952381,0.033010,be933a7,817cf94bb1a8
1e080540a49b,2026-09-08T00:55:00+00:00,s2,breast_cancer,logistic_regression,byzantine,label_flip,0.000000,3,10,iid,30,0.991228,0.991228,0.000000,,0.988095,0.976190,0.987952,0.033214,be933a7,817cf94bb1a8
d3b5010c30c6,2026-09-08T00:55:00+00:00,s2,breast_cancer,logistic_regression,byzantine,label_flip,0.000000,4,10,iid,30,0.956140,0.956140,0.000000,,0.945437,0.904762,0.938272,0.032838,be933a7,817cf94bb1a8
92440d439c23,2026-09-08T00:55:00+00:00,s2,breast_cancer,logistic_regression,byzantine,label_flip,0.100000,0,10,iid,30,0.973684,0.964912,0.877193,,0.952381,0.904762,0.950000,0.054951,be933a7,d3bf1b795666
84354f0745ce,2026-09-08T00:55:00+00:00,s2,breast_cancer,logistic_regression,byzantine,label_flip,0.100000,1,10,iid,30,0.982456,0.956140,2.631579,,0.945437,0.904762,0.938272,0.054328,be933a7,d3bf1b795666
d0518e3fc9dc,2026-09-08T00:55:00+00:00,s2,breast_cancer,logistic_regression,byzantine,label_flip,0.100000,2,10,iid,30,0.964912,0.964912,0.000000,,0.957341,0.928571,0.951220,0.054004,be933a7,d3bf1b795666
6a8693f4912b,2026-09-08T00:55:00+00:00,s2,breast_cancer,logistic_regression,byzantine,label_flip,0.100000,3,10,iid,30,0.991228,0.973684,1.754386,,0.964286,0.928571,0.962963,0.053926,be933a7,d3bf1b795666
ed778c657e6f,2026-09-08T00:55:00+00:00,s2,breast_cancer,logistic_regression,byzantine,label_flip,0.100000,4,10,iid,30,0.956140,0.938596,1.754386,,0.921627,0.857143,0.911392,0.052682,be933a7,d3bf1b795666
8eb936a618aa,2026-09-08T00:55:00+00:00,s2,breast_cancer,logistic_regression,byzantine,label_flip,0.200000,0,10,iid,30,0.973684,0.964912,0.877193,,0.957341,0.928571,0.951220,0.054065,be933a7,496adef099f6
105e4cc030e9,2026-09-08T00:55:00+00:00,s2,breast_cancer,logistic_regression,byzantine,label_flip,0.200000,1,10,iid,30,0.982456,0.964912,1.754386,,0.957341,0.928571,0.951220,0.054140,be933a7,496adef099f6
d1d8713ea6e3,2026-09-08T00:55:00+00:00,s2,breast_cancer,logistic_regression,byzantine,label_flip,0.200000,2,10,iid,30,0.964912,0.964912,0.000000,,0.957341,0.928571,0.951220,0.055445,be933a7,496adef099f6
d35bbf9b7c83,2026-09-08T00:55:01+00:00,s2,breast_cancer,logistic_regression,byzantine,label_flip,0.200000,3,10,iid,30,0.991228,0.956140,3.508772,,0.945437,0.904762,0.938272,0.054073,be933a7,496adef099f6
c75232bcaf6a,2026-09-08T00:55:01+00:00,s2,breast_cancer,logistic_regression,byzantine,label_flip,0.200000,4,10,iid,30,0.956140,0.938596,1.754386,,0.916667,0.833333,0.909091,0.053610,be933a7,496adef099f6
bb78b7af22df,2026-09-08T00:55:01+00:00,s2,breast_cancer,logistic_regression,byzantine,label_flip,0.300000,0,10,iid,30,0.973684,0.956140,1.754386,,0.945437,0.904762,0.938272,0.053619,be933a7,59da98de361e
4cc1b7858401,2026-09-08T00:55:01+00:00,s2,breast_cancer,logistic_regression,byzantine,label_flip,0.300000,1,10,iid,30,0.982456,0.947368,3.508772,,0.938492,0.904762,0.926829,0.053710,be933a7,59da98de361e
0d5fc51e7357,2026-09-08T00:55:01+00:00,s2,breast_cancer,logistic_regression,byzantine,label_flip,0.300000,2,10,iid,30,0.964912,0.947368,1.754386,,0.938492,0.904762,0.926829,0.053308,be933a7,59da98de361e
fd7ba243069d,2026-09-08T00:55:01+00:00,s2,breast_cancer,logistic_regression,byzantine,label_flip,0.300000,3,10,iid,30,0.991228,0.947368,4.385965,,0.943452,0.928571,0.928571,0.053535,be933a7,59da98de361e
af9538bd6bd5,2026-09-08T00:55:01+00:00,s2,breast_cancer,logistic_regression,byzantine,label_flip,0.300000,4,10,iid,30,0.956140,0.929825,2.631579,,0.914683,0.857143,0.900000,0.053522,be933a7,59da98de361e
cb4f6f6e4ceb,2026-09-08T00:55:01+00:00,s2,breast_cancer,logistic_regression,byzantine,label_flip,0.400000,0,10,iid,30,0.973684,0.912281,6.140351,,0.890873,0.809524,0.871795,0.054784,be933a7,7ba87edc05f1
211b529f882d,2026-09-08T00:55:01+00:00,s2,breast_cancer,logistic_regression,byzantine,label_flip,0.400000,1,10,iid,30,0.982456,0.789474,19.298246,,0.798611,0.833333,0.744681,0.055771,be933a7,7ba87edc05f1
6d18292b22f5,2026-09-08T00:55:01+00:00,s2,breast_cancer,logistic_regression,byzantine,label_flip,0.400000,2,10,iid,30,0.964912,0.850877,11.403509,,0.857143,0.880952,0.813187,0.054799,be933a7,7ba87edc05f1
38a698a19d83,2026-09-08T00:55:01+00:00,s2,breast_cancer,logistic_regression,byzantine,label_flip,0.400000,3,10,iid,30,0.991228,0.815789,17.543860,,0.804563,0.761905,0.752941,0.063519,be933a7,7ba87edc05f1
636a3217870e,2026-09-08T00:55:01+00:00,s2,breast_cancer,logistic_regression,byzantine,label_flip,0.400000,4,10,iid,30,0.956140,0.850877,10.526316,,0.807540,0.642857,0.760563,0.056625,be933a7,7ba87edc05f1
cc14662684fc,2026-09-08T00:55:01+00:00,s2,breast_cancer,logistic_regression,byzantine,label_flip,0.500000,0,10,iid,30,0.973684,0.482456,49.122807,,0.491071,0.523810,0.427184,0.057976,be933a7,bd5d18319e54
4fe6e562eff3,2026-09-08T00:55:01+00:00,s2,breast_cancer,logistic_regression,byzantine,label_flip,0.500000,1,10,iid,30,0.982456,0.491228,49.122807,,0.537698,0.714286,0.508475,0.058432,be933a7,bd5d18319e54
326125844202,2026-09-08T00:55:01+00:00,s2,breast_cancer,logistic_regression,byzantine,label_flip,0.500000,2,10,iid,30,0.964912,0.473684,49.122807,,0.543651,0.809524,0.531250,0.059313,be933a7,bd5d18319e54
b87c39e49158,2026-09-08T00:55:01+00:00,s2,breast_cancer,logistic_regression,byzantine,label_flip,0.500000,3,10,iid,30,0.991228,0.517544,47.368421,,0.489087,0.380952,0.367816,0.054542,be933a7,bd5d18319e54
322733a046fa,2026-09-08T00:55:01+00:00,s2,breast_cancer,logistic_regression,byzantine,label_flip,0.500000,4,10,iid,30,0.956140,0.657895,29.824561,,0.644841,0.595238,0.561798,0.057737,be933a7,bd5d18319e54
83104df151c3,2026-09-08T00:55:02+00:00,s2,breast_cancer,logistic_regression,byzantine,label_flip,0.000000,0,10,non_iid,30,0.947368,0.947368,0.000000,,0.948413,0.952381,0.930233,0.033374,be933a7,1219c9b9743e
e244ee09c631,2026-09-08T00:55:02+00:00,s2,breast_cancer,logistic_regression,byzantine,label_flip,0.000000,1,10,non_iid,30,0.982456,0.982456,0.000000,,0.981151,0.976190,0.976190,0.033361,be933a7,1219c9b9743e
f38e6fa31e38,2026-09-08T00:55:02+00:00,s2,breast_cancer,logistic_regression,byzantine,label_flip,0.000000,2,10,non_iid,30,0.938596,0.938596,0.000000,,0.931548,0.904762,0.915663,0.033669,be933a7,1219c9b9743e
a9cab8bd4967,2026-09-08T00:55:02+00:00,s2,breast_cancer,logistic_regression,byzantine,label_flip,0.000000,3,10,non_iid,30,0.991228,0.991228,0.000000,,0.988095,0.976190,0.987952,0.038422,be933a7,1219c9b9743e
70d21d360b5a,2026-09-08T00:55:02+00:00,s2,breast_cancer,logistic_regression,byzantine,label_flip,0.000000,4,10,non_iid,30,0.938596,0.938596,0.000000,,0.921627,0.857143,0.911392,0.032158,be933a7,1219c9b9743e
072653f8d05b,2026-09-08T00:55:02+00:00,s2,breast_cancer,logistic_regression,byzantine,label_flip,0.100000,0,10,non_iid,30,0.947368,0.956140,-0.877193,,0.945437,0.904762,0.938272,0.054788,be933a7,4fc942d4f967
9736d3b71968,2026-09-08T00:55:02+00:00,s2,breast_cancer,logistic_regression,byzantine,label_flip,0.100000,1,10,non_iid,30,0.982456,0.929825,5.263158,,0.924603,0.904762,0.904762,0.054068,be933a7,4fc942d4f967
34a14395a6ff,2026-09-08T00:55:02+00:00,s2,breast_cancer,logistic_regression,byzantine,label_flip,0.100000,2,10,non_iid,30,0.938596,0.956140,-1.754386,,0.945437,0.904762,0.938272,0.057101,be933a7,4fc942d4f967
2d00ccc43861,2026-09-08T00:55:02+00:00,s2,breast_cancer,logistic_regression,byzantine,label_flip,0.100000,3,10,non_iid,30,0.991228,0.982456,0.877193,,0.976190,0.952381,0.975610,0.058174,be933a7,4fc942d4f967
3d3eb85b3cbb,2026-09-08T00:55:02+00:00,s2,breast_cancer,logistic_regression,byzantine,label_flip,0.100000,4,10,non_iid,30,0.938596,0.912281,2.631579,,0.880952,0.761905,0.864865,0.056381,be933a7,4fc942d4f967
504397bd5053,2026-09-08T00:55:02+00:00,s2,breast_cancer,logistic_regression,byzantine,label_flip,0.200000,0,10,non_iid,30,0.947368,0.938596,0.877193,,0.941468,0.952381,0.919540,0.059584,be933a7,81db184ba0c2
4aa1b9463e6c,2026-09-08T00:55:02+00:00,s2,breast_cancer,logistic_regression,byzantine,label_flip,0.200000,1,10,non_iid,30,0.982456,0.412281,57.017544,,0.346230,0.095238,0.106667,0.059303,be933a7,81db184ba0c2
1d9b27d11c77,2026-09-08T00:55:02+00:00,s2,breast_cancer,logistic_regression,byzantine,label_flip,0.200000,2,10,non_iid,30,0.938596,0.956140,-1.754386,,0.945437,0.904762,0.938272,0.056866,be933a7,81db184ba0c2
7de931abdb04,2026-09-08T00:55:02+00:00,s2,breast_cancer,logistic_regression,byzantine,label_flip,0.200000,3,10,non_iid,30,0.991228,0.745614,24.561404,,0.798611,1.000000,0.743363,0.053290,be933a7,81db184ba0c2
65238b2bd21c,2026-09-08T00:55:02+00:00,s2,breast_cancer,logistic_regression,byzantine,label_flip,0.200000,4,10,non_iid,30,0.938596,0.877193,6.140351,,0.833333,0.666667,0.800000,0.050308,be933a7,81db184ba0c2
ee46b814d308,2026-09-08T00:55:02+00:00,s2,breast_cancer,logistic_regression,byzantine,label_flip,0.300000,0,10,non_iid,30,0.947368,0.649123,29.824561,,0.523810,0.047619,0.090909,0.053701,be933a7,7dd14072979c
dfc76dc9e2f0,2026-09-08T00:55:02+00:00,s2,breast_cancer,logistic_regression,byzantine,label_flip,0.300000,1,10,non_iid,30,0.982456,0.342105,64.035088,,0.285714,0.071429,0.074074,0.052642,be933a7,7dd14072979c
94ffb61e36bf,2026-09-08T00:55:02+00:00,s2,breast_cancer,logistic_regression,byzantine,label_flip,0.300000,2,10,non_iid,30,0.938596,0.964912,-2.631579,,0.957341,0.928571,0.951220,0.055159,be933a7,7dd14072979c
e22042f2f12b,2026-09-08T00:55:02+00:00,s2,breast_cancer,logistic_regression,byzantine,label_flip,0.300000,3,10,non_iid,30,0.991228,0.692982,29.824561,,0.756944,1.000000,0.705882,0.053963,be933a7,7dd14072979c
966c4f0fc878,2026-09-08T00:55:03+00:00,s2,breast_cancer,logistic_regression,byzantine,label_flip,0.300000,4,10,non_iid,30,0.938596,0.842105,9.649123,,0.785714,0.571429,0.727273,0.050537,be933a7,7dd14072979c
9704d6bbdad0,2026-09-08T00:55:03+00:00,s2,breast_cancer,logistic_regression,byzantine,label_flip,0.400000,0,10,non_iid,30,0.947368,0.412281,53.508772,,0.336310,0.047619,0.056338,0.053262,be933a7,c18759bbbea7
7316046baf20,2026-09-08T00:55:03+00:00,s2,breast_cancer,logistic_regression,byzantine,label_flip,0.400000,1,10,non_iid,30,0.982456,0.333333,64.912281,,0.278770,0.071429,0.073171,0.054402,be933a7,c18759bbbea7
f8e35a82e33d,2026-09-08T00:55:03+00:00,s2,breast_cancer,logistic_regression,byzantine,label_flip,0.400000,2,10,non_iid,30,0.938596,0.964912,-2.631579,,0.957341,0.928571,0.951220,0.054095,be933a7,c18759bbbea7
51d9e524a314,2026-09-08T00:55:03+00:00,s2,breast_cancer,logistic_regression,byzantine,label_flip,0.400000,3,10,non_iid,30,0.991228,0.105263,88.596491,,0.132937,0.238095,0.163934,0.051331,be933a7,c18759bbbea7
ea5b9d8003bb,2026-09-08T00:55:03+00:00,s2,breast_cancer,logistic_regression,byzantine,label_flip,0.400000,4,10,non_iid,30,0.938596,0.815789,12.280702,,0.750000,0.500000,0.666667,0.051006,be933a7,c18759bbbea7
6cf5a25ef53c,2026-09-08T00:55:03+00:00,s2,breast_cancer,logistic_regression,byzantine,label_flip,0.500000,0,10,non_iid,30,0.947368,0.263158,68.421053,,0.213294,0.023810,0.023256,0.052248,be933a7,2b9c4232527d
68738e81ac97,2026-09-08T00:55:03+00:00,s2,breast_cancer,logistic_regression,byzantine,label_flip,0.500000,1,10,non_iid,30,0.982456,0.263158,71.929825,,0.213294,0.023810,0.023256,0.054189,be933a7,2b9c4232527d
308391e31128,2026-09-08T00:55:03+00:00,s2,breast_cancer,logistic_regression,byzantine,label_flip,0.500000,2,10,non_iid,30,0.938596,0.921053,1.754386,,0.897817,0.809524,0.883117,0.056135,be933a7,2b9c4232527d
4189b56c6fad,2026-09-08T00:55:03+00:00,s2,breast_cancer,logistic_regression,byzantine,label_flip,0.500000,3,10,non_iid,30,0.991228,0.105263,88.596491,,0.142857,0.285714,0.190476,0.051788,be933a7,2b9c4232527d
6f0b9c280c47,2026-09-08T00:55:03+00:00,s2,breast_cancer,logistic_regression,byzantine,label_flip,0.500000,4,10,non_iid,30,0.938596,0.491228,44.736842,,0.537698,0.714286,0.508475,0.052344,be933a7,2b9c4232527d
8a056276d1cc,2026-09-08T00:55:03+00:00,s2,digits,logistic_regression,byzantine,label_flip,0.000000,0,10,iid,30,0.952778,0.952778,0.000000,,0.952372,0.952372,0.952810,0.078446,be933a7,fb3ce0021b8d
9305ae7cec4e,2026-09-08T00:55:03+00:00,s2,digits,logistic_regression,byzantine,label_flip,0.000000,1,10,iid,30,0.963889,0.963889,0.000000,,0.963797,0.963797,0.963509,0.073791,be933a7,fb3ce0021b8d
4c9949f84f7f,2026-09-08T00:55:03+00:00,s2,digits,logistic_regression,byzantine,label_flip,0.000000,2,10,iid,30,0.958333,0.958333,0.000000,,0.958241,0.958241,0.958386,0.074901,be933a7,fb3ce0021b8d
32917064ef27,2026-09-08T00:55:03+00:00,s2,digits,logistic_regression,byzantine,label_flip,0.000000,3,10,iid,30,0.963889,0.963889,0.000000,,0.963951,0.963951,0.963895,0.074354,be933a7,fb3ce0021b8d
274daab48766,2026-09-08T00:55:03+00:00,s2,digits,logistic_regression,byzantine,label_flip,0.000000,4,10,iid,30,0.955556,0.955556,0.000000,,0.955221,0.955221,0.955193,0.073167,be933a7,fb3ce0021b8d
bdc9067da8cd,2026-09-08T00:55:04+00:00,s2,digits,logistic_regression,byzantine,label_flip,0.100000,0,10,iid,30,0.952778,0.961111,-0.833333,,0.960940,0.960940,0.961678,0.134217,be933a7,4f01ea3692f9
193bb006b8cd,2026-09-08T00:55:04+00:00,s2,digits,logistic_regression,byzantine,label_flip,0.100000,1,10,iid,30,0.963889,0.961111,0.277778,,0.960864,0.960864,0.960833,0.130200,be933a7,4f01ea3692f9
27664c572391,2026-09-08T00:55:04+00:00,s2,digits,logistic_regression,byzantine,label_flip,0.100000,2,10,iid,30,0.958333,0.944444,1.388889,,0.944269,0.944269,0.944629,0.132006,be933a7,4f01ea3692f9
80cdee4d5626,2026-09-08T00:55:04+00:00,s2,digits,logistic_regression,byzantine,label_flip,0.100000,3,10,iid,30,0.963889,0.955556,0.833333,,0.955689,0.955689,0.955459,0.134983,be933a7,4f01ea3692f9
12b00dc36294,2026-09-08T00:55:04+00:00,s2,digits,logistic_regression,byzantine,label_flip,0.100000,4,10,iid,30,0.955556,0.947222,0.833333,,0.947196,0.947196,0.947303,0.134682,be933a7,4f01ea3692f9
de62b54a40c9,2026-09-08T00:55:04+00:00,s2,digits,logistic_regression,byzantine,label_flip,0.200000,0,10,iid,30,0.952778,0.944444,0.833333,,0.944264,0.944264,0.944875,0.133681,be933a7,b06da246c43f
93ed852c8bc1,2026-09-08T00:55:04+00:00,s2,digits,logistic_regression,byzantine,label_flip,0.200000,1,10,iid,30,0.963889,0.947222,1.666667,,0.946817,0.946817,0.946698,0.131213,be933a7,b06da246c43f
9fa2e1452823,2026-09-08T00:55:05+00:00,s2,digits,logistic_regression,byzantine,label_flip,0.200000,2,10,iid,30,0.958333,0.936111,2.222222,,0.935618,0.935618,0.936168,0.131161,be933a7,b06da246c43f
668d7187cb31,2026-09-08T00:55:05+00:00,s2,digits,logistic_regression,byzantine,label_flip,0.200000,3,10,iid,30,0.963889,0.938889,2.500000,,0.938943,0.938943,0.939615,0.133339,be933a7,b06da246c43f
a8ba92b62646,2026-09-08T00:55:05+00:00,s2,digits,logistic_regression,byzantine,label_flip,0.200000,4,10,iid,30,0.955556,0.930556,2.500000,,0.930450,0.930450,0.930230,0.131152,be933a7,b06da246c43f
f383ab55d062,2026-09-08T00:55:05+00:00,s2,digits,logistic_regression,byzantine,label_flip,0.300000,0,10,iid,30,0.952778,0.922222,3.055556,,0.922117,0.922117,0.922561,0.135326,be933a7,aa16f3b2edfc
c9ebe6466736,2026-09-08T00:55:05+00:00,s2,digits,logistic_regression,byzantine,label_flip,0.300000,1,10,iid,30,0.963889,0.933333,3.055556,,0.933145,0.933145,0.932566,0.132582,be933a7,aa16f3b2edfc
600da8bd31ea,2026-09-08T00:55:05+00:00,s2,digits,logistic_regression,byzantine,label_flip,0.300000,2,10,iid,30,0.958333,0.925000,3.333333,,0.924352,0.924352,0.924236,0.140463,be933a7,aa16f3b2edfc
c3a8832b5ab4,2026-09-08T00:55:05+00:00,s2,digits,logistic_regression,byzantine,label_flip,0.300000,3,10,iid,30,0.963889,0.908333,5.555556,,0.908065,0.908065,0.908647,0.136379,be933a7,aa16f3b2edfc
a07ea6ef0839,2026-09-08T00:55:06+00:00,s2,digits,logistic_regression,byzantine,label_flip,0.300000,4,10,iid,30,0.955556,0.938889,1.666667,,0.938863,0.938863,0.938720,0.131049,be933a7,aa16f3b2edfc
9ec88118356d,2026-09-08T00:55:06+00:00,s2,digits,logistic_regression,byzantine,label_flip,0.400000,0,10,iid,30,0.952778,0.922222,3.055556,,0.922272,0.922272,0.923187,0.137676,be933a7,e13b26e37077
e138cffa0020,2026-09-08T00:55:06+00:00,s2,digits,logistic_regression,byzantine,label_flip,0.400000,1,10,iid,30,0.963889,0.925000,3.888889,,0.925041,0.925041,0.924903,0.136532,be933a7,e13b26e37077
ea98aa6405b0,2026-09-08T00:55:06+00:00,s2,digits,logistic_regression,byzantine,label_flip,0.400000,2,10,iid,30,0.958333,0.886111,7.222222,,0.885375,0.885375,0.884952,0.136677,be933a7,e13b26e37077
ce9e05632221,2026-09-08T00:55:06+00:00,s2,digits,logistic_regression,byzantine,label_flip,0.400000,3,10,iid,30,0.963889,0.911111,5.277778,,0.911073,0.911073,0.911325,0.135783,be933a7,e13b26e37077
e51a3df775e3,2026-09-08T00:55:06+00:00,s2,digits,logistic_regression,byzantine,label_flip,0.400000,4,10,iid,30,0.955556,0.905556,5.000000,,0.905137,0.905137,0.905383,0.132909,be933a7,e13b26e37077
0ee78958ddb7,2026-09-08T00:55:06+00:00,s2,digits,logistic_regression,byzantine,label_flip,0.500000,0,10,iid,30,0.952778,0.894444,5.833333,,0.894093,0.894093,0.895349,0.131807,be933a7,a8d20a89fc76
3405c83211ed,2026-09-08T00:55:07+00:00,s2,digits,logistic_regression,byzantine,label_flip,0.500000,1,10,iid,30,0.963889,0.880556,8.333333,,0.880667,0.880667,0.880264,0.135503,be933a7,a8d20a89fc76
f1b48c44e277,2026-09-08T00:55:07+00:00,s2,digits,logistic_regression,byzantine,label_flip,0.500000,2,10,iid,30,0.958333,0.861111,9.722222,,0.860517,0.860517,0.860636,0.134904,be933a7,a8d20a89fc76
cf557987abc5,2026-09-08T00:55:07+00:00,s2,digits,logistic_regression,byzantine,label_flip,0.500000,3,10,iid,30,0.963889,0.886111,7.777778,,0.885755,0.885755,0.886554,0.133483,be933a7,a8d20a89fc76
da98ba4b49fc,2026-09-08T00:55:07+00:00,s2,digits,logistic_regression,byzantine,label_flip,0.500000,4,10,iid,30,0.955556,0.861111,9.444444,,0.860905,0.860905,0.860369,0.131277,be933a7,a8d20a89fc76
b38972ba49ed,2026-09-08T00:55:07+00:00,s2,digits,logistic_regression,byzantine,label_flip,0.000000,0,10,non_iid,30,0.958333,0.958333,0.000000,,0.957932,0.957932,0.958457,0.082827,be933a7,ba71d847d5cd
d06b1139b09e,2026-09-08T00:55:07+00:00,s2,digits,logistic_regression,byzantine,label_flip,0.000000,1,10,non_iid,30,0.963889,0.963889,0.000000,,0.963797,0.963797,0.963509,0.074641,be933a7,ba71d847d5cd
699c2d98d6a9,2026-09-08T00:55:07+00:00,s2,digits,logistic_regression,byzantine,label_flip,0.000000,2,10,non_iid,30,0.966667,0.966667,0.000000,,0.966420,0.966420,0.966728,0.076819,be933a7,ba71d847d5cd
763fc54f0c08,2026-09-08T00:55:07+00:00,s2,digits,logistic_regression,byzantine,label_flip,0.000000,3,10,non_iid,30,0.963889,0.963889,0.000000,,0.963951,0.963951,0.963860,0.074262,be933a7,ba71d847d5cd
001654a90153,2026-09-08T00:55:07+00:00,s2,digits,logistic_regression,byzantine,label_flip,0.000000,4,10,non_iid,30,0.969444,0.969444,0.000000,,0.969427,0.969427,0.969367,0.077569,be933a7,ba71d847d5cd
625420e701cd,2026-09-08T00:55:07+00:00,s2,digits,logistic_regression,byzantine,label_flip,0.100000,0,10,non_iid,30,0.958333,0.944444,1.388889,,0.944269,0.944269,0.945132,0.132439,be933a7,daa3a806f1ce
1d3a9e996981,2026-09-08T00:55:08+00:00,s2,digits,logistic_regression,byzantine,label_flip,0.100000,1,10,non_iid,30,0.963889,0.961111,0.277778,,0.960706,0.960706,0.960188,0.132930,be933a7,daa3a806f1ce
962c8b26c2c3,2026-09-08T00:55:08+00:00,s2,digits,logistic_regression,byzantine,label_flip,0.100000,2,10,non_iid,30,0.966667,0.963889,0.277778,,0.963642,0.963642,0.964005,0.131897,be933a7,daa3a806f1ce
accebb522797,2026-09-08T00:55:08+00:00,s2,digits,logistic_regression,byzantine,label_flip,0.100000,3,10,non_iid,30,0.963889,0.961111,0.277778,,0.961248,0.961248,0.961118,0.129127,be933a7,daa3a806f1ce
721d493c439c,2026-09-08T00:55:08+00:00,s2,digits,logistic_regression,byzantine,label_flip,0.100000,4,10,non_iid,30,0.969444,0.961111,0.833333,,0.960860,0.960860,0.961232,0.137845,be933a7,daa3a806f1ce
4c0e23eb02e9,2026-09-08T00:55:08+00:00,s2,digits,logistic_regression,byzantine,label_flip,0.200000,0,10,non_iid,30,0.958333,0.927778,3.055556,,0.927209,0.927209,0.927636,0.132422,be933a7,ca6a1af2ba18
53e5318a6c7b,2026-09-08T00:55:08+00:00,s2,digits,logistic_regression,byzantine,label_flip,0.200000,1,10,non_iid,30,0.963889,0.930556,3.333333,,0.930513,0.930513,0.928638,0.133198,be933a7,ca6a1af2ba18
c0e551f7672d,2026-09-08T00:55:08+00:00,s2,digits,logistic_regression,byzantine,label_flip,0.200000,2,10,non_iid,30,0.966667,0.858333,10.833333,,0.858762,0.858762,0.846365,0.132909,be933a7,ca6a1af2ba18
83c25670a2f6,2026-09-08T00:55:09+00:00,s2,digits,logistic_regression,byzantine,label_flip,0.200000,3,10,non_iid,30,0.963889,0.958333,0.555556,,0.958471,0.958471,0.958378,0.132126,be933a7,ca6a1af2ba18
52107214388c,2026-09-08T00:55:09+00:00,s2,digits,logistic_regression,byzantine,label_flip,0.200000,4,10,non_iid,30,0.969444,0.855556,11.388889,,0.855937,0.855937,0.850530,0.134967,be933a7,ca6a1af2ba18
15831ab042fa,2026-09-08T00:55:09+00:00,s2,digits,logistic_regression,byzantine,label_flip,0.300000,0,10,non_iid,30,0.958333,0.858333,10.000000,,0.858498,0.858498,0.857090,0.130374,be933a7,4f5a31a17d95
7bc2e0c02ad1,2026-09-08T00:55:09+00:00,s2,digits,logistic_regression,byzantine,label_flip,0.300000,1,10,non_iid,30,0.963889,0.880556,8.333333,,0.880262,0.880262,0.875820,0.136525,be933a7,4f5a31a17d95
95bbd6badfee,2026-09-08T00:55:09+00:00,s2,digits,logistic_regression,byzantine,label_flip,0.300000,2,10,non_iid,30,0.966667,0.825000,14.166667,,0.826034,0.826034,0.805058,0.133753,be933a7,4f5a31a17d95
28fe0c18beff,2026-09-08T00:55:09+00:00,s2,digits,logistic_regression,byzantine,label_flip,0.300000,3,10,non_iid,30,0.963889,0.916667,4.722222,,0.916875,0.916875,0.911009,0.136189,be933a7,4f5a31a17d95
40b0d559d9b1,2026-09-08T00:55:09+00:00,s2,digits,logistic_regression,byzantine,label_flip,0.300000,4,10,non_iid,30,0.969444,0.844444,12.500000,,0.845215,0.845215,0.836391,0.137205,be933a7,4f5a31a17d95
51490579bda1,2026-09-08T00:55:10+00:00,s2,digits,logistic_regression,byzantine,label_flip,0.400000,0,10,non_iid,30,0.958333,0.683333,27.500000,,0.684065,0.684065,0.663706,0.137173,be933a7,7be1b3425021
f83f16beb919,2026-09-08T00:55:10+00:00,s2,digits,logistic_regression,byzantine,label_flip,0.400000,1,10,non_iid,30,0.963889,0.877778,8.611111,,0.877347,0.877347,0.871478,0.137490,be933a7,7be1b3425021
5ff78bf4f42f,2026-09-08T00:55:10+00:00,s2,digits,logistic_regression,byzantine,label_flip,0.400000,2,10,non_iid,30,0.966667,0.802778,16.388889,,0.803719,0.803719,0.782668,0.132219,be933a7,7be1b3425021
9de13f6ded3e,2026-09-08T00:55:10+00:00,s2,digits,logistic_regression,byzantine,label_flip,0.400000,3,10,non_iid,30,0.963889,0.891667,7.222222,,0.891712,0.891712,0.886354,0.132840,be933a7,7be1b3425021
752b15d45946,2026-09-08T00:55:10+00:00,s2,digits,logistic_regression,byzantine,label_flip,0.400000,4,10,non_iid,30,0.969444,0.805556,16.388889,,0.807222,0.807222,0.772496,0.135723,be933a7,7be1b3425021
e3406daa356a,2026-09-08T00:55:10+00:00,s2,digits,logistic_regression,byzantine,label_flip,0.500000,0,10,non_iid,30,0.958333,0.611111,34.722222,,0.612126,0.612126,0.569753,0.135085,be933a7,48922f6a290e
7bc4e44212d1,2026-09-08T00:55:10+00:00,s2,digits,logistic_regression,byzantine,label_flip,0.500000,1,10,non_iid,30,0.963889,0.805556,15.833333,,0.804848,0.804848,0.789913,0.133303,be933a7,48922f6a290e
410ae51da934,2026-09-08T00:55:10+00:00,s2,digits,logistic_regression,byzantine,label_flip,0.500000,2,10,non_iid,30,0.966667,0.780556,18.611111,,0.782402,0.782402,0.762299,0.132954,be933a7,48922f6a290e
73cb77827724,2026-09-08T00:55:11+00:00,s2,digits,logistic_regression,byzantine,label_flip,0.500000,3,10,non_iid,30,0.963889,0.847222,11.666667,,0.847722,0.847722,0.838829,0.131826,be933a7,48922f6a290e
6ea31967dc18,2026-09-08T00:55:11+00:00,s2,digits,logistic_regression,byzantine,label_flip,0.500000,4,10,non_iid,30,0.969444,0.786111,18.333333,,0.787778,0.787778,0.752389,0.138513,be933a7,48922f6a290e
c075b24150a6,2026-09-08T00:55:12+00:00,s2,breast_cancer,logistic_regression,byzantine,sign_flip,0.000000,0,10,iid,30,0.973684,0.973684,0.000000,,0.969246,0.952381,0.963855,0.037459,be933a7,aa47731ee39f
d12411291b10,2026-09-08T00:55:12+00:00,s2,breast_cancer,logistic_regression,byzantine,sign_flip,0.000000,1,10,iid,30,0.982456,0.982456,0.000000,,0.981151,0.976190,0.976190,0.033834,be933a7,aa47731ee39f
03449a9f6086,2026-09-08T00:55:12+00:00,s2,breast_cancer,logistic_regression,byzantine,sign_flip,0.000000,2,10,iid,30,0.964912,0.964912,0.000000,,0.962302,0.952381,0.952381,0.033233,be933a7,aa47731ee39f
26e8adb017de,2026-09-08T00:55:12+00:00,s2,breast_cancer,logistic_regression,byzantine,sign_flip,0.000000,3,10,iid,30,0.991228,0.991228,0.000000,,0.988095,0.976190,0.987952,0.033486,be933a7,aa47731ee39f
fd1a961d19c7,2026-09-08T00:55:12+00:00,s2,breast_cancer,logistic_regression,byzantine,sign_flip,0.000000,4,10,iid,30,0.956140,0.956140,0.000000,,0.945437,0.904762,0.938272,0.031695,be933a7,aa47731ee39f
9eecd30af43b,2026-09-08T00:55:12+00:00,s2,breast_cancer,logistic_regression,byzantine,sign_flip,0.100000,0,10,iid,30,0.973684,0.938596,3.508772,,0.931548,0.904762,0.915663,0.055357,be933a7,eff8dcff9e48
3786d64a2406,2026-09-08T00:55:12+00:00,s2,breast_cancer,logistic_regression,byzantine,sign_flip,0.100000,1,10,iid,30,0.982456,0.956140,2.631579,,0.950397,0.928571,0.939759,0.053714,be933a7,eff8dcff9e48
b9f809d0f551,2026-09-08T00:55:12+00:00,s2,breast_cancer,logistic_regression,byzantine,sign_flip,0.100000,2,10,iid,30,0.964912,0.956140,0.877193,,0.950397,0.928571,0.939759,0.055050,be933a7,eff8dcff9e48
6a7f3234c588,2026-09-08T00:55:12+00:00,s2,breast_cancer,logistic_regression,byzantine,sign_flip,0.100000,3,10,iid,30,0.991228,0.991228,0.000000,,0.988095,0.976190,0.987952,0.055869,be933a7,eff8dcff9e48
de9d4df421ec,2026-09-08T00:55:13+00:00,s2,breast_cancer,logistic_regression,byzantine,sign_flip,0.100000,4,10,iid,30,0.956140,0.938596,1.754386,,0.926587,0.880952,0.913580,0.053513,be933a7,eff8dcff9e48
5767570816c0,2026-09-08T00:55:13+00:00,s2,breast_cancer,logistic_regression,byzantine,sign_flip,0.200000,0,10,iid,30,0.973684,0.982456,-0.877193,,0.976190,0.952381,0.975610,0.053983,be933a7,cb696a501ea0
c4ea9995ddf6,2026-09-08T00:55:13+00:00,s2,breast_cancer,logistic_regression,byzantine,sign_flip,0.200000,1,10,iid,30,0.982456,0.947368,3.508772,,0.938492,0.904762,0.926829,0.053571,be933a7,cb696a501ea0
63706f35031d,2026-09-08T00:55:13+00:00,s2,breast_cancer,logistic_regression,byzantine,sign_flip,0.200000,2,10,iid,30,0.964912,0.964912,0.000000,,0.957341,0.928571,0.951220,0.054682,be933a7,cb696a501ea0
f02d88e462be,2026-09-08T00:55:13+00:00,s2,breast_cancer,logistic_regression,byzantine,sign_flip,0.200000,3,10,iid,30,0.991228,0.982456,0.877193,,0.976190,0.952381,0.975610,0.054229,be933a7,cb696a501ea0
9ff94556cd06,2026-09-08T00:55:13+00:00,s2,breast_cancer,logistic_regression,byzantine,sign_flip,0.200000,4,10,iid,30,0.956140,0.964912,-0.877193,,0.962302,0.952381,0.952381,0.054094,be933a7,cb696a501ea0
2896cab85c05,2026-09-08T00:55:13+00:00,s2,breast_cancer,logistic_regression,byzantine,sign_flip,0.300000,0,10,iid,30,0.973684,0.964912,0.877193,,0.962302,0.952381,0.952381,0.053677,be933a7,2dde099a719b
663db564e600,2026-09-08T00:55:13+00:00,s2,breast_cancer,logistic_regression,byzantine,sign_flip,0.300000,1,10,iid,30,0.982456,0.938596,4.385965,,0.931548,0.904762,0.915663,0.055721,be933a7,2dde099a719b
3128ed5840b6,2026-09-08T00:55:13+00:00,s2,breast_cancer,logistic_regression,byzantine,sign_flip,0.300000,2,10,iid,30,0.964912,0.973684,-0.877193,,0.964286,0.928571,0.962963,0.054105,be933a7,2dde099a719b
9d878d3b3315,2026-09-08T00:55:13+00:00,s2,breast_cancer,logistic_regression,byzantine,sign_flip,0.300000,3,10,iid,30,0.991228,0.938596,5.263158,,0.926587,0.880952,0.913580,0.055630,be933a7,2dde099a719b
3bc4074cd4b8,2026-09-08T00:55:13+00:00,s2,breast_cancer,logistic_regression,byzantine,sign_flip,0.300000,4,10,iid,30,0.956140,0.956140,0.000000,,0.950397,0.928571,0.939759,0.055386,be933a7,2dde099a719b
f9ce3bae5f29,2026-09-08T00:55:13+00:00,s2,breast_cancer,logistic_regression,byzantine,sign_flip,0.400000,0,10,iid,30,0.973684,0.973684,0.000000,,0.969246,0.952381,0.963855,0.056178,be933a7,01fbbf790dd3
c91192360694,2026-09-08T00:55:13+00:00,s2,breast_cancer,logistic_regression,byzantine,sign_flip,0.400000,1,10,iid,30,0.982456,0.885965,9.649123,,0.894841,0.928571,0.857143,0.056207,be933a7,01fbbf790dd3
0c6b12d7ca22,2026-09-08T00:55:13+00:00,s2,breast_cancer,logistic_regression,byzantine,sign_flip,0.400000,2,10,iid,30,0.964912,0.815789,14.912281,,0.814484,0.809524,0.764045,0.054880,be933a7,01fbbf790dd3
aaa24ea367c0,2026-09-08T00:55:13+00:00,s2,breast_cancer,logistic_regression,byzantine,sign_flip,0.400000,3,10,iid,30,0.991228,0.903509,8.771930,,0.903770,0.904762,0.873563,0.055153,be933a7,01fbbf790dd3
dc9d74c6ba4d,2026-09-08T00:55:13+00:00,s2,breast_cancer,logistic_regression,byzantine,sign_flip,0.400000,4,10,iid,30,0.956140,0.938596,1.754386,,0.931548,0.904762,0.915663,0.055108,be933a7,01fbbf790dd3
6107155e275e,2026-09-08T00:55:13+00:00,s2,breast_cancer,logistic_regression,byzantine,sign_flip,0.500000,0,10,iid,30,0.973684,0.508772,46.491228,,0.521825,0.571429,0.461538,0.054122,be933a7,8841f886ece8
2e4d94e97ccd,2026-09-08T00:55:14+00:00,s2,breast_cancer,logistic_regression,byzantine,sign_flip,0.500000,1,10,iid,30,0.982456,0.201754,78.070175,,0.224206,0.309524,0.222222,0.053636,be933a7,8841f886ece8
eaf5e73731dc,2026-09-08T00:55:14+00:00,s2,breast_cancer,logistic_regression,byzantine,sign_flip,0.500000,2,10,iid,30,0.964912,0.131579,83.333333,,0.143849,0.190476,0.139130,0.053339,be933a7,8841f886ece8
4de5d2cc01bb,2026-09-08T00:55:14+00:00,s2,breast_cancer,logistic_regression,byzantine,sign_flip,0.500000,3,10,iid,30,0.991228,0.131579,85.964912,,0.128968,0.119048,0.091743,0.054937,be933a7,8841f886ece8
23494ba61b95,2026-09-08T00:55:14+00:00,s2,breast_cancer,logistic_regression,byzantine,sign_flip,0.500000,4,10,iid,30,0.956140,0.377193,57.894737,,0.392857,0.452381,0.348624,0.055235,be933a7,8841f886ece8
1cade2e6386a,2026-09-08T00:55:14+00:00,s2,breast_cancer,logistic_regression,byzantine,sign_flip,0.000000,0,10,non_iid,30,0.947368,0.947368,0.000000,,0.948413,0.952381,0.930233,0.031584,be933a7,adfc0b92c6c4
c1b2f48df004,2026-09-08T00:55:14+00:00,s2,breast_cancer,logistic_regression,byzantine,sign_flip,0.000000,1,10,non_iid,30,0.982456,0.982456,0.000000,,0.981151,0.976190,0.976190,0.032586,be933a7,adfc0b92c6c4
0c9a6c1f4ae8,2026-09-08T00:55:14+00:00,s2,breast_cancer,logistic_regression,byzantine,sign_flip,0.000000,2,10,non_iid,30,0.938596,0.938596,0.000000,,0.931548,0.904762,0.915663,0.032730,be933a7,adfc0b92c6c4
7caf8c17c8e7,2026-09-08T00:55:14+00:00,s2,breast_cancer,logistic_regression,byzantine,sign_flip,0.000000,3,10,non_iid,30,0.991228,0.991228,0.000000,,0.988095,0.976190,0.987952,0.031375,be933a7,adfc0b92c6c4
8964fd3af7be,2026-09-08T00:55:14+00:00,s2,breast_cancer,logistic_regression,byzantine,sign_flip,0.000000,4,10,non_iid,30,0.938596,0.938596,0.000000,,0.921627,0.857143,0.911392,0.032533,be933a7,adfc0b92c6c4
c1b9e64ad462,2026-09-08T00:55:14+00:00,s2,breast_cancer,logistic_regression,byzantine,sign_flip,0.100000,0,10,non_iid,30,0.947368,0.947368,0.000000,,0.948413,0.952381,0.930233,0.056124,be933a7,91478e9c3974
492494dd4b41,2026-09-08T00:55:14+00:00,s2,breast_cancer,logistic_regression,byzantine,sign_flip,0.100000,1,10,non_iid,30,0.982456,0.973684,0.877193,,0.969246,0.952381,0.963855,0.053096,be933a7,91478e9c3974
49573be01375,2026-09-08T00:55:14+00:00,s2,breast_cancer,logistic_regression,byzantine,sign_flip,0.100000,2,10,non_iid,30,0.938596,0.938596,0.000000,,0.931548,0.904762,0.915663,0.054349,be933a7,91478e9c3974
f29e3a50d066,2026-09-08T00:55:14+00:00,s2,breast_cancer,logistic_regression,byzantine,sign_flip,0.100000,3,10,non_iid,30,0.991228,0.982456,0.877193,,0.976190,0.952381,0.975610,0.049726,be933a7,91478e9c3974
a467a3f74fea,2026-09-08T00:55:14+00:00,s2,breast_cancer,logistic_regression,byzantine,sign_flip,0.100000,4,10,non_iid,30,0.938596,0.956140,-1.754386,,0.945437,0.904762,0.938272,0.053295,be933a7,91478e9c3974
7b9ada0946f8,2026-09-08T00:55:14+00:00,s2,breast_cancer,logistic_regression,byzantine,sign_flip,0.200000,0,10,non_iid,30,0.947368,0.912281,3.508772,,0.920635,0.952381,0.888889,0.056594,be933a7,3d511976cb57
afcf34231e1c,2026-09-08T00:55:14+00:00,s2,breast_cancer,logistic_regression,byzantine,sign_flip,0.200000,1,10,non_iid,30,0.982456,0.078947,90.350877,,0.072421,0.047619,0.036697,0.055786,be933a7,3d511976cb57
b6c493b47f35,2026-09-08T00:55:14+00:00,s2,breast_cancer,logistic_regression,byzantine,sign_flip,0.200000,2,10,non_iid,30,0.938596,0.938596,0.000000,,0.931548,0.904762,0.915663,0.055827,be933a7,3d511976cb57
2c79796c2dc0,2026-09-08T00:55:14+00:00,s2,breast_cancer,logistic_regression,byzantine,sign_flip,0.200000,3,10,non_iid,30,0.991228,0.754386,23.684211,,0.770833,0.833333,0.714286,0.051793,be933a7,3d511976cb57
4b2e445a8faa,2026-09-08T00:55:14+00:00,s2,breast_cancer,logistic_regression,byzantine,sign_flip,0.200000,4,10,non_iid,30,0.938596,0.947368,-0.877193,,0.933532,0.880952,0.925000,0.055129,be933a7,3d511976cb57
04908b2440e1,2026-09-08T00:55:14+00:00,s2,breast_cancer,logistic_regression,byzantine,sign_flip,0.300000,0,10,non_iid,30,0.947368,0.508772,43.859649,,0.432540,0.142857,0.176471,0.052565,be933a7,a119e2b388fc
dc2477b9b6b4,2026-09-08T00:55:15+00:00,s2,breast_cancer,logistic_regression,byzantine,sign_flip,0.300000,1,10,non_iid,30,0.982456,0.052632,92.982456,,0.051587,0.047619,0.035714,0.051951,be933a7,a119e2b388fc
8ad5a8e8b028,2026-09-08T00:55:15+00:00,s2,breast_cancer,logistic_regression,byzantine,sign_flip,0.300000,2,10,non_iid,30,0.938596,0.938596,0.000000,,0.931548,0.904762,0.915663,0.054079,be933a7,a119e2b388fc
962f0a17dd79,2026-09-08T00:55:15+00:00,s2,breast_cancer,logistic_regression,byzantine,sign_flip,0.300000,3,10,non_iid,30,0.991228,0.736842,25.438596,,0.747024,0.785714,0.687500,0.051576,be933a7,a119e2b388fc
5c9bb5d88414,2026-09-08T00:55:15+00:00,s2,breast_cancer,logistic_regression,byzantine,sign_flip,0.300000,4,10,non_iid,30,0.938596,0.947368,-0.877193,,0.933532,0.880952,0.925000,0.051742,be933a7,a119e2b388fc
f72b7b3b5565,2026-09-08T00:55:15+00:00,s2,breast_cancer,logistic_regression,byzantine,sign_flip,0.400000,0,10,non_iid,30,0.947368,0.105263,84.210526,,0.083333,0.000000,0.000000,0.053025,be933a7,4cd4ba0458f2
12e004f76922,2026-09-08T00:55:15+00:00,s2,breast_cancer,logistic_regression,byzantine,sign_flip,0.400000,1,10,non_iid,30,0.982456,0.052632,92.982456,,0.051587,0.047619,0.035714,0.053242,be933a7,4cd4ba0458f2
367ed3a2aee0,2026-09-08T00:55:15+00:00,s2,breast_cancer,logistic_regression,byzantine,sign_flip,0.400000,2,10,non_iid,30,0.938596,0.938596,0.000000,,0.931548,0.904762,0.915663,0.054243,be933a7,4cd4ba0458f2
17a6988d623e,2026-09-08T00:55:15+00:00,s2,breast_cancer,logistic_regression,byzantine,sign_flip,0.400000,3,10,non_iid,30,0.991228,0.043860,94.736842,,0.044643,0.047619,0.035398,0.054226,be933a7,4cd4ba0458f2
4a6ee6c4315f,2026-09-08T00:55:15+00:00,s2,breast_cancer,logistic_regression,byzantine,sign_flip,0.400000,4,10,non_iid,30,0.938596,0.921053,1.754386,,0.907738,0.857143,0.888889,0.053352,be933a7,4cd4ba0458f2
ef75b59c2211,2026-09-08T00:55:15+00:00,s2,breast_cancer,logistic_regression,byzantine,sign_flip,0.500000,0,10,non_iid,30,0.947368,0.140351,80.701754,,0.125992,0.071429,0.057692,0.052771,be933a7,24ed78ce8d73
40b83723c0db,2026-09-08T00:55:15+00:00,s2,breast_cancer,logistic_regression,byzantine,sign_flip,0.500000,1,10,non_iid,30,0.982456,0.061404,92.105263,,0.058532,0.047619,0.036036,0.053138,be933a7,24ed78ce8d73
d684bd7a350d,2026-09-08T00:55:15+00:00,s2,breast_cancer,logistic_regression,byzantine,sign_flip,0.500000,2,10,non_iid,30,0.938596,0.956140,-1.754386,,0.945437,0.904762,0.938272,0.054660,be933a7,24ed78ce8d73
8a842a15123c,2026-09-08T00:55:15+00:00,s2,breast_cancer,logistic_regression,byzantine,sign_flip,0.500000,3,10,non_iid,30,0.991228,0.052632,93.859649,,0.051587,0.047619,0.035714,0.051914,be933a7,24ed78ce8d73
023a0ec4824f,2026-09-08T00:55:15+00:00,s2,breast_cancer,logistic_regression,byzantine,sign_flip,0.500000,4,10,non_iid,30,0.938596,0.359649,57.894737,,0.369048,0.404762,0.317757,0.051568,be933a7,24ed78ce8d73
f3490b18d7bf,2026-09-23T22:41:53+00:00,s3,breast_cancer,quantum_net,circuit_tamper,rx_half_pi,0.000000,0,,,,0.912281,0.912281,0.000000,,0.920635,0.952381,0.888889,11.594077,3b2add5,473a56d36a80
20f2ff42643d,2026-09-23T22:41:53+00:00,s3,breast_cancer,quantum_net,circuit_tamper,rx_half_pi,1.000000,0,,,,0.912281,0.929825,-1.754386,0.028846,0.924603,0.904762,0.904762,0.324007,3b2add5,b8392463b238
04c56bf55bad,2026-09-23T22:41:54+00:00,s3,breast_cancer,quantum_net,circuit_tamper,rx_half_pi,2.000000,0,,,,0.912281,0.885965,2.631579,0.086538,0.884921,0.880952,0.850575,0.301934,3b2add5,a4d61e984d03
42e4181253ce,2026-09-23T22:41:54+00:00,s3,breast_cancer,quantum_net,circuit_tamper,rx_half_pi,4.000000,0,,,,0.912281,0.350877,56.140351,0.634615,0.476190,0.952381,0.519481,0.308703,3b2add5,908ec315b229
adc38f8ae89b,2026-09-23T22:41:54+00:00,s3,breast_cancer,quantum_net,circuit_tamper,rx_half_pi,8.000000,0,,,,0.912281,0.359649,55.263158,0.625000,0.488095,0.976190,0.529032,0.300558,3b2add5,beed0024e489
62d2d57a0d9a,2026-09-23T22:41:55+00:00,s3,breast_cancer,quantum_net,circuit_tamper,rx_half_pi,16.000000,0,,,,0.912281,0.798246,11.403509,0.211538,0.746032,0.547619,0.666667,0.307091,3b2add5,8c083220ed8b
345b1db45fe1,2026-09-23T22:42:05+00:00,s3,breast_cancer,quantum_net,circuit_tamper,rx_half_pi,0.000000,1,,,,0.938596,0.938596,0.000000,,0.921627,0.857143,0.911392,10.699362,3b2add5,473a56d36a80
ac6007457d76,2026-09-23T22:42:06+00:00,s3,breast_cancer,quantum_net,circuit_tamper,rx_half_pi,1.000000,1,,,,0.938596,0.859649,7.894737,0.093458,0.809524,0.619048,0.764706,0.447158,3b2add5,b8392463b238
caba52248f2f,2026-09-23T22:42:06+00:00,s3,breast_cancer,quantum_net,circuit_tamper,rx_half_pi,2.000000,1,,,,0.938596,0.824561,11.403509,0.130841,0.761905,0.523810,0.687500,0.755923,3b2add5,a4d61e984d03
2edc941b2647,2026-09-23T22:42:07+00:00,s3,breast_cancer,quantum_net,circuit_tamper,rx_half_pi,4.000000,1,,,,0.938596,0.824561,11.403509,0.140187,0.761905,0.523810,0.687500,0.351600,3b2add5,908ec315b229
c9286da7e2ab,2026-09-23T22:42:07+00:00,s3,breast_cancer,quantum_net,circuit_tamper,rx_half_pi,8.000000,1,,,,0.938596,0.833333,10.526316,0.140187,0.788690,0.619048,0.732394,0.254324,3b2add5,beed0024e489
6344a7eaa7de,2026-09-23T22:42:07+00:00,s3,breast_cancer,quantum_net,circuit_tamper,rx_half_pi,16.000000,1,,,,0.938596,0.078947,85.964912,0.934579,0.087302,0.119048,0.086957,0.317252,3b2add5,8c083220ed8b
86886c3cdf58,2026-09-23T22:42:16+00:00,s3,breast_cancer,quantum_net,circuit_tamper,rx_half_pi,0.000000,2,,,,0.938596,0.938596,0.000000,,0.936508,0.928571,0.917647,9.622119,3b2add5,473a56d36a80
bfa93c192573,2026-09-23T22:42:16+00:00,s3,breast_cancer,quantum_net,circuit_tamper,rx_half_pi,1.000000,2,,,,0.938596,0.701754,23.684211,0.280374,0.758929,0.976190,0.706897,0.328322,3b2add5,b8392463b238
750815eddd74,2026-09-23T22:42:17+00:00,s3,breast_cancer,quantum_net,circuit_tamper,rx_half_pi,2.000000,2,,,,0.938596,0.807018,13.157895,0.186916,0.738095,0.476190,0.645161,0.758596,3b2add5,a4d61e984d03
828baee2884c,2026-09-23T22:42:18+00:00,s3,breast_cancer,quantum_net,circuit_tamper,rx_half_pi,4.000000,2,,,,0.938596,0.254386,68.421053,0.775701,0.226190,0.119048,0.105263,0.581487,3b2add5,908ec315b229
bc5740731b75,2026-09-23T22:42:18+00:00,s3,breast_cancer,quantum_net,circuit_tamper,rx_half_pi,8.000000,2,,,,0.938596,0.298246,64.035088,0.728972,0.300595,0.309524,0.245283,0.491229,3b2add5,beed0024e489
8e7ce5b7f303,2026-09-23T22:42:19+00:00,s3,breast_cancer,quantum_net,circuit_tamper,rx_half_pi,16.000000,2,,,,0.938596,0.342105,59.649123,0.663551,0.464286,0.928571,0.509804,0.538618,3b2add5,8c083220ed8b
3391b263926f,2026-09-23T22:42:30+00:00,s3,breast_cancer,quantum_net,circuit_tamper,rx_half_pi,0.000000,3,,,,0.912281,0.912281,0.000000,,0.890873,0.809524,0.871795,10.953922,3b2add5,473a56d36a80
6e574f2bfd8d,2026-09-23T22:42:30+00:00,s3,breast_cancer,quantum_net,circuit_tamper,rx_half_pi,1.000000,3,,,,0.912281,0.280702,63.157895,0.721154,0.237103,0.071429,0.068182,0.323231,3b2add5,b8392463b238
4c1472903586,2026-09-23T22:42:30+00:00,s3,breast_cancer,quantum_net,circuit_tamper,rx_half_pi,2.000000,3,,,,0.912281,0.175439,73.684211,0.865385,0.183532,0.214286,0.160714,0.274549,3b2add5,a4d61e984d03
b94b0b9636f5,2026-09-23T22:42:31+00:00,s3,breast_cancer,quantum_net,circuit_tamper,rx_half_pi,4.000000,3,,,,0.912281,0.289474,62.280702,0.759615,0.382937,0.738095,0.433566,0.270439,3b2add5,908ec315b229
036a58cfc63e,2026-09-23T22:42:31+00:00,s3,breast_cancer,quantum_net,circuit_tamper,rx_half_pi,8.000000,3,,,,0.912281,0.157895,75.438596,0.884615,0.204365,0.380952,0.250000,0.269568,3b2add5,beed0024e489
3846538e8599,2026-09-23T22:42:31+00:00,s3,breast_cancer,quantum_net,circuit_tamper,rx_half_pi,16.000000,3,,,,0.912281,0.605263,30.701754,0.355769,0.484127,0.023810,0.042553,0.282404,3b2add5,8c083220ed8b
c7e26e43d038,2026-09-23T22:42:40+00:00,s3,breast_cancer,quantum_net,circuit_tamper,rx_half_pi,0.000000,4,,,,0.912281,0.912281,0.000000,,0.895833,0.833333,0.875000,9.174504,3b2add5,473a56d36a80
5abb14cfe66f,2026-09-23T22:42:41+00:00,s3,breast_cancer,quantum_net,circuit_tamper,rx_half_pi,1.000000,4,,,,0.912281,0.807018,10.526316,0.125000,0.752976,0.547619,0.676471,0.281450,3b2add5,b8392463b238
bf557e738695,2026-09-23T22:42:41+00:00,s3,breast_cancer,quantum_net,circuit_tamper,rx_half_pi,2.000000,4,,,,0.912281,0.701754,21.052632,0.259615,0.595238,0.190476,0.320000,0.272248,3b2add5,a4d61e984d03
90f7da31a4c4,2026-09-23T22:42:41+00:00,s3,breast_cancer,quantum_net,circuit_tamper,rx_half_pi,4.000000,4,,,,0.912281,0.122807,78.947368,0.913462,0.136905,0.190476,0.137931,0.266373,3b2add5,908ec315b229
92edcd2b2309,2026-09-23T22:42:41+00:00,s3,breast_cancer,quantum_net,circuit_tamper,rx_half_pi,8.000000,4,,,,0.912281,0.131579,78.070175,0.923077,0.178571,0.357143,0.232558,0.262849,3b2add5,beed0024e489
b214afbcc358,2026-09-23T22:42:42+00:00,s3,breast_cancer,quantum_net,circuit_tamper,rx_half_pi,16.000000,4,,,,0.912281,0.307018,60.526316,0.730769,0.416667,0.833333,0.469799,0.301946,3b2add5,8c083220ed8b
6190e167e973,2026-09-23T22:42:44+00:00,s3,wine,quantum_net,circuit_tamper,rx_half_pi,0.000000,0,,,,0.944444,0.944444,0.000000,,0.948413,0.948413,0.948413,2.613406,3b2add5,da664021a32c
78c4727a72b1,2026-09-23T22:42:44+00:00,s3,wine,quantum_net,circuit_tamper,rx_half_pi,1.000000,0,,,,0.944444,0.888889,5.555556,0.058824,0.892857,0.892857,0.894949,0.102187,3b2add5,4fb5475ebdaf
e72bb0318da9,2026-09-23T22:42:45+00:00,s3,wine,quantum_net,circuit_tamper,rx_half_pi,2.000000,0,,,,0.944444,0.888889,5.555556,0.058824,0.892857,0.892857,0.894949,0.149890,3b2add5,e2ea2f7b76bb
f0fc7736e41a,2026-09-23T22:42:45+00:00,s3,wine,quantum_net,circuit_tamper,rx_half_pi,4.000000,0,,,,0.944444,0.388889,55.555556,0.617647,0.333333,0.333333,0.207407,0.094881,3b2add5,ec9e8404f20e
0434ff2b27cf,2026-09-23T22:42:45+00:00,s3,wine,quantum_net,circuit_tamper,rx_half_pi,8.000000,0,,,,0.944444,0.388889,55.555556,0.617647,0.333333,0.333333,0.227642,0.098539,3b2add5,140d027ebdf5
7511ce00f688,2026-09-23T22:42:45+00:00,s3,wine,quantum_net,circuit_tamper,rx_half_pi,16.000000,0,,,,0.944444,0.416667,52.777778,0.588235,0.361111,0.361111,0.241758,0.320015,3b2add5,7d0e3bf91a57
f443aa4dd754,2026-09-23T22:42:47+00:00,s3,wine,quantum_net,circuit_tamper,rx_half_pi,0.000000,1,,,,0.916667,0.916667,0.000000,,0.915079,0.915079,0.920196,3.109663,3b2add5,da664021a32c
7911737424ca,2026-09-23T22:42:47+00:00,s3,wine,quantum_net,circuit_tamper,rx_half_pi,1.000000,1,,,,0.916667,0.944444,-2.777778,0.000000,0.938889,0.938889,0.945741,0.100495,3b2add5,4fb5475ebdaf
7f511e75d320,2026-09-23T22:42:47+00:00,s3,wine,quantum_net,circuit_tamper,rx_half_pi,2.000000,1,,,,0.916667,0.972222,-5.555556,0.000000,0.966667,0.966667,0.970962,0.147616,3b2add5,e2ea2f7b76bb
6d51a6c89cfb,2026-09-23T22:42:48+00:00,s3,wine,quantum_net,circuit_tamper,rx_half_pi,4.000000,1,,,,0.916667,0.527778,38.888889,0.454545,0.472222,0.472222,0.403486,0.155158,3b2add5,ec9e8404f20e
2523057969b4,2026-09-23T22:42:48+00:00,s3,wine,quantum_net,circuit_tamper,rx_half_pi,8.000000,1,,,,0.916667,0.388889,52.777778,0.606061,0.333333,0.333333,0.194444,0.145782,3b2add5,140d027ebdf5
5d48338a6f6e,2026-09-23T22:42:48+00:00,s3,wine,quantum_net,circuit_tamper,rx_half_pi,16.000000,1,,,,0.916667,0.416667,50.000000,0.606061,0.366667,0.366667,0.251082,0.102515,3b2add5,7d0e3bf91a57
4c74ab151963,2026-09-23T22:42:51+00:00,s3,wine,quantum_net,circuit_tamper,rx_half_pi,0.000000,2,,,,0.944444,0.944444,0.000000,,0.948413,0.948413,0.948413,3.282385,3b2add5,da664021a32c
d86022f25cae,2026-09-23T22:42:51+00:00,s3,wine,quantum_net,circuit_tamper,rx_half_pi,1.000000,2,,,,0.944444,0.888889,5.555556,0.088235,0.904762,0.904762,0.896825,0.108404,3b2add5,4fb5475ebdaf
77995a2dd065,2026-09-23T22:42:51+00:00,s3,wine,quantum_net,circuit_tamper,rx_half_pi,2.000000,2,,,,0.944444,0.916667,2.777778,0.029412,0.924603,0.924603,0.922963,0.106654,3b2add5,e2ea2f7b76bb
54875ec8c2f0,2026-09-23T22:42:51+00:00,s3,wine,quantum_net,circuit_tamper,rx_half_pi,4.000000,2,,,,0.944444,0.527778,41.666667,0.470588,0.513492,0.513492,0.463274,0.108667,3b2add5,ec9e8404f20e
3c35504dffdb,2026-09-23T22:42:52+00:00,s3,wine,quantum_net,circuit_tamper,rx_half_pi,8.000000,2,,,,0.944444,0.472222,47.222222,0.529412,0.433333,0.433333,0.356745,0.093217,3b2add5,140d027ebdf5
88ef1c83ff9b,2026-09-23T22:42:52+00:00,s3,wine,quantum_net,circuit_tamper,rx_half_pi,16.000000,2,,,,0.944444,0.333333,61.111111,0.676471,0.285714,0.285714,0.166667,0.095933,3b2add5,7d0e3bf91a57
4ee50de9fc18,2026-09-23T22:42:55+00:00,s3,wine,quantum_net,circuit_tamper,rx_half_pi,0.000000,3,,,,0.972222,0.972222,0.000000,,0.972222,0.972222,0.974013,2.997225,3b2add5,da664021a32c
ebb6406abaef,2026-09-23T22:42:55+00:00,s3,wine,quantum_net,circuit_tamper,rx_half_pi,1.000000,3,,,,0.972222,0.500000,47.222222,0.485714,0.476190,0.476190,0.388889,0.133905,3b2add5,4fb5475ebdaf
39ab75cbb8a9,2026-09-23T22:42:55+00:00,s3,wine,quantum_net,circuit_tamper,rx_half_pi,2.000000,3,,,,0.972222,0.416667,55.555556,0.571429,0.366667,0.366667,0.251082,0.130514,3b2add5,e2ea2f7b76bb
8d1122b8b2e2,2026-09-23T22:42:55+00:00,s3,wine,quantum_net,circuit_tamper,rx_half_pi,4.000000,3,,,,0.972222,0.444444,52.777778,0.571429,0.392857,0.392857,0.310240,0.125392,3b2add5,ec9e8404f20e
bb25842dc7c0,2026-09-23T22:42:55+00:00,s3,wine,quantum_net,circuit_tamper,rx_half_pi,8.000000,3,,,,0.972222,0.305556,66.666667,0.685714,0.285714,0.285714,0.281609,0.100591,3b2add5,140d027ebdf5
00e10bb937f4,2026-09-23T22:42:55+00:00,s3,wine,quantum_net,circuit_tamper,rx_half_pi,16.000000,3,,,,0.972222,0.027778,94.444444,0.971429,0.023810,0.023810,0.019608,0.103437,3b2add5,7d0e3bf91a57
99f7c1b29126,2026-09-23T22:42:59+00:00,s3,wine,quantum_net,circuit_tamper,rx_half_pi,0.000000,4,,,,0.916667,0.916667,0.000000,,0.924603,0.924603,0.919312,3.298688,3b2add5,da664021a32c
bff9c62a23ed,2026-09-23T22:42:59+00:00,s3,wine,quantum_net,circuit_tamper,rx_half_pi,1.000000,4,,,,0.916667,0.916667,0.000000,0.030303,0.919048,0.919048,0.916296,0.115276,3b2add5,4fb5475ebdaf
5e7b6582c877,2026-09-23T22:42:59+00:00,s3,wine,quantum_net,circuit_tamper,rx_half_pi,2.000000,4,,,,0.916667,0.750000,16.666667,0.212121,0.768254,0.768254,0.752077,0.106812,3b2add5,e2ea2f7b76bb
5e7dee531356,2026-09-23T22:42:59+00:00,s3,wine,quantum_net,circuit_tamper,rx_half_pi,4.000000,4,,,,0.916667,0.611111,30.555556,0.393939,0.604762,0.604762,0.609336,0.110567,3b2add5,ec9e8404f20e
be7ee5ee0076,2026-09-23T22:42:59+00:00,s3,wine,quantum_net,circuit_tamper,rx_half_pi,8.000000,4,,,,0.916667,0.222222,69.444444,0.787879,0.190476,0.190476,0.190476,0.145646,3b2add5,140d027ebdf5
ac3353d856c1,2026-09-23T22:42:59+00:00,s3,wine,quantum_net,circuit_tamper,rx_half_pi,16.000000,4,,,,0.916667,0.194444,72.222222,0.818182,0.176190,0.176190,0.168248,0.106779,3b2add5,7d0e3bf91a57
c8a815442b98,2026-09-23T22:43:13+00:00,s3,breast_cancer,quantum_net,shot_bias,forged_bitstring,0.000000,0,,,,0.912281,0.912281,0.000000,,0.920635,0.952381,0.888889,10.307336,3b2add5,89e9d477e021
daf6366a4813,2026-09-23T22:43:14+00:00,s3,breast_cancer,quantum_net,shot_bias,forged_bitstring,0.050000,0,,,,0.912281,0.885965,2.631579,0.096154,0.850198,0.714286,0.821918,0.275590,3b2add5,7411bbf03a1d
225d3b4c40b5,2026-09-23T22:43:14+00:00,s3,breast_cancer,quantum_net,shot_bias,forged_bitstring,0.100000,0,,,,0.912281,0.780702,13.157895,0.221154,0.702381,0.404762,0.576271,0.277898,3b2add5,45616105b5ae
b6f53cc44249,2026-09-23T22:43:14+00:00,s3,breast_cancer,quantum_net,shot_bias,forged_bitstring,0.200000,0,,,,0.912281,0.640351,27.192982,0.375000,0.511905,0.023810,0.046512,0.440597,3b2add5,80db9f1dc101
81ffdc4e528e,2026-09-23T22:43:15+00:00,s3,breast_cancer,quantum_net,shot_bias,forged_bitstring,0.300000,0,,,,0.912281,0.631579,28.070175,0.384615,0.500000,0.000000,0.000000,0.258528,3b2add5,6f7cf0ff7b38
4665aef6a80e,2026-09-23T22:43:15+00:00,s3,breast_cancer,quantum_net,shot_bias,forged_bitstring,0.400000,0,,,,0.912281,0.631579,28.070175,0.384615,0.500000,0.000000,0.000000,0.303839,3b2add5,9a4dba111945
08365e6d8bd6,2026-09-23T22:43:23+00:00,s3,breast_cancer,quantum_net,shot_bias,forged_bitstring,0.000000,1,,,,0.938596,0.938596,0.000000,,0.921627,0.857143,0.911392,9.463843,3b2add5,89e9d477e021
84d17ac79c7d,2026-09-23T22:43:24+00:00,s3,breast_cancer,quantum_net,shot_bias,forged_bitstring,0.050000,1,,,,0.938596,0.868421,7.017544,0.084112,0.821429,0.642857,0.782609,0.287002,3b2add5,7411bbf03a1d
e478f1f3b45a,2026-09-23T22:43:24+00:00,s3,breast_cancer,quantum_net,shot_bias,forged_bitstring,0.100000,1,,,,0.938596,0.719298,21.929825,0.242991,0.619048,0.238095,0.384615,0.265767,3b2add5,45616105b5ae
873cba733c4c,2026-09-23T22:43:24+00:00,s3,breast_cancer,quantum_net,shot_bias,forged_bitstring,0.200000,1,,,,0.938596,0.640351,29.824561,0.327103,0.511905,0.023810,0.046512,0.269043,3b2add5,80db9f1dc101
e0e6589b4d98,2026-09-23T22:43:25+00:00,s3,breast_cancer,quantum_net,shot_bias,forged_bitstring,0.300000,1,,,,0.938596,0.631579,30.701754,0.336449,0.500000,0.000000,0.000000,0.349550,3b2add5,6f7cf0ff7b38
802172ea78a7,2026-09-23T22:43:25+00:00,s3,breast_cancer,quantum_net,shot_bias,forged_bitstring,0.400000,1,,,,0.938596,0.631579,30.701754,0.336449,0.500000,0.000000,0.000000,0.751605,3b2add5,9a4dba111945
6bf060fb2852,2026-09-23T22:43:35+00:00,s3,breast_cancer,quantum_net,shot_bias,forged_bitstring,0.000000,2,,,,0.938596,0.938596,0.000000,,0.936508,0.928571,0.917647,9.778948,3b2add5,89e9d477e021
f92b2549205e,2026-09-23T22:43:35+00:00,s3,breast_cancer,quantum_net,shot_bias,forged_bitstring,0.050000,2,,,,0.938596,0.842105,9.649123,0.140187,0.785714,0.571429,0.727273,0.343513,3b2add5,7411bbf03a1d
1279b4ef18fc,2026-09-23T22:43:36+00:00,s3,breast_cancer,quantum_net,shot_bias,forged_bitstring,0.100000,2,,,,0.938596,0.675439,26.315789,0.317757,0.559524,0.119048,0.212766,0.276302,3b2add5,45616105b5ae
5a04156552c7,2026-09-23T22:43:36+00:00,s3,breast_cancer,quantum_net,shot_bias,forged_bitstring,0.200000,2,,,,0.938596,0.631579,30.701754,0.364486,0.500000,0.000000,0.000000,0.264477,3b2add5,80db9f1dc101
ff64d0ce719e,2026-09-23T22:43:36+00:00,s3,breast_cancer,quantum_net,shot_bias,forged_bitstring,0.300000,2,,,,0.938596,0.631579,30.701754,0.364486,0.500000,0.000000,0.000000,0.256489,3b2add5,6f7cf0ff7b38
c6b4f0a587a9,2026-09-23T22:43:36+00:00,s3,breast_cancer,quantum_net,shot_bias,forged_bitstring,0.400000,2,,,,0.938596,0.631579,30.701754,0.364486,0.500000,0.000000,0.000000,0.263591,3b2add5,9a4dba111945
2fb6db3e8554,2026-09-23T22:43:46+00:00,s3,breast_cancer,quantum_net,shot_bias,forged_bitstring,0.000000,3,,,,0.912281,0.912281,0.000000,,0.890873,0.809524,0.871795,9.146111,3b2add5,89e9d477e021
b9994c9e4708,2026-09-23T22:43:46+00:00,s3,breast_cancer,quantum_net,shot_bias,forged_bitstring,0.050000,3,,,,0.912281,0.815789,9.649123,0.115385,0.754960,0.523810,0.676923,0.279734,3b2add5,7411bbf03a1d
64399ff170e1,2026-09-23T22:43:46+00:00,s3,breast_cancer,quantum_net,shot_bias,forged_bitstring,0.100000,3,,,,0.912281,0.754386,15.789474,0.182692,0.671627,0.357143,0.517241,0.286094,3b2add5,45616105b5ae
af2013dd87f9,2026-09-23T22:43:47+00:00,s3,breast_cancer,quantum_net,shot_bias,forged_bitstring,0.200000,3,,,,0.912281,0.657895,25.438596,0.298077,0.535714,0.071429,0.133333,0.349328,3b2add5,80db9f1dc101
5b0489108abf,2026-09-23T22:43:47+00:00,s3,breast_cancer,quantum_net,shot_bias,forged_bitstring,0.300000,3,,,,0.912281,0.631579,28.070175,0.326923,0.500000,0.000000,0.000000,0.258547,3b2add5,6f7cf0ff7b38
e4dfd18b13a4,2026-09-23T22:43:47+00:00,s3,breast_cancer,quantum_net,shot_bias,forged_bitstring,0.400000,3,,,,0.912281,0.631579,28.070175,0.326923,0.500000,0.000000,0.000000,0.234874,3b2add5,9a4dba111945
386e9f98fc84,2026-09-23T22:43:55+00:00,s3,breast_cancer,quantum_net,shot_bias,forged_bitstring,0.000000,4,,,,0.912281,0.912281,0.000000,,0.895833,0.833333,0.875000,9.381627,3b2add5,89e9d477e021
530a24aa015e,2026-09-23T22:43:56+00:00,s3,breast_cancer,quantum_net,shot_bias,forged_bitstring,0.050000,4,,,,0.912281,0.877193,3.508772,0.067308,0.833333,0.666667,0.800000,0.256393,3b2add5,7411bbf03a1d
988d81b2f123,2026-09-23T22:43:56+00:00,s3,breast_cancer,quantum_net,shot_bias,forged_bitstring,0.100000,4,,,,0.912281,0.745614,16.666667,0.211538,0.654762,0.309524,0.472727,0.277774,3b2add5,45616105b5ae
1af7366e87a7,2026-09-23T22:43:56+00:00,s3,breast_cancer,quantum_net,shot_bias,forged_bitstring,0.200000,4,,,,0.912281,0.649123,26.315789,0.317308,0.523810,0.047619,0.090909,0.548027,3b2add5,80db9f1dc101
8739f6097d02,2026-09-23T22:43:57+00:00,s3,breast_cancer,quantum_net,shot_bias,forged_bitstring,0.300000,4,,,,0.912281,0.631579,28.070175,0.336538,0.500000,0.000000,0.000000,0.314835,3b2add5,6f7cf0ff7b38
8e02e72fc3f8,2026-09-23T22:43:57+00:00,s3,breast_cancer,quantum_net,shot_bias,forged_bitstring,0.400000,4,,,,0.912281,0.631579,28.070175,0.336538,0.500000,0.000000,0.000000,0.240396,3b2add5,9a4dba111945
c4b6e9210a84,2026-09-23T22:44:00+00:00,s3,wine,quantum_net,shot_bias,forged_bitstring,0.000000,0,,,,0.944444,0.944444,0.000000,,0.948413,0.948413,0.948413,2.669611,3b2add5,e53dddb2b35a
ed29ffbb568a,2026-09-23T22:44:00+00:00,s3,wine,quantum_net,shot_bias,forged_bitstring,0.050000,0,,,,0.944444,0.972222,-2.777778,0.000000,0.976190,0.976190,0.974321,0.094238,3b2add5,6a7ca5d27f52
7084781c8f33,2026-09-23T22:44:00+00:00,s3,wine,quantum_net,shot_bias,forged_bitstring,0.100000,0,,,,0.944444,0.888889,5.555556,0.088235,0.904762,0.904762,0.896825,0.101686,3b2add5,2dc40b027937
a2535b6cb259,2026-09-23T22:44:00+00:00,s3,wine,quantum_net,shot_bias,forged_bitstring,0.200000,0,,,,0.944444,0.638889,30.555556,0.352941,0.680952,0.680952,0.616443,0.120287,3b2add5,9e84ab23f597
06d536955d36,2026-09-23T22:44:00+00:00,s3,wine,quantum_net,shot_bias,forged_bitstring,0.300000,0,,,,0.944444,0.500000,44.444444,0.500000,0.533333,0.533333,0.460526,0.103022,3b2add5,585936e78ce2
f50b0bad8aaa,2026-09-23T22:44:00+00:00,s3,wine,quantum_net,shot_bias,forged_bitstring,0.400000,0,,,,0.944444,0.333333,61.111111,0.676471,0.333333,0.333333,0.190476,0.094045,3b2add5,0992982d5113
95183d66036a,2026-09-23T22:44:03+00:00,s3,wine,quantum_net,shot_bias,forged_bitstring,0.000000,1,,,,0.916667,0.916667,0.000000,,0.915079,0.915079,0.920196,3.161206,3b2add5,e53dddb2b35a
5186fbfeecc8,2026-09-23T22:44:04+00:00,s3,wine,quantum_net,shot_bias,forged_bitstring,0.050000,1,,,,0.916667,0.861111,5.555556,0.090909,0.871429,0.871429,0.868170,0.282125,3b2add5,6a7ca5d27f52
1d4bc9785b12,2026-09-23T22:44:04+00:00,s3,wine,quantum_net,shot_bias,forged_bitstring,0.100000,1,,,,0.916667,0.777778,13.888889,0.181818,0.800000,0.800000,0.785975,0.228557,3b2add5,2dc40b027937
e9e2ef3847d1,2026-09-23T22:44:04+00:00,s3,wine,quantum_net,shot_bias,forged_bitstring,0.200000,1,,,,0.916667,0.527778,38.888889,0.454545,0.566667,0.566667,0.479638,0.163086,3b2add5,9e84ab23f597
e3d4fe5e5fea,2026-09-23T22:44:04+00:00,s3,wine,quantum_net,shot_bias,forged_bitstring,0.300000,1,,,,0.916667,0.361111,55.555556,0.636364,0.366667,0.366667,0.242424,0.116230,3b2add5,585936e78ce2
41a148716ea0,2026-09-23T22:44:04+00:00,s3,wine,quantum_net,shot_bias,forged_bitstring,0.400000,1,,,,0.916667,0.333333,58.333333,0.666667,0.333333,0.333333,0.166667,0.107893,3b2add5,0992982d5113
73a789616c30,2026-09-23T22:44:07+00:00,s3,wine,quantum_net,shot_bias,forged_bitstring,0.000000,2,,,,0.944444,0.944444,0.000000,,0.948413,0.948413,0.948413,2.951788,3b2add5,e53dddb2b35a
638b63e47b8e,2026-09-23T22:44:07+00:00,s3,wine,quantum_net,shot_bias,forged_bitstring,0.050000,2,,,,0.944444,0.888889,5.555556,0.058824,0.891270,0.891270,0.894837,0.104398,3b2add5,6a7ca5d27f52
25eb89c4f112,2026-09-23T22:44:07+00:00,s3,wine,quantum_net,shot_bias,forged_bitstring,0.100000,2,,,,0.944444,0.833333,11.111111,0.147059,0.847619,0.847619,0.841652,0.107930,3b2add5,2dc40b027937
7a45f67d3086,2026-09-23T22:44:08+00:00,s3,wine,quantum_net,shot_bias,forged_bitstring,0.200000,2,,,,0.944444,0.583333,36.111111,0.411765,0.604762,0.604762,0.573810,0.097189,3b2add5,9e84ab23f597
11c05881084a,2026-09-23T22:44:08+00:00,s3,wine,quantum_net,shot_bias,forged_bitstring,0.300000,2,,,,0.944444,0.388889,55.555556,0.617647,0.390476,0.390476,0.292352,0.090977,3b2add5,585936e78ce2
436077e09738,2026-09-23T22:44:08+00:00,s3,wine,quantum_net,shot_bias,forged_bitstring,0.400000,2,,,,0.944444,0.333333,61.111111,0.676471,0.333333,0.333333,0.173913,0.095559,3b2add5,0992982d5113
a7557ad9ee50,2026-09-23T22:44:11+00:00,s3,wine,quantum_net,shot_bias,forged_bitstring,0.000000,3,,,,0.972222,0.972222,0.000000,,0.972222,0.972222,0.974013,2.809760,3b2add5,e53dddb2b35a
1f0045f1e335,2026-09-23T22:44:11+00:00,s3,wine,quantum_net,shot_bias,forged_bitstring,0.050000,3,,,,0.972222,1.000000,-2.777778,0.000000,1.000000,1.000000,1.000000,0.158727,3b2add5,6a7ca5d27f52
b5f375983baf,2026-09-23T22:44:11+00:00,s3,wine,quantum_net,shot_bias,forged_bitstring,0.100000,3,,,,0.972222,1.000000,-2.777778,0.000000,1.000000,1.000000,1.000000,0.103032,3b2add5,2dc40b027937
5cfd5b390b0b,2026-09-23T22:44:11+00:00,s3,wine,quantum_net,shot_bias,forged_bitstring,0.200000,3,,,,0.972222,0.722222,25.000000,0.285714,0.733333,0.733333,0.727019,0.094444,3b2add5,9e84ab23f597
1ddffc62cf4c,2026-09-23T22:44:11+00:00,s3,wine,quantum_net,shot_bias,forged_bitstring,0.300000,3,,,,0.972222,0.500000,47.222222,0.514286,0.523810,0.523810,0.461438,0.095166,3b2add5,585936e78ce2
d3abf1da1b76,2026-09-23T22:44:11+00:00,s3,wine,quantum_net,shot_bias,forged_bitstring,0.400000,3,,,,0.972222,0.333333,63.888889,0.685714,0.333333,0.333333,0.177778,0.144007,3b2add5,0992982d5113
d60c7e8b18ee,2026-09-23T22:44:14+00:00,s3,wine,quantum_net,shot_bias,forged_bitstring,0.000000,4,,,,0.916667,0.916667,0.000000,,0.924603,0.924603,0.919312,3.039780,3b2add5,e53dddb2b35a
ab8f90acd0c4,2026-09-23T22:44:14+00:00,s3,wine,quantum_net,shot_bias,forged_bitstring,0.050000,4,,,,0.916667,0.944444,-2.777778,0.000000,0.952381,0.952381,0.945153,0.137350,3b2add5,6a7ca5d27f52
d838cd0d549f,2026-09-23T22:44:14+00:00,s3,wine,quantum_net,shot_bias,forged_bitstring,0.100000,4,,,,0.916667,0.833333,8.333333,0.121212,0.857143,0.857143,0.835747,0.121259,3b2add5,2dc40b027937
2229ccc7ffcb,2026-09-23T22:44:15+00:00,s3,wine,quantum_net,shot_bias,forged_bitstring,0.200000,4,,,,0.916667,0.638889,27.777778,0.333333,0.690476,0.690476,0.593994,0.098100,3b2add5,9e84ab23f597
1360e97c357d,2026-09-23T22:44:15+00:00,s3,wine,quantum_net,shot_bias,forged_bitstring,0.300000,4,,,,0.916667,0.555556,36.111111,0.424242,0.600000,0.600000,0.501425,0.122865,3b2add5,585936e78ce2
881b88315684,2026-09-23T22:44:15+00:00,s3,wine,quantum_net,shot_bias,forged_bitstring,0.400000,4,,,,0.916667,0.388889,52.777778,0.606061,0.400000,0.400000,0.285024,0.100047,3b2add5,0992982d5113
6f40ffc93e38,2026-09-23T22:44:31+00:00,s3,breast_cancer,quantum_net,noise,depolarizing_readout,0.000000,0,,,,0.912281,0.912281,0.000000,,0.920635,0.952381,0.888889,13.312627,3b2add5,18d07b95e591
6fbb9421087f,2026-09-23T22:44:33+00:00,s3,breast_cancer,quantum_net,noise,depolarizing_readout,0.005000,0,,,,0.912281,0.929825,-1.754386,0.028846,0.924603,0.904762,0.904762,2.298288,3b2add5,6b759e8d6ec5
701b909feb4e,2026-09-23T22:44:35+00:00,s3,breast_cancer,quantum_net,noise,depolarizing_readout,0.010000,0,,,,0.912281,0.921053,-0.877193,0.038462,0.917659,0.904762,0.894118,1.283154,3b2add5,1a106a19bcc1
47af9820edc3,2026-09-23T22:44:36+00:00,s3,breast_cancer,quantum_net,noise,depolarizing_readout,0.020000,0,,,,0.912281,0.912281,0.000000,0.048077,0.910714,0.904762,0.883721,1.553731,3b2add5,ca1d1f99c1fe
c12c9c605fd0,2026-09-23T22:44:37+00:00,s3,breast_cancer,quantum_net,noise,depolarizing_readout,0.050000,0,,,,0.912281,0.842105,7.017544,0.125000,0.860119,0.928571,0.812500,1.102468,3b2add5,7c437680dc8d
896a37b22af7,2026-09-23T22:44:38+00:00,s3,breast_cancer,quantum_net,noise,depolarizing_readout,0.100000,0,,,,0.912281,0.736842,17.543860,0.240385,0.786706,0.976190,0.732143,1.233078,3b2add5,da9cf6d1dc37
37e92bd16151,2026-09-23T22:44:48+00:00,s3,breast_cancer,quantum_net,noise,depolarizing_readout,0.000000,1,,,,0.938596,0.938596,0.000000,,0.921627,0.857143,0.911392,9.851625,3b2add5,18d07b95e591
3ee34b0ac46d,2026-09-23T22:44:49+00:00,s3,breast_cancer,quantum_net,noise,depolarizing_readout,0.005000,1,,,,0.938596,0.956140,-1.754386,0.028037,0.950397,0.928571,0.939759,1.070588,3b2add5,6b759e8d6ec5
1be30cc2f9dc,2026-09-23T22:44:50+00:00,s3,breast_cancer,quantum_net,noise,depolarizing_readout,0.010000,1,,,,0.938596,0.929825,0.877193,0.037383,0.914683,0.857143,0.900000,1.074272,3b2add5,1a106a19bcc1
f26e53666207,2026-09-23T22:44:52+00:00,s3,breast_cancer,quantum_net,noise,depolarizing_readout,0.020000,1,,,,0.938596,0.929825,0.877193,0.046729,0.929563,0.928571,0.906977,1.401795,3b2add5,ca1d1f99c1fe
7bfb99497e48,2026-09-23T22:44:52+00:00,s3,breast_cancer,quantum_net,noise,depolarizing_readout,0.050000,1,,,,0.938596,0.921053,1.754386,0.065421,0.927579,0.952381,0.898876,1.500633,3b2add5,7c437680dc8d
08c247c159ae,2026-09-23T22:44:53+00:00,s3,breast_cancer,quantum_net,noise,depolarizing_readout,0.100000,1,,,,0.938596,0.789474,14.912281,0.205607,0.813492,0.904762,0.760000,1.040370,3b2add5,da9cf6d1dc37
b5bedbcbc199,2026-09-23T22:45:04+00:00,s3,breast_cancer,quantum_net,noise,depolarizing_readout,0.000000,2,,,,0.938596,0.938596,0.000000,,0.936508,0.928571,0.917647,10.924005,3b2add5,18d07b95e591
a396f7e54a40,2026-09-23T22:45:05+00:00,s3,breast_cancer,quantum_net,noise,depolarizing_readout,0.005000,2,,,,0.938596,0.903509,3.508772,0.046729,0.898810,0.880952,0.870588,1.091012,3b2add5,6b759e8d6ec5
55627a57340d,2026-09-23T22:45:06+00:00,s3,breast_cancer,quantum_net,noise,depolarizing_readout,0.010000,2,,,,0.938596,0.894737,4.385965,0.056075,0.891865,0.880952,0.860465,1.136647,3b2add5,1a106a19bcc1
1aad0f9c1f76,2026-09-23T22:45:08+00:00,s3,breast_cancer,quantum_net,noise,depolarizing_readout,0.020000,2,,,,0.938596,0.877193,6.140351,0.074766,0.877976,0.880952,0.840909,1.071734,3b2add5,ca1d1f99c1fe
4506e7f575d2,2026-09-23T22:45:09+00:00,s3,breast_cancer,quantum_net,noise,depolarizing_readout,0.050000,2,,,,0.938596,0.807018,13.157895,0.158879,0.817460,0.857143,0.765957,1.222020,3b2add5,7c437680dc8d
dac6e8ceb459,2026-09-23T22:45:10+00:00,s3,breast_cancer,quantum_net,noise,depolarizing_readout,0.100000,2,,,,0.938596,0.710526,22.807018,0.261682,0.750992,0.904762,0.697248,1.573258,3b2add5,da9cf6d1dc37
bf8a7dc73a5b,2026-09-23T22:45:20+00:00,s3,breast_cancer,quantum_net,noise,depolarizing_readout,0.000000,3,,,,0.912281,0.912281,0.000000,,0.890873,0.809524,0.871795,9.450976,3b2add5,18d07b95e591
e3b880734e9d,2026-09-23T22:45:21+00:00,s3,breast_cancer,quantum_net,noise,depolarizing_readout,0.005000,3,,,,0.912281,0.929825,-1.754386,0.028846,0.919643,0.880952,0.902439,1.347812,3b2add5,6b759e8d6ec5
039f61a6ed0a,2026-09-23T22:45:23+00:00,s3,breast_cancer,quantum_net,noise,depolarizing_readout,0.010000,3,,,,0.912281,0.938596,-2.631579,0.028846,0.931548,0.904762,0.915663,1.505781,3b2add5,1a106a19bcc1
ef1390703b4b,2026-09-23T22:45:23+00:00,s3,breast_cancer,quantum_net,noise,depolarizing_readout,0.020000,3,,,,0.912281,0.938596,-2.631579,0.028846,0.931548,0.904762,0.915663,1.156409,3b2add5,ca1d1f99c1fe
e06ae9ab27ba,2026-09-23T22:45:24+00:00,s3,breast_cancer,quantum_net,noise,depolarizing_readout,0.050000,3,,,,0.912281,0.903509,0.877193,0.096154,0.913690,0.952381,0.879121,1.289036,3b2add5,7c437680dc8d
0c3d6baf9811,2026-09-23T22:45:25+00:00,s3,breast_cancer,quantum_net,noise,depolarizing_readout,0.100000,3,,,,0.912281,0.754386,15.789474,0.250000,0.805556,1.000000,0.750000,1.043994,3b2add5,da9cf6d1dc37
ab3dfac69fdd,2026-09-23T22:45:34+00:00,s3,breast_cancer,quantum_net,noise,depolarizing_readout,0.000000,4,,,,0.912281,0.912281,0.000000,,0.895833,0.833333,0.875000,9.365791,3b2add5,18d07b95e591
eaffd769ead9,2026-09-23T22:45:36+00:00,s3,breast_cancer,quantum_net,noise,depolarizing_readout,0.005000,4,,,,0.912281,0.885965,2.631579,0.048077,0.865079,0.785714,0.835443,1.090637,3b2add5,6b759e8d6ec5
831329f40afb,2026-09-23T22:45:37+00:00,s3,breast_cancer,quantum_net,noise,depolarizing_readout,0.010000,4,,,,0.912281,0.894737,1.754386,0.048077,0.872024,0.785714,0.846154,1.074400,3b2add5,1a106a19bcc1
2b8233b3ad97,2026-09-23T22:45:38+00:00,s3,breast_cancer,quantum_net,noise,depolarizing_readout,0.020000,4,,,,0.912281,0.894737,1.754386,0.038462,0.886905,0.857143,0.857143,1.052500,3b2add5,ca1d1f99c1fe
75654967dce5,2026-09-23T22:45:39+00:00,s3,breast_cancer,quantum_net,noise,depolarizing_readout,0.050000,4,,,,0.912281,0.833333,7.894737,0.096154,0.828373,0.809524,0.781609,1.347872,3b2add5,7c437680dc8d
05bfeaa90e26,2026-09-23T22:45:40+00:00,s3,breast_cancer,quantum_net,noise,depolarizing_readout,0.100000,4,,,,0.912281,0.763158,14.912281,0.211538,0.797619,0.928571,0.742857,1.460243,3b2add5,da9cf6d1dc37
07bdb2014c7a,2026-09-23T22:45:43+00:00,s3,wine,quantum_net,noise,depolarizing_readout,0.000000,0,,,,0.944444,0.944444,0.000000,,0.948413,0.948413,0.948413,2.985229,3b2add5,a576476f496d
d57ec20a1286,2026-09-23T22:45:44+00:00,s3,wine,quantum_net,noise,depolarizing_readout,0.005000,0,,,,0.944444,0.972222,-2.777778,0.000000,0.976190,0.976190,0.974321,0.315342,3b2add5,85f7117ad195
4243a82e0615,2026-09-23T22:45:44+00:00,s3,wine,quantum_net,noise,depolarizing_readout,0.010000,0,,,,0.944444,0.972222,-2.777778,0.000000,0.976190,0.976190,0.974321,0.337147,3b2add5,e4073f5f60eb
b655f6d30083,2026-09-23T22:45:44+00:00,s3,wine,quantum_net,noise,depolarizing_readout,0.020000,0,,,,0.944444,0.944444,0.000000,0.029412,0.948413,0.948413,0.948413,0.327593,3b2add5,829773d6f075
a265e4ebd715,2026-09-23T22:45:45+00:00,s3,wine,quantum_net,noise,depolarizing_readout,0.050000,0,,,,0.944444,0.888889,5.555556,0.058824,0.892857,0.892857,0.894949,0.330380,3b2add5,e19adf8431a2
1dd0f07c9281,2026-09-23T22:45:45+00:00,s3,wine,quantum_net,noise,depolarizing_readout,0.100000,0,,,,0.944444,0.638889,30.555556,0.352941,0.627778,0.627778,0.575221,0.347028,3b2add5,e528fddf838f
606230939839,2026-09-23T22:45:48+00:00,s3,wine,quantum_net,noise,depolarizing_readout,0.000000,1,,,,0.916667,0.916667,0.000000,,0.915079,0.915079,0.920196,2.951980,3b2add5,a576476f496d
7761bb67f97f,2026-09-23T22:45:49+00:00,s3,wine,quantum_net,noise,depolarizing_readout,0.005000,1,,,,0.916667,0.944444,-2.777778,0.000000,0.938889,0.938889,0.945741,0.432204,3b2add5,85f7117ad195
de8c7270866c,2026-09-23T22:45:49+00:00,s3,wine,quantum_net,noise,depolarizing_readout,0.010000,1,,,,0.916667,0.944444,-2.777778,0.000000,0.938889,0.938889,0.945741,0.542664,3b2add5,e4073f5f60eb
865e0b45400b,2026-09-23T22:45:49+00:00,s3,wine,quantum_net,noise,depolarizing_readout,0.020000,1,,,,0.916667,0.944444,-2.777778,0.000000,0.938889,0.938889,0.945741,0.375426,3b2add5,829773d6f075
1a78818d5fad,2026-09-23T22:45:50+00:00,s3,wine,quantum_net,noise,depolarizing_readout,0.050000,1,,,,0.916667,0.916667,0.000000,0.030303,0.911111,0.911111,0.919895,0.324889,3b2add5,e19adf8431a2
4067baf4606f,2026-09-23T22:45:50+00:00,s3,wine,quantum_net,noise,depolarizing_readout,0.100000,1,,,,0.916667,0.611111,30.555556,0.363636,0.561111,0.561111,0.528442,0.338821,3b2add5,e528fddf838f
4b24f8ec4227,2026-09-23T22:45:53+00:00,s3,wine,quantum_net,noise,depolarizing_readout,0.000000,2,,,,0.944444,0.944444,0.000000,,0.948413,0.948413,0.948413,2.918913,3b2add5,a576476f496d
e4a2987c63ec,2026-09-23T22:45:53+00:00,s3,wine,quantum_net,noise,depolarizing_readout,0.005000,2,,,,0.944444,0.916667,2.777778,0.029412,0.915079,0.915079,0.920196,0.343981,3b2add5,85f7117ad195
93755444852d,2026-09-23T22:45:54+00:00,s3,wine,quantum_net,noise,depolarizing_readout,0.010000,2,,,,0.944444,0.916667,2.777778,0.029412,0.915079,0.915079,0.920196,0.505832,3b2add5,e4073f5f60eb
f98c7fd77885,2026-09-23T22:45:53+00:00,s3,wine,quantum_net,noise,depolarizing_readout,0.020000,2,,,,0.944444,0.916667,2.777778,0.029412,0.915079,0.915079,0.920196,0.345122,3b2add5,829773d6f075
2fc26ee99054,2026-09-23T22:45:53+00:00,s3,wine,quantum_net,noise,depolarizing_readout,0.050000,2,,,,0.944444,0.833333,11.111111,0.147059,0.822222,0.822222,0.837473,0.320858,3b2add5,e19adf8431a2
77d186b2f6cb,2026-09-23T22:45:54+00:00,s3,wine,quantum_net,noise,depolarizing_readout,0.100000,2,,,,0.944444,0.472222,47.222222,0.529412,0.427778,0.427778,0.360975,0.323656,3b2add5,e528fddf838f
ad19f43e632c,2026-09-23T22:45:56+00:00,s3,wine,quantum_net,noise,depolarizing_readout,0.000000,3,,,,0.972222,0.972222,0.000000,,0.972222,0.972222,0.974013,2.534031,3b2add5,a576476f496d
950fc30ee8f2,2026-09-23T22:45:57+00:00,s3,wine,quantum_net,noise,depolarizing_readout,0.005000,3,,,,0.972222,0.972222,0.000000,0.000000,0.972222,0.972222,0.974013,0.316165,3b2add5,85f7117ad195
2fb48f8961d2,2026-09-23T22:45:57+00:00,s3,wine,quantum_net,noise,depolarizing_readout,0.010000,3,,,,0.972222,0.972222,0.000000,0.000000,0.972222,0.972222,0.974013,0.371865,3b2add5,e4073f5f60eb
e9fafa425c88,2026-09-23T22:45:57+00:00,s3,wine,quantum_net,noise,depolarizing_readout,0.020000,3,,,,0.972222,0.944444,2.777778,0.028571,0.944444,0.944444,0.947475,0.393431,3b2add5,829773d6f075
b7be873e0dd3,2026-09-23T22:45:58+00:00,s3,wine,quantum_net,noise,depolarizing_readout,0.050000,3,,,,0.972222,0.888889,8.333333,0.085714,0.888889,0.888889,0.891667,0.510710,3b2add5,e19adf8431a2
78c0f0801c2b,2026-09-23T22:45:58+00:00,s3,wine,quantum_net,noise,depolarizing_readout,0.100000,3,,,,0.972222,0.611111,36.111111,0.371429,0.600000,0.600000,0.518519,0.311122,3b2add5,e528fddf838f
94af7b628705,2026-09-23T22:46:01+00:00,s3,wine,quantum_net,noise,depolarizing_readout,0.000000,4,,,,0.916667,0.916667,0.000000,,0.924603,0.924603,0.919312,2.862641,3b2add5,a576476f496d
631c19f74984,2026-09-23T22:46:02+00:00,s3,wine,quantum_net,noise,depolarizing_readout,0.005000,4,,,,0.916667,0.916667,0.000000,0.000000,0.924603,0.924603,0.919312,0.685960,3b2add5,85f7117ad195
0d197cf43592,2026-09-23T22:46:02+00:00,s3,wine,quantum_net,noise,depolarizing_readout,0.010000,4,,,,0.916667,0.916667,0.000000,0.000000,0.924603,0.924603,0.919312,0.563129,3b2add5,e4073f5f60eb
5626af960d0b,2026-09-23T22:46:03+00:00,s3,wine,quantum_net,noise,depolarizing_readout,0.020000,4,,,,0.916667,0.944444,-2.777778,0.000000,0.948413,0.948413,0.948413,0.394531,3b2add5,829773d6f075
f12f5a7ff730,2026-09-23T22:46:03+00:00,s3,wine,quantum_net,noise,depolarizing_readout,0.050000,4,,,,0.916667,0.888889,2.777778,0.060606,0.881746,0.881746,0.890741,0.442303,3b2add5,e19adf8431a2
bdbf701eb644,2026-09-23T22:46:04+00:00,s3,wine,quantum_net,noise,depolarizing_readout,0.100000,4,,,,0.916667,0.694444,22.222222,0.272727,0.665079,0.665079,0.678679,0.396576,3b2add5,e528fddf838f
afcf592c7668,2026-09-25T03:12:49+00:00,s1,breast_cancer,logistic_regression,poisoning,targeted,0.000000,0,,,,0.973684,0.973684,0.000000,0.047619,0.969246,0.952381,0.963855,0.045754,f002bf1,e832e5c1a345
7781d86d7089,2026-09-25T03:12:49+00:00,s1,breast_cancer,logistic_regression,poisoning,targeted,0.000000,1,,,,0.982456,0.982456,0.000000,0.023810,0.981151,0.976190,0.976190,0.059339,f002bf1,e832e5c1a345
71c746d60f88,2026-09-25T03:12:49+00:00,s2,breast_cancer,logistic_regression,byzantine,backdoor,0.000000,0,10,iid,30,0.973684,0.973684,0.000000,0.000000,0.969246,0.952381,0.963855,0.132159,f002bf1,12f495232fc7
acd0a3e303a0,2026-09-25T03:12:49+00:00,s1,breast_cancer,logistic_regression,poisoning,targeted,0.000000,2,,,,0.964912,0.964912,0.000000,0.047619,0.962302,0.952381,0.952381,0.053345,f002bf1,e832e5c1a345
61a1cd3c49de,2026-09-25T03:12:49+00:00,s1,breast_cancer,logistic_regression,poisoning,targeted,0.000000,3,,,,0.991228,0.991228,0.000000,0.023810,0.988095,0.976190,0.987952,0.041091,f002bf1,e832e5c1a345
d216f45be44c,2026-09-25T03:12:49+00:00,s2,breast_cancer,logistic_regression,byzantine,backdoor,0.000000,1,10,iid,30,0.982456,0.982456,0.000000,0.000000,0.981151,0.976190,0.976190,0.101479,f002bf1,12f495232fc7
de36c6bc5969,2026-09-25T03:12:49+00:00,s2,breast_cancer,logistic_regression,byzantine,targeted_flip,0.000000,0,10,iid,30,0.973684,0.973684,0.000000,0.047619,0.969246,0.952381,0.963855,0.123854,f002bf1,0495bf1f6f5b
f64ae7478d79,2026-09-25T03:12:49+00:00,s1,breast_cancer,logistic_regression,poisoning,targeted,0.000000,4,,,,0.938596,0.938596,0.000000,0.166667,0.916667,0.833333,0.909091,0.059814,f002bf1,e832e5c1a345
e0779afa832e,2026-09-25T03:12:49+00:00,s1,breast_cancer,logistic_regression,poisoning,targeted,0.050000,0,,,,0.973684,0.947368,2.631579,0.119048,0.933532,0.880952,0.925000,0.066805,f002bf1,961deccb27ed
b7b6cb632cb8,2026-09-25T03:12:49+00:00,s2,breast_cancer,logistic_regression,byzantine,targeted_flip,0.000000,1,10,iid,30,0.982456,0.982456,0.000000,0.023810,0.981151,0.976190,0.976190,0.094393,f002bf1,0495bf1f6f5b
afca789fa88e,2026-09-25T03:12:49+00:00,s2,breast_cancer,logistic_regression,byzantine,backdoor,0.000000,2,10,iid,30,0.964912,0.964912,0.000000,0.000000,0.962302,0.952381,0.952381,0.110732,f002bf1,12f495232fc7
1858c69f9d83,2026-09-25T03:12:49+00:00,s1,breast_cancer,logistic_regression,inversion,zeroth_order,0.000000,0,,,,0.973684,0.973684,0.000000,,0.969246,0.952381,0.963855,0.057312,f002bf1,6108a6268df3
d600a795acdf,2026-09-25T03:12:49+00:00,s1,breast_cancer,logistic_regression,poisoning,targeted,0.050000,1,,,,0.982456,0.956140,2.631579,0.095238,0.945437,0.904762,0.938272,0.047167,f002bf1,961deccb27ed
69830ef3c60f,2026-09-25T03:12:49+00:00,s1,breast_cancer,logistic_regression,membership,confidence_threshold,0.000000,0,,,,0.973684,0.973684,0.000000,,0.969246,0.952381,0.963855,0.064916,f002bf1,c36c807ce45f
929e10e8c2cb,2026-09-25T03:12:49+00:00,s1,breast_cancer,logistic_regression,inversion,zeroth_order,0.000000,1,,,,0.982456,0.982456,0.000000,,0.981151,0.976190,0.976190,0.041067,f002bf1,6108a6268df3
397b8ea849fd,2026-09-25T03:12:49+00:00,s2,breast_cancer,logistic_regression,byzantine,targeted_flip,0.000000,2,10,iid,30,0.964912,0.964912,0.000000,0.047619,0.962302,0.952381,0.952381,0.086824,f002bf1,0495bf1f6f5b
3da252b03d7c,2026-09-25T03:12:49+00:00,s1,breast_cancer,logistic_regression,backdoor,trigger,0.000000,0,,,,0.973684,0.973684,0.000000,0.000000,0.969246,0.952381,0.963855,0.073256,f002bf1,e80387c7d887
625017e27046,2026-09-25T03:12:49+00:00,s1,breast_cancer,logistic_regression,poisoning,targeted,0.050000,2,,,,0.964912,0.938596,2.631579,0.142857,0.921627,0.857143,0.911392,0.064403,f002bf1,961deccb27ed
c074c6d262cc,2026-09-25T03:12:49+00:00,s2,breast_cancer,logistic_regression,byzantine,backdoor,0.000000,3,10,iid,30,0.991228,0.991228,0.000000,0.000000,0.988095,0.976190,0.987952,0.099430,f002bf1,12f495232fc7
64fddfe91bbc,2026-09-25T03:12:49+00:00,s1,breast_cancer,logistic_regression,membership,confidence_threshold,0.000000,1,,,,0.982456,0.982456,0.000000,,0.981151,0.976190,0.976190,0.047910,f002bf1,c36c807ce45f
3af34c498fcc,2026-09-25T03:12:49+00:00,s1,breast_cancer,logistic_regression,backdoor,trigger,0.000000,1,,,,0.982456,0.982456,0.000000,0.000000,0.981151,0.976190,0.976190,0.051571,f002bf1,e80387c7d887
201728f55186,2026-09-25T03:12:49+00:00,s1,breast_cancer,logistic_regression,inversion,zeroth_order,0.000000,2,,,,0.964912,0.964912,0.000000,,0.962302,0.952381,0.952381,0.057333,f002bf1,6108a6268df3
dc2ea67eb9a6,2026-09-25T03:12:49+00:00,s1,breast_cancer,logistic_regression,membership,confidence_threshold,0.000000,2,,,,0.964912,0.964912,0.000000,,0.962302,0.952381,0.952381,0.038019,f002bf1,c36c807ce45f
d7e6eb16d525,2026-09-25T03:12:49+00:00,s1,breast_cancer,logistic_regression,poisoning,targeted,0.050000,3,,,,0.991228,0.973684,1.754386,0.071429,0.964286,0.928571,0.962963,0.068813,f002bf1,961deccb27ed
2d739081f11e,2026-09-25T03:12:49+00:00,s2,breast_cancer,logistic_regression,byzantine,targeted_flip,0.000000,3,10,iid,30,0.991228,0.991228,0.000000,0.023810,0.988095,0.976190,0.987952,0.094539,f002bf1,0495bf1f6f5b
4ea4532e6116,2026-09-25T03:12:49+00:00,s1,breast_cancer,logistic_regression,inversion,zeroth_order,0.000000,3,,,,0.991228,0.991228,0.000000,,0.988095,0.976190,0.987952,0.037133,f002bf1,6108a6268df3
bcdf8421a703,2026-09-25T03:12:49+00:00,s1,breast_cancer,logistic_regression,backdoor,trigger,0.000000,2,,,,0.964912,0.964912,0.000000,0.000000,0.962302,0.952381,0.952381,0.040183,f002bf1,e80387c7d887
8c0cdf501d16,2026-09-25T03:12:49+00:00,s1,breast_cancer,logistic_regression,membership,confidence_threshold,0.000000,3,,,,0.991228,0.991228,0.000000,,0.988095,0.976190,0.987952,0.042678,f002bf1,c36c807ce45f
53cf6fe0ed29,2026-09-25T03:12:49+00:00,s2,breast_cancer,logistic_regression,byzantine,backdoor,0.000000,4,10,iid,30,0.956140,0.956140,0.000000,0.000000,0.945437,0.904762,0.938272,0.100411,f002bf1,12f495232fc7
e4c2a8add4c1,2026-09-25T03:12:49+00:00,s1,breast_cancer,logistic_regression,poisoning,targeted,0.050000,4,,,,0.938596,0.938596,0.000000,0.166667,0.916667,0.833333,0.909091,0.046915,f002bf1,961deccb27ed
31ff939da1ff,2026-09-25T03:12:49+00:00,s1,breast_cancer,logistic_regression,inversion,zeroth_order,0.000000,4,,,,0.938596,0.938596,0.000000,,0.916667,0.833333,0.909091,0.047742,f002bf1,6108a6268df3
e7b037efec09,2026-09-25T03:12:49+00:00,s1,breast_cancer,logistic_regression,backdoor,trigger,0.000000,3,,,,0.991228,0.991228,0.000000,0.000000,0.988095,0.976190,0.987952,0.040812,f002bf1,e80387c7d887
be9f3e6ad3c4,2026-09-25T03:12:49+00:00,s1,breast_cancer,logistic_regression,membership,confidence_threshold,0.000000,4,,,,0.938596,0.938596,0.000000,,0.916667,0.833333,0.909091,0.038760,f002bf1,c36c807ce45f
64858f9eaf78,2026-09-25T03:12:49+00:00,s2,breast_cancer,logistic_regression,byzantine,targeted_flip,0.000000,4,10,iid,30,0.956140,0.956140,0.000000,0.095238,0.945437,0.904762,0.938272,0.091715,f002bf1,0495bf1f6f5b
534bcbaa6076,2026-09-25T03:12:49+00:00,s1,breast_cancer,logistic_regression,poisoning,targeted,0.100000,0,,,,0.973684,0.956140,1.754386,0.119048,0.940476,0.880952,0.936709,0.046992,f002bf1,642c50610f48
0a933a9eb2c9,2026-09-25T03:12:49+00:00,s1,breast_cancer,logistic_regression,inversion,zeroth_order,20.000000,0,,,,0.973684,0.973684,0.000000,0.338001,0.969246,0.952381,0.963855,0.041573,f002bf1,b5210fb45efe
3f5bcfabfb75,2026-09-25T03:12:49+00:00,s1,breast_cancer,logistic_regression,backdoor,trigger,0.000000,4,,,,0.938596,0.938596,0.000000,0.047619,0.916667,0.833333,0.909091,0.042516,f002bf1,e80387c7d887
da0f69de937b,2026-09-25T03:12:49+00:00,s1,breast_cancer,logistic_regression,membership,confidence_threshold,2.000000,0,,,,0.973684,0.973684,0.000000,0.522321,0.969246,0.952381,0.963855,0.033963,f002bf1,1b0ecfd80b20
dd80c9e6270c,2026-09-25T03:12:49+00:00,s1,breast_cancer,logistic_regression,inversion,zeroth_order,20.000000,1,,,,0.982456,0.982456,0.000000,0.394887,0.981151,0.976190,0.976190,0.042823,f002bf1,b5210fb45efe
6b86cfec8998,2026-09-25T03:12:49+00:00,s1,breast_cancer,logistic_regression,poisoning,targeted,0.100000,1,,,,0.982456,0.938596,4.385965,0.142857,0.921627,0.857143,0.911392,0.055963,f002bf1,642c50610f48
7d3badf794f2,2026-09-25T03:12:49+00:00,s1,breast_cancer,logistic_regression,membership,confidence_threshold,2.000000,1,,,,0.982456,0.982456,0.000000,0.477679,0.981151,0.976190,0.976190,0.039754,f002bf1,1b0ecfd80b20
174f0c9d5c2f,2026-09-25T03:12:49+00:00,s1,breast_cancer,logistic_regression,backdoor,trigger,0.010000,0,,,,0.973684,0.938596,3.508772,0.738095,0.931548,0.904762,0.915663,0.057349,f002bf1,08382c613bf7
5b2512489c2d,2026-09-25T03:12:49+00:00,s2,breast_cancer,logistic_regression,byzantine,backdoor,0.100000,0,10,iid,30,0.973684,0.964912,0.877193,0.333333,0.952381,0.904762,0.950000,0.146466,f002bf1,203b16e85729
04c537a35826,2026-09-25T03:12:49+00:00,s1,breast_cancer,logistic_regression,inversion,zeroth_order,20.000000,2,,,,0.964912,0.964912,0.000000,0.461807,0.962302,0.952381,0.952381,0.043883,f002bf1,b5210fb45efe
c6b623f4ec9d,2026-09-25T03:12:49+00:00,s1,breast_cancer,logistic_regression,membership,confidence_threshold,2.000000,2,,,,0.964912,0.964912,0.000000,0.535714,0.962302,0.952381,0.952381,0.049701,f002bf1,1b0ecfd80b20
0d604f49c3d1,2026-09-25T03:12:49+00:00,s1,breast_cancer,logistic_regression,poisoning,targeted,0.100000,2,,,,0.964912,0.947368,1.754386,0.119048,0.933532,0.880952,0.925000,0.054409,f002bf1,642c50610f48
31d22865336e,2026-09-25T03:12:49+00:00,s1,breast_cancer,logistic_regression,backdoor,trigger,0.010000,1,,,,0.982456,0.982456,0.000000,0.523810,0.976190,0.952381,0.975610,0.057145,f002bf1,08382c613bf7
bb32708d31c1,2026-09-25T03:12:49+00:00,s2,wine,logistic_regression,byzantine,label_flip,0.000000,0,10,iid,30,1.000000,1.000000,0.000000,,1.000000,1.000000,1.000000,0.083009,f002bf1,c708dee8e7d9
ffd19001c1e4,2026-09-25T03:12:49+00:00,s1,breast_cancer,logistic_regression,inversion,zeroth_order,20.000000,3,,,,0.991228,0.991228,0.000000,0.400622,0.988095,0.976190,0.987952,0.041378,f002bf1,b5210fb45efe
86eb01a3bcaf,2026-09-25T03:12:49+00:00,s2,breast_cancer,logistic_regression,byzantine,targeted_flip,0.100000,0,10,iid,30,0.973684,0.964912,0.877193,0.095238,0.952381,0.904762,0.950000,0.164781,f002bf1,9637d4b76825
741e9c94f80f,2026-09-25T03:12:49+00:00,s1,breast_cancer,logistic_regression,membership,confidence_threshold,2.000000,3,,,,0.991228,0.991228,0.000000,0.495536,0.988095,0.976190,0.987952,0.048567,f002bf1,1b0ecfd80b20
107240546145,2026-09-25T03:12:49+00:00,s1,breast_cancer,logistic_regression,backdoor,trigger,0.010000,2,,,,0.964912,0.973684,-0.877193,0.500000,0.964286,0.928571,0.962963,0.042011,f002bf1,08382c613bf7
55512d33e15b,2026-09-25T03:12:49+00:00,s1,breast_cancer,logistic_regression,poisoning,targeted,0.100000,3,,,,0.991228,0.947368,4.385965,0.142857,0.928571,0.857143,0.923077,0.058651,f002bf1,642c50610f48
6cec5b745256,2026-09-25T03:12:49+00:00,s1,breast_cancer,logistic_regression,inversion,zeroth_order,20.000000,4,,,,0.938596,0.938596,0.000000,0.431554,0.916667,0.833333,0.909091,0.043287,f002bf1,b5210fb45efe
d315cab915f0,2026-09-25T03:12:49+00:00,s1,breast_cancer,logistic_regression,membership,confidence_threshold,2.000000,4,,,,0.938596,0.938596,0.000000,0.500000,0.916667,0.833333,0.909091,0.039196,f002bf1,1b0ecfd80b20
7e45311e521e,2026-09-25T03:12:49+00:00,s1,breast_cancer,logistic_regression,backdoor,trigger,0.010000,3,,,,0.991228,0.991228,0.000000,0.380952,0.988095,0.976190,0.987952,0.043878,f002bf1,08382c613bf7
1fe4fb3224f7,2026-09-25T03:12:49+00:00,s2,digits,logistic_regression,byzantine,sign_flip,0.000000,0,10,iid,30,0.952778,0.952778,0.000000,,0.952372,0.952372,0.952810,0.246252,f002bf1,52a993d87286
59fe0c5133be,2026-09-25T03:12:49+00:00,s2,wine,logistic_regression,byzantine,label_flip,0.000000,1,10,iid,30,1.000000,1.000000,0.000000,,1.000000,1.000000,1.000000,0.062510,f002bf1,c708dee8e7d9
887708b2dd52,2026-09-25T03:12:49+00:00,s1,breast_cancer,logistic_regression,inversion,zeroth_order,100.000000,0,,,,0.973684,0.973684,0.000000,0.399645,0.969246,0.952381,0.963855,0.041543,f002bf1,64f70ec477ba
01a0078ee310,2026-09-25T03:12:49+00:00,s1,breast_cancer,logistic_regression,poisoning,targeted,0.100000,4,,,,0.938596,0.929825,0.877193,0.190476,0.904762,0.809524,0.894737,0.064782,f002bf1,642c50610f48
eecc92aa5820,2026-09-25T03:12:49+00:00,s2,breast_cancer,logistic_regression,byzantine,backdoor,0.100000,1,10,iid,30,0.982456,0.973684,0.877193,0.500000,0.964286,0.928571,0.962963,0.158291,f002bf1,203b16e85729
2e030050c162,2026-09-25T03:12:49+00:00,s1,breast_cancer,logistic_regression,membership,confidence_threshold,5.000000,0,,,,0.973684,0.973684,0.000000,0.522936,0.969246,0.952381,0.963855,0.051479,f002bf1,6c60e099e5e6
650b264223d4,2026-09-25T03:12:49+00:00,s1,breast_cancer,logistic_regression,backdoor,trigger,0.010000,4,,,,0.938596,0.921053,1.754386,0.571429,0.897817,0.809524,0.883117,0.046979,f002bf1,08382c613bf7
5746efd66b77,2026-09-25T03:12:50+00:00,s2,wine,logistic_regression,byzantine,label_flip,0.000000,2,10,iid,30,1.000000,1.000000,0.000000,,1.000000,1.000000,1.000000,0.055822,f002bf1,c708dee8e7d9
b6c617092897,2026-09-25T03:12:50+00:00,s1,breast_cancer,logistic_regression,extraction,label_only,0.000000,0,,,,0.973684,0.973684,0.000000,,0.969246,0.952381,0.963855,0.055486,f002bf1,709cc7f9b180
68d85a5d4f78,2026-09-25T03:12:50+00:00,s1,breast_cancer,logistic_regression,membership,confidence_threshold,5.000000,1,,,,0.982456,0.982456,0.000000,0.500000,0.981151,0.976190,0.976190,0.034769,f002bf1,6c60e099e5e6
3a18ee8c5149,2026-09-25T03:12:50+00:00,s1,breast_cancer,logistic_regression,inversion,zeroth_order,100.000000,1,,,,0.982456,0.982456,0.000000,0.571574,0.981151,0.976190,0.976190,0.048833,f002bf1,64f70ec477ba
5bf6b24d3c6c,2026-09-25T03:12:50+00:00,s2,breast_cancer,logistic_regression,byzantine,targeted_flip,0.100000,1,10,iid,30,0.982456,0.956140,2.631579,0.119048,0.940476,0.880952,0.936709,0.149675,f002bf1,9637d4b76825
2c3eb1e93151,2026-09-25T03:12:50+00:00,s1,breast_cancer,logistic_regression,poisoning,targeted,0.200000,0,,,,0.973684,0.929825,4.385965,0.190476,0.904762,0.809524,0.894737,0.050790,f002bf1,bd69b703e4ab
55dab0f68d82,2026-09-25T03:12:50+00:00,s1,breast_cancer,logistic_regression,extraction,label_only,0.000000,1,,,,0.982456,0.982456,0.000000,,0.981151,0.976190,0.976190,0.030789,f002bf1,709cc7f9b180
4a08a47a7b4d,2026-09-25T03:12:50+00:00,s1,breast_cancer,logistic_regression,backdoor,trigger,0.020000,0,,,,0.973684,0.947368,2.631579,0.642857,0.938492,0.904762,0.926829,0.063361,f002bf1,db408e6e486e
72ece919071a,2026-09-25T03:12:50+00:00,s1,breast_cancer,logistic_regression,membership,confidence_threshold,5.000000,2,,,,0.964912,0.964912,0.000000,0.545872,0.962302,0.952381,0.952381,0.042154,f002bf1,6c60e099e5e6
642e93c1857c,2026-09-25T03:12:50+00:00,s2,wine,logistic_regression,byzantine,label_flip,0.000000,3,10,iid,30,1.000000,1.000000,0.000000,,1.000000,1.000000,1.000000,0.061650,f002bf1,c708dee8e7d9
745db2e57ae5,2026-09-25T03:12:50+00:00,s1,breast_cancer,logistic_regression,inversion,zeroth_order,100.000000,2,,,,0.964912,0.964912,0.000000,0.585947,0.962302,0.952381,0.952381,0.049544,f002bf1,64f70ec477ba
b3cfe7d0d489,2026-09-25T03:12:50+00:00,s1,breast_cancer,logistic_regression,extraction,label_only,0.000000,2,,,,0.964912,0.964912,0.000000,,0.962302,0.952381,0.952381,0.036606,f002bf1,709cc7f9b180
0bccf74dd1da,2026-09-25T03:12:50+00:00,s1,breast_cancer,logistic_regression,poisoning,targeted,0.200000,1,,,,0.982456,0.921053,6.140351,0.214286,0.892857,0.785714,0.880000,0.065078,f002bf1,bd69b703e4ab
8f3c94fe2e79,2026-09-25T03:12:50+00:00,s1,breast_cancer,logistic_regression,membership,confidence_threshold,5.000000,3,,,,0.991228,0.991228,0.000000,0.495413,0.988095,0.976190,0.987952,0.033791,f002bf1,6c60e099e5e6
7d04d57f39de,2026-09-25T03:12:50+00:00,s2,breast_cancer,logistic_regression,byzantine,backdoor,0.100000,2,10,iid,30,0.964912,0.956140,0.877193,0.333333,0.940476,0.880952,0.936709,0.143223,f002bf1,203b16e85729
e5dcf9eb4da8,2026-09-25T03:12:50+00:00,s1,breast_cancer,logistic_regression,backdoor,trigger,0.020000,1,,,,0.982456,0.964912,1.754386,0.880952,0.962302,0.952381,0.952381,0.055284,f002bf1,db408e6e486e
521a1c861f06,2026-09-25T03:12:50+00:00,s1,breast_cancer,logistic_regression,extraction,label_only,0.000000,3,,,,0.991228,0.991228,0.000000,,0.988095,0.976190,0.987952,0.033457,f002bf1,709cc7f9b180
bf3ca0444038,2026-09-25T03:12:50+00:00,s1,breast_cancer,logistic_regression,inversion,zeroth_order,100.000000,3,,,,0.991228,0.991228,0.000000,0.479205,0.988095,0.976190,0.987952,0.045640,f002bf1,64f70ec477ba
98c5be945638,2026-09-25T03:12:50+00:00,s2,wine,logistic_regression,byzantine,label_flip,0.000000,4,10,iid,30,0.972222,0.972222,0.000000,,0.976190,0.976190,0.974321,0.059733,f002bf1,c708dee8e7d9
4e76bc6da468,2026-09-25T03:12:50+00:00,s1,breast_cancer,logistic_regression,poisoning,targeted,0.200000,2,,,,0.964912,0.921053,4.385965,0.214286,0.892857,0.785714,0.880000,0.045051,f002bf1,bd69b703e4ab
8302ea71cd81,2026-09-25T03:12:50+00:00,s2,digits,logistic_regression,byzantine,sign_flip,0.000000,1,10,iid,30,0.963889,0.963889,0.000000,,0.963797,0.963797,0.963509,0.206893,f002bf1,52a993d87286
dc6ae0cf38b2,2026-09-25T03:12:50+00:00,s1,breast_cancer,logistic_regression,membership,confidence_threshold,5.000000,4,,,,0.938596,0.938596,0.000000,0.495413,0.916667,0.833333,0.909091,0.047464,f002bf1,6c60e099e5e6
6ad70a1c7065,2026-09-25T03:12:50+00:00,s1,breast_cancer,logistic_regression,inversion,zeroth_order,100.000000,4,,,,0.938596,0.938596,0.000000,0.593869,0.916667,0.833333,0.909091,0.038188,f002bf1,64f70ec477ba
a2ab419ba032,2026-09-25T03:12:50+00:00,s1,breast_cancer,logistic_regression,extraction,label_only,0.000000,4,,,,0.938596,0.938596,0.000000,,0.916667,0.833333,0.909091,0.051512,f002bf1,709cc7f9b180
6d085d57f7bb,2026-09-25T03:12:50+00:00,s1,breast_cancer,logistic_regression,backdoor,trigger,0.020000,2,,,,0.964912,0.973684,-0.877193,0.833333,0.964286,0.928571,0.962963,0.061078,f002bf1,db408e6e486e
cd55b8f5f08b,2026-09-25T03:12:50+00:00,s2,breast_cancer,logistic_regression,byzantine,targeted_flip,0.100000,2,10,iid,30,0.964912,0.947368,1.754386,0.142857,0.928571,0.857143,0.923077,0.164849,f002bf1,9637d4b76825
d030b38009e9,2026-09-25T03:12:50+00:00,s1,breast_cancer,logistic_regression,membership,confidence_threshold,10.000000,0,,,,0.973684,0.973684,0.000000,0.519231,0.969246,0.952381,0.963855,0.040923,f002bf1,8cd338bcfb44
6a3885aa377b,2026-09-25T03:12:50+00:00,s1,breast_cancer,logistic_regression,poisoning,targeted,0.200000,3,,,,0.991228,0.929825,6.140351,0.190476,0.904762,0.809524,0.894737,0.057195,f002bf1,bd69b703e4ab
c65e50bde2d5,2026-09-25T03:12:50+00:00,s2,wine,logistic_regression,byzantine,label_flip,0.100000,0,10,iid,30,1.000000,0.972222,2.777778,,0.976190,0.976190,0.971781,0.085235,f002bf1,735fa1e23c3d
0c724be5ff98,2026-09-25T03:12:50+00:00,s1,breast_cancer,logistic_regression,extraction,label_only,10.000000,0,,,,0.973684,0.631579,34.210526,0.640351,0.500000,0.000000,0.000000,0.044090,f002bf1,2bc0bf49ef31
d41b774167d9,2026-09-25T03:12:50+00:00,s1,breast_cancer,logistic_regression,inversion,zeroth_order,500.000000,0,,,,0.973684,0.973684,0.000000,0.684619,0.969246,0.952381,0.963855,0.053260,f002bf1,1ab3fb9b4fd9
b98cc3b9b1a4,2026-09-25T03:12:50+00:00,s1,breast_cancer,logistic_regression,backdoor,trigger,0.020000,3,,,,0.991228,1.000000,-0.877193,0.690476,1.000000,1.000000,1.000000,0.062974,f002bf1,db408e6e486e
6d9aacee299c,2026-09-25T03:12:50+00:00,s2,breast_cancer,logistic_regression,byzantine,backdoor,0.100000,3,10,iid,30,0.991228,0.991228,0.000000,0.357143,0.988095,0.976190,0.987952,0.133810,f002bf1,203b16e85729
3a813821fd55,2026-09-25T03:12:50+00:00,s1,breast_cancer,logistic_regression,membership,confidence_threshold,10.000000,1,,,,0.982456,0.982456,0.000000,0.519231,0.981151,0.976190,0.976190,0.050875,f002bf1,8cd338bcfb44
8564f307df54,2026-09-25T03:12:50+00:00,s1,breast_cancer,logistic_regression,poisoning,targeted,0.200000,4,,,,0.938596,0.877193,6.140351,0.333333,0.833333,0.666667,0.800000,0.049596,f002bf1,bd69b703e4ab
424302c70338,2026-09-25T03:12:50+00:00,s1,breast_cancer,logistic_regression,extraction,label_only,10.000000,1,,,,0.982456,0.666667,31.578947,0.666667,0.547619,0.095238,0.173913,0.042137,f002bf1,2bc0bf49ef31
192c75777524,2026-09-25T03:12:50+00:00,s1,breast_cancer,logistic_regression,inversion,zeroth_order,500.000000,1,,,,0.982456,0.982456,0.000000,0.660100,0.981151,0.976190,0.976190,0.049628,f002bf1,1ab3fb9b4fd9
36abed7c321b,2026-09-25T03:12:50+00:00,s1,breast_cancer,logistic_regression,backdoor,trigger,0.020000,4,,,,0.938596,0.938596,0.000000,0.666667,0.916667,0.833333,0.909091,0.045435,f002bf1,db408e6e486e
9e4a4c7e7eaa,2026-09-25T03:12:50+00:00,s1,breast_cancer,logistic_regression,membership,confidence_threshold,10.000000,2,,,,0.964912,0.964912,0.000000,0.543269,0.962302,0.952381,0.952381,0.042243,f002bf1,8cd338bcfb44
18f8ecc40c64,2026-09-25T03:12:50+00:00,s1,breast_cancer,logistic_regression,poisoning,targeted,0.300000,0,,,,0.973684,0.894737,7.894737,0.285714,0.857143,0.714286,0.833333,0.044328,f002bf1,414e74e76cb2
40828c3cf552,2026-09-25T03:12:50+00:00,s1,breast_cancer,logistic_regression,extraction,label_only,10.000000,2,,,,0.964912,0.798246,16.666667,0.798246,0.726190,0.452381,0.622951,0.039537,f002bf1,2bc0bf49ef31
e9e83f7bcf06,2026-09-25T03:12:50+00:00,s2,wine,logistic_regression,byzantine,label_flip,0.100000,1,10,iid,30,1.000000,0.972222,2.777778,,0.976190,0.976190,0.974321,0.089005,f002bf1,735fa1e23c3d
d47433a72e36,2026-09-25T03:12:50+00:00,s1,breast_cancer,logistic_regression,inversion,zeroth_order,500.000000,2,,,,0.964912,0.964912,0.000000,0.716893,0.962302,0.952381,0.952381,0.052981,f002bf1,1ab3fb9b4fd9
ed51e60fcfd2,2026-09-25T03:12:50+00:00,s1,breast_cancer,logistic_regression,backdoor,trigger,0.050000,0,,,,0.973684,0.929825,4.385965,0.880952,0.919643,0.880952,0.902439,0.044252,f002bf1,383362fc9a6e
e738012b106b,2026-09-25T03:12:50+00:00,s2,digits,logistic_regression,byzantine,sign_flip,0.000000,2,10,iid,30,0.958333,0.958333,0.000000,,0.958241,0.958241,0.958386,0.196851,f002bf1,52a993d87286
d12ef875396d,2026-09-25T03:12:50+00:00,s1,breast_cancer,logistic_regression,membership,confidence_threshold,10.000000,3,,,,0.991228,0.991228,0.000000,0.528846,0.988095,0.976190,0.987952,0.034884,f002bf1,8cd338bcfb44
371ef34c282f,2026-09-25T03:12:50+00:00,s2,breast_cancer,logistic_regression,byzantine,targeted_flip,0.100000,3,10,iid,30,0.991228,0.973684,1.754386,0.071429,0.964286,0.928571,0.962963,0.157199,f002bf1,9637d4b76825
f0d33140e49f,2026-09-25T03:12:50+00:00,s1,breast_cancer,logistic_regression,extraction,label_only,10.000000,3,,,,0.991228,0.868421,12.280702,0.877193,0.890873,0.976190,0.845361,0.037299,f002bf1,2bc0bf49ef31
a0a9cab4175d,2026-09-25T03:12:50+00:00,s1,breast_cancer,logistic_regression,poisoning,targeted,0.300000,1,,,,0.982456,0.842105,14.035088,0.428571,0.785714,0.571429,0.727273,0.044858,f002bf1,414e74e76cb2
f3b9dc81d0e3,2026-09-25T03:12:50+00:00,s1,breast_cancer,logistic_regression,inversion,zeroth_order,500.000000,3,,,,0.991228,0.991228,0.000000,0.608203,0.988095,0.976190,0.987952,0.045764,f002bf1,1ab3fb9b4fd9
c2498e3cd3fb,2026-09-25T03:12:50+00:00,s2,breast_cancer,logistic_regression,byzantine,backdoor,0.100000,4,10,iid,30,0.956140,0.929825,2.631579,0.452381,0.904762,0.809524,0.894737,0.140727,f002bf1,203b16e85729
f990a053f5a5,2026-09-25T03:12:50+00:00,s1,breast_cancer,logistic_regression,backdoor,trigger,0.050000,1,,,,0.982456,0.973684,0.877193,0.928571,0.969246,0.952381,0.963855,0.046889,f002bf1,383362fc9a6e
94565bf9f4d7,2026-09-25T03:12:50+00:00,s2,wine,logistic_regression,byzantine,label_flip,0.100000,2,10,iid,30,1.000000,1.000000,0.000000,,1.000000,1.000000,1.000000,0.070669,f002bf1,735fa1e23c3d
1d6d885a6b8f,2026-09-25T03:12:50+00:00,s1,breast_cancer,logistic_regression,membership,confidence_threshold,10.000000,4,,,,0.938596,0.938596,0.000000,0.500000,0.916667,0.833333,0.909091,0.048046,f002bf1,8cd338bcfb44
6a6f34ab94ed,2026-09-25T03:12:50+00:00,s1,breast_cancer,logistic_regression,extraction,label_only,10.000000,4,,,,0.938596,0.780702,15.789474,0.771930,0.811508,0.928571,0.757282,0.049571,f002bf1,2bc0bf49ef31
774701fdc78a,2026-09-25T03:12:50+00:00,s1,breast_cancer,logistic_regression,poisoning,targeted,0.300000,2,,,,0.964912,0.903509,6.140351,0.261905,0.869048,0.738095,0.849315,0.049550,f002bf1,414e74e76cb2
34ed06e4d8dd,2026-09-25T03:12:50+00:00,s1,breast_cancer,logistic_regression,inversion,zeroth_order,500.000000,4,,,,0.938596,0.938596,0.000000,0.715837,0.916667,0.833333,0.909091,0.052780,f002bf1,1ab3fb9b4fd9
01b82e617f0b,2026-09-25T03:12:50+00:00,s1,breast_cancer,logistic_regression,backdoor,trigger,0.050000,2,,,,0.964912,0.973684,-0.877193,0.809524,0.964286,0.928571,0.962963,0.047656,f002bf1,383362fc9a6e
a77f2eea5db5,2026-09-25T03:12:50+00:00,s1,breast_cancer,logistic_regression,extraction,label_only,25.000000,0,,,,0.973684,0.921053,5.263158,0.947368,0.897817,0.809524,0.883117,0.040573,f002bf1,47932c1674f5
d657e5b3336d,2026-09-25T03:12:50+00:00,s1,breast_cancer,logistic_regression,membership,confidence_threshold,20.000000,0,,,,0.973684,0.973684,0.000000,0.505319,0.969246,0.952381,0.963855,0.044662,f002bf1,176e62037e25
0c11212ec016,2026-09-25T03:12:50+00:00,s1,breast_cancer,logistic_regression,poisoning,targeted,0.300000,3,,,,0.991228,0.885965,10.526316,0.309524,0.845238,0.690476,0.816901,0.059371,f002bf1,414e74e76cb2
7c3e809e6e5f,2026-09-25T03:12:50+00:00,s2,breast_cancer,logistic_regression,byzantine,targeted_flip,0.100000,4,10,iid,30,0.956140,0.912281,4.385965,0.238095,0.880952,0.761905,0.864865,0.129395,f002bf1,9637d4b76825
9ad3a5a95ec1,2026-09-25T03:12:50+00:00,s2,wine,logistic_regression,byzantine,label_flip,0.100000,3,10,iid,30,1.000000,0.972222,2.777778,,0.972222,0.972222,0.974013,0.092604,f002bf1,735fa1e23c3d
0d6a032db0e4,2026-09-25T03:12:50+00:00,s1,breast_cancer,logistic_regression,membership,confidence_threshold,20.000000,1,,,,0.982456,0.982456,0.000000,0.521277,0.981151,0.976190,0.976190,0.036262,f002bf1,176e62037e25
787bada8fc66,2026-09-25T03:12:50+00:00,s1,breast_cancer,logistic_regression,backdoor,trigger,0.050000,3,,,,0.991228,0.973684,1.754386,0.785714,0.969246,0.952381,0.963855,0.047544,f002bf1,383362fc9a6e
1c67c9ad1d44,2026-09-25T03:12:50+00:00,s1,breast_cancer,logistic_regression,extraction,label_only,25.000000,1,,,,0.982456,0.956140,2.631579,0.956140,0.945437,0.904762,0.938272,0.050526,f002bf1,47932c1674f5
bbb0b2a613e1,2026-09-25T03:12:50+00:00,s1,breast_cancer,logistic_regression,poisoning,targeted,0.300000,4,,,,0.938596,0.824561,11.403509,0.476190,0.761905,0.523810,0.687500,0.050301,f002bf1,414e74e76cb2
d2a1e9461607,2026-09-25T03:12:50+00:00,s1,breast_cancer,logistic_regression,membership,confidence_threshold,20.000000,2,,,,0.964912,0.964912,0.000000,0.542553,0.962302,0.952381,0.952381,0.034555,f002bf1,176e62037e25
ab0a10e129b3,2026-09-25T03:12:50+00:00,s2,breast_cancer,logistic_regression,byzantine,backdoor,0.200000,0,10,iid,30,0.973684,0.973684,0.000000,0.642857,0.964286,0.928571,0.962963,0.141873,f002bf1,85c43793619a
a45b004ce4a1,2026-09-25T03:12:50+00:00,s1,breast_cancer,logistic_regression,backdoor,trigger,0.050000,4,,,,0.938596,0.912281,2.631579,0.785714,0.890873,0.809524,0.871795,0.043679,f002bf1,383362fc9a6e
9a27c6a5b460,2026-09-25T03:12:50+00:00,s1,breast_cancer,logistic_regression,extraction,label_only,25.000000,2,,,,0.964912,0.850877,11.403509,0.885965,0.847222,0.833333,0.804598,0.037656,f002bf1,47932c1674f5
a051b7a476a9,2026-09-25T03:12:50+00:00,s1,breast_cancer,logistic_regression,inversion,zeroth_order,2000.000000,0,,,,0.973684,0.973684,0.000000,0.724204,0.969246,0.952381,0.963855,0.104281,f002bf1,75b82359951d
31852b54b99e,2026-09-25T03:12:50+00:00,s2,digits,logistic_regression,byzantine,sign_flip,0.000000,3,10,iid,30,0.963889,0.963889,0.000000,,0.963951,0.963951,0.963895,0.209937,f002bf1,52a993d87286
2f3051002d3d,2026-09-25T03:12:50+00:00,s1,breast_cancer,logistic_regression,membership,confidence_threshold,20.000000,3,,,,0.991228,0.991228,0.000000,0.484043,0.988095,0.976190,0.987952,0.034776,f002bf1,176e62037e25
3f716123ebcc,2026-09-25T03:12:50+00:00,s2,wine,logistic_regression,byzantine,label_flip,0.100000,4,10,iid,30,0.972222,0.972222,0.000000,,0.976190,0.976190,0.971781,0.085667,f002bf1,735fa1e23c3d
2eb85f6b68e9,2026-09-25T03:12:50+00:00,s1,breast_cancer,logistic_regression,poisoning,targeted,0.400000,0,,,,0.973684,0.798246,17.543860,0.547619,0.726190,0.452381,0.622951,0.050490,f002bf1,803c6d036e7f
6e4557eb1c53,2026-09-25T03:12:50+00:00,s1,breast_cancer,logistic_regression,backdoor,trigger,0.100000,0,,,,0.973684,0.938596,3.508772,0.928571,0.926587,0.880952,0.913580,0.043843,f002bf1,f6dc8e9b6de4
63757904ae6e,2026-09-25T03:12:50+00:00,s1,breast_cancer,logistic_regression,extraction,label_only,25.000000,3,,,,0.991228,0.912281,7.894737,0.903509,0.930556,1.000000,0.893617,0.046498,f002bf1,47932c1674f5
8497f9488a6a,2026-09-25T03:12:50+00:00,s2,breast_cancer,logistic_regression,byzantine,targeted_flip,0.200000,0,10,iid,30,0.973684,0.947368,2.631579,0.142857,0.928571,0.857143,0.923077,0.130504,f002bf1,f7a6a0ab7104
f3e3081f96b2,2026-09-25T03:12:50+00:00,s1,breast_cancer,logistic_regression,membership,confidence_threshold,20.000000,4,,,,0.938596,0.938596,0.000000,0.510638,0.916667,0.833333,0.909091,0.036837,f002bf1,176e62037e25
180ee4fd7655,2026-09-25T03:12:50+00:00,s1,breast_cancer,logistic_regression,poisoning,targeted,0.400000,1,,,,0.982456,0.789474,19.298246,0.571429,0.714286,0.428571,0.600000,0.051927,f002bf1,803c6d036e7f
f4ca4fa0c486,2026-09-25T03:12:50+00:00,s1,breast_cancer,logistic_regression,backdoor,trigger,0.100000,1,,,,0.982456,0.964912,1.754386,0.928571,0.952381,0.904762,0.950000,0.054799,f002bf1,f6dc8e9b6de4
952bad3f4857,2026-09-25T03:12:50+00:00,s1,breast_cancer,logistic_regression,extraction,label_only,25.000000,4,,,,0.938596,0.903509,3.508772,0.947368,0.883929,0.809524,0.860759,0.042088,f002bf1,47932c1674f5
bb203a976389,2026-09-25T03:12:50+00:00,s1,breast_cancer,logistic_regression,inversion,zeroth_order,2000.000000,1,,,,0.982456,0.982456,0.000000,0.654139,0.981151,0.976190,0.976190,0.092261,f002bf1,75b82359951d
7fe221016313,2026-09-25T03:12:50+00:00,s2,wine,logistic_regression,byzantine,label_flip,0.200000,0,10,iid,30,1.000000,1.000000,0.000000,,1.000000,1.000000,1.000000,0.081669,f002bf1,20dce9280600
612f066afa3c,2026-09-25T03:12:50+00:00,s2,breast_cancer,logistic_regression,byzantine,backdoor,0.200000,1,10,iid,30,0.982456,0.964912,1.754386,0.738095,0.952381,0.904762,0.950000,0.144592,f002bf1,85c43793619a
1941d0632b0a,2026-09-25T03:12:50+00:00,s1,breast_cancer,logistic_regression,poisoning,targeted,0.400000,2,,,,0.964912,0.833333,13.157895,0.452381,0.773810,0.547619,0.707692,0.048809,f002bf1,803c6d036e7f
55d48e9ead7a,2026-09-25T03:12:50+00:00,s1,breast_cancer,logistic_regression,extraction,label_only,50.000000,0,,,,0.973684,0.894737,7.894737,0.921053,0.896825,0.904762,0.863636,0.043288,f002bf1,5a2d4579b05d
050db347e01c,2026-09-25T03:12:50+00:00,s1,breast_cancer,logistic_regression,backdoor,trigger,0.100000,2,,,,0.964912,0.973684,-0.877193,0.952381,0.964286,0.928571,0.962963,0.047893,f002bf1,f6dc8e9b6de4
21682f505bc5,2026-09-25T03:12:50+00:00,s1,digits,logistic_regression,membership,confidence_threshold,0.000000,0,,,,0.966667,0.966667,0.000000,,0.966266,0.966266,0.966731,0.090908,f002bf1,593648e9dacb
22b8b2c74333,2026-09-25T03:12:50+00:00,s1,breast_cancer,logistic_regression,extraction,label_only,50.000000,1,,,,0.982456,0.973684,0.877193,0.973684,0.969246,0.952381,0.963855,0.054668,f002bf1,5a2d4579b05d
1402bfe96b43,2026-09-25T03:12:50+00:00,s1,breast_cancer,logistic_regression,inversion,zeroth_order,2000.000000,2,,,,0.964912,0.964912,0.000000,0.740012,0.962302,0.952381,0.952381,0.115286,f002bf1,75b82359951d
154bd5dd9937,2026-09-25T03:12:50+00:00,s1,breast_cancer,logistic_regression,poisoning,targeted,0.400000,3,,,,0.991228,0.824561,16.666667,0.476190,0.761905,0.523810,0.687500,0.075785,f002bf1,803c6d036e7f
a48733bfec3b,2026-09-25T03:12:50+00:00,s1,breast_cancer,logistic_regression,backdoor,trigger,0.100000,3,,,,0.991228,0.982456,0.877193,0.809524,0.981151,0.976190,0.976190,0.072339,f002bf1,f6dc8e9b6de4
1607de84b96c,2026-09-25T03:12:50+00:00,s2,digits,logistic_regression,byzantine,sign_flip,0.000000,4,10,iid,30,0.955556,0.955556,0.000000,,0.955221,0.955221,0.955193,0.234315,f002bf1,52a993d87286
96fbbd422259,2026-09-25T03:12:50+00:00,s2,breast_cancer,logistic_regression,byzantine,targeted_flip,0.200000,1,10,iid,30,0.982456,0.929825,5.263158,0.190476,0.904762,0.809524,0.894737,0.180881,f002bf1,f7a6a0ab7104
2a8497fc7e27,2026-09-25T03:12:50+00:00,s2,wine,logistic_regression,byzantine,label_flip,0.200000,1,10,iid,30,1.000000,1.000000,0.000000,,1.000000,1.000000,1.000000,0.140377,f002bf1,20dce9280600
899e14414e89,2026-09-25T03:12:50+00:00,s1,breast_cancer,logistic_regression,extraction,label_only,50.000000,2,,,,0.964912,0.929825,3.508772,0.947368,0.939484,0.976190,0.911111,0.056507,f002bf1,5a2d4579b05d
6022cc005922,2026-09-25T03:12:50+00:00,s1,breast_cancer,logistic_regression,backdoor,trigger,0.100000,4,,,,0.938596,0.912281,2.631579,0.809524,0.880952,0.761905,0.864865,0.057384,f002bf1,f6dc8e9b6de4
224c7028282e,2026-09-25T03:12:50+00:00,s2,breast_cancer,logistic_regression,byzantine,backdoor,0.200000,2,10,iid,30,0.964912,0.947368,1.754386,0.571429,0.928571,0.857143,0.923077,0.165137,f002bf1,85c43793619a
986e2dec2a31,2026-09-25T03:12:50+00:00,s1,breast_cancer,logistic_regression,extraction,label_only,50.000000,3,,,,0.991228,0.964912,2.631579,0.956140,0.972222,1.000000,0.954545,0.060230,f002bf1,5a2d4579b05d
18682ef6d8b0,2026-09-25T03:12:50+00:00,s1,digits,logistic_regression,membership,confidence_threshold,0.000000,1,,,,0.963889,0.963889,0.000000,,0.964026,0.964026,0.963871,0.195284,f002bf1,593648e9dacb
e7d6b155d8d5,2026-09-25T03:12:50+00:00,s1,breast_cancer,logistic_regression,poisoning,targeted,0.400000,4,,,,0.938596,0.789474,14.912281,0.571429,0.714286,0.428571,0.600000,0.127469,f002bf1,803c6d036e7f
931bcb637fc2,2026-09-25T03:12:50+00:00,s2,wine,logistic_regression,byzantine,label_flip,0.200000,2,10,iid,30,1.000000,0.888889,11.111111,,0.904762,0.904762,0.891534,0.101298,f002bf1,20dce9280600
dedea2d58574,2026-09-25T03:12:50+00:00,s1,breast_cancer,logistic_regression,backdoor,trigger,0.200000,0,,,,0.973684,0.929825,4.385965,0.952381,0.904762,0.809524,0.894737,0.075010,f002bf1,c0e82acfc864
fa41fcc32fde,2026-09-25T03:12:50+00:00,s1,breast_cancer,logistic_regression,inversion,zeroth_order,2000.000000,3,,,,0.991228,0.991228,0.000000,0.712391,0.988095,0.976190,0.987952,0.166716,f002bf1,75b82359951d
9a1213863e9a,2026-09-25T03:12:50+00:00,s1,breast_cancer,logistic_regression,extraction,label_only,50.000000,4,,,,0.938596,0.956140,-1.754386,0.964912,0.940476,0.880952,0.936709,0.066856,f002bf1,5a2d4579b05d
3371c899d6e0,2026-09-25T03:12:51+00:00,s2,breast_cancer,logistic_regression,byzantine,targeted_flip,0.200000,2,10,iid,30,0.964912,0.929825,3.508772,0.190476,0.904762,0.809524,0.894737,0.173673,f002bf1,f7a6a0ab7104
f5726f4d7824,2026-09-25T03:12:51+00:00,s1,digits,logistic_regression,poisoning,targeted,0.000000,0,,,,0.966667,0.966667,0.000000,0.000000,0.966266,0.966266,0.966731,0.132907,f002bf1,6937a18bf05d
435091d4f6a0,2026-09-25T03:12:51+00:00,s1,breast_cancer,logistic_regression,backdoor,trigger,0.200000,1,,,,0.982456,0.885965,9.649123,1.000000,0.845238,0.690476,0.816901,0.104276,f002bf1,c0e82acfc864
c8b2bdeb2ee7,2026-09-25T03:12:51+00:00,s2,wine,logistic_regression,byzantine,label_flip,0.200000,3,10,iid,30,1.000000,0.916667,8.333333,,0.920635,0.920635,0.919341,0.132601,f002bf1,20dce9280600
2ed9539f2f52,2026-09-25T03:12:51+00:00,s1,breast_cancer,logistic_regression,extraction,label_only,100.000000,0,,,,0.973684,0.938596,3.508772,0.964912,0.926587,0.880952,0.913580,0.080417,f002bf1,79e3a41999ae
8c5262707858,2026-09-25T03:12:51+00:00,s1,digits,logistic_regression,membership,confidence_threshold,0.000000,2,,,,0.963889,0.963889,0.000000,,0.963876,0.963876,0.963905,0.169737,f002bf1,593648e9dacb
1f558c9fc6ba,2026-09-25T03:12:51+00:00,s2,breast_cancer,logistic_regression,byzantine,backdoor,0.200000,3,10,iid,30,0.991228,0.973684,1.754386,0.642857,0.964286,0.928571,0.962963,0.228538,f002bf1,85c43793619a
c46f1359c2a8,2026-09-25T03:12:51+00:00,s1,breast_cancer,logistic_regression,inversion,zeroth_order,2000.000000,4,,,,0.938596,0.938596,0.000000,0.696093,0.916667,0.833333,0.909091,0.161904,f002bf1,75b82359951d
661a8610af29,2026-09-25T03:12:51+00:00,s1,breast_cancer,logistic_regression,backdoor,trigger,0.200000,2,,,,0.964912,0.921053,4.385965,0.952381,0.892857,0.785714,0.880000,0.072681,f002bf1,c0e82acfc864
24cbaaae7281,2026-09-25T03:12:51+00:00,s1,breast_cancer,logistic_regression,extraction,label_only,100.000000,1,,,,0.982456,0.991228,-0.877193,0.991228,0.988095,0.976190,0.987952,0.073550,f002bf1,79e3a41999ae
62f462917f6a,2026-09-25T03:12:51+00:00,s2,breast_cancer,logistic_regression,byzantine,targeted_flip,0.200000,3,10,iid,30,0.991228,0.947368,4.385965,0.142857,0.928571,0.857143,0.923077,0.220360,f002bf1,f7a6a0ab7104
c5d6072cb37f,2026-09-25T03:12:51+00:00,s2,wine,logistic_regression,byzantine,label_flip,0.200000,4,10,iid,30,0.972222,0.944444,2.777778,,0.942857,0.942857,0.940988,0.129381,f002bf1,20dce9280600
803f782264a2,2026-09-25T03:12:51+00:00,s1,digits,logistic_regression,poisoning,targeted,0.000000,1,,,,0.963889,0.963889,0.000000,0.000000,0.964026,0.964026,0.963871,0.151445,f002bf1,6937a18bf05d
60ced075db96,2026-09-25T03:12:51+00:00,s1,digits,logistic_regression,membership,confidence_threshold,0.000000,3,,,,0.975000,0.975000,0.000000,,0.974991,0.974991,0.975009,0.133077,f002bf1,593648e9dacb
39d2c49ebb14,2026-09-25T03:12:51+00:00,s1,breast_cancer,logistic_regression,extraction,label_only,100.000000,2,,,,0.964912,0.956140,0.877193,0.973684,0.955357,0.952381,0.941176,0.062860,f002bf1,79e3a41999ae
edb25ff8b8de,2026-09-25T03:12:51+00:00,s1,digits,logistic_regression,inversion,zeroth_order,0.000000,0,,,,0.966667,0.966667,0.000000,,0.966266,0.966266,0.966731,0.141518,f002bf1,fdf291498621
26a9d142f15c,2026-09-25T03:12:51+00:00,s1,breast_cancer,logistic_regression,backdoor,trigger,0.200000,3,,,,0.991228,0.912281,7.894737,0.833333,0.890873,0.809524,0.871795,0.105004,f002bf1,c0e82acfc864
bfd3cd764373,2026-09-25T03:12:51+00:00,s2,digits,logistic_regression,byzantine,sign_flip,0.100000,0,10,iid,30,0.952778,0.952778,0.000000,,0.952293,0.952293,0.952938,0.496140,f002bf1,7404728ab257
6a0116a8ef0b,2026-09-25T03:12:51+00:00,s2,breast_cancer,logistic_regression,byzantine,backdoor,0.200000,4,10,iid,30,0.956140,0.903509,5.263158,0.690476,0.869048,0.738095,0.849315,0.230196,f002bf1,85c43793619a
b900481fd473,2026-09-25T03:12:51+00:00,s2,wine,logistic_regression,byzantine,label_flip,0.300000,0,10,iid,30,1.000000,0.944444,5.555556,,0.938889,0.938889,0.945741,0.119738,f002bf1,00c395877e68
00b2b41506dc,2026-09-25T03:12:51+00:00,s1,breast_cancer,logistic_regression,backdoor,trigger,0.200000,4,,,,0.938596,0.877193,6.140351,0.952381,0.838294,0.690476,0.805556,0.054714,f002bf1,c0e82acfc864
d1a8ea6a8b86,2026-09-25T03:12:51+00:00,s1,breast_cancer,logistic_regression,extraction,label_only,100.000000,3,,,,0.991228,0.982456,0.877193,0.991228,0.976190,0.952381,0.975610,0.076478,f002bf1,79e3a41999ae
7c46f4e3f5d5,2026-09-25T03:12:51+00:00,s1,digits,logistic_regression,poisoning,targeted,0.000000,2,,,,0.963889,0.963889,0.000000,0.000000,0.963876,0.963876,0.963905,0.125649,f002bf1,6937a18bf05d
75e84ebd11a0,2026-09-25T03:12:51+00:00,s1,digits,logistic_regression,membership,confidence_threshold,0.000000,4,,,,0.980556,0.980556,0.000000,,0.980547,0.980547,0.980609,0.136707,f002bf1,593648e9dacb
8df7fb8af8ed,2026-09-25T03:12:51+00:00,s2,breast_cancer,logistic_regression,byzantine,targeted_flip,0.200000,4,10,iid,30,0.956140,0.885965,7.017544,0.309524,0.845238,0.690476,0.816901,0.180950,f002bf1,f7a6a0ab7104
55af2109e472,2026-09-25T03:12:51+00:00,s1,digits,logistic_regression,inversion,zeroth_order,0.000000,1,,,,0.963889,0.963889,0.000000,,0.964026,0.964026,0.963871,0.132005,f002bf1,fdf291498621
47c2f0cfc845,2026-09-25T03:12:51+00:00,s1,breast_cancer,logistic_regression,extraction,label_only,100.000000,4,,,,0.938596,0.956140,-1.754386,0.982456,0.940476,0.880952,0.936709,0.072540,f002bf1,79e3a41999ae
8bcbbf42d781,2026-09-25T03:12:51+00:00,s2,wine,logistic_regression,byzantine,label_flip,0.300000,1,10,iid,30,1.000000,0.944444,5.555556,,0.952381,0.952381,0.944056,0.126747,f002bf1,00c395877e68
dcd91503acad,2026-09-25T03:12:51+00:00,s1,digits,logistic_regression,backdoor,trigger,0.000000,0,,,,0.966667,0.966667,0.000000,0.086420,0.966266,0.966266,0.966731,0.137201,f002bf1,b03eeb22971b
de890c3d45dd,2026-09-25T03:12:51+00:00,s1,breast_cancer,logistic_regression,extraction,label_only,250.000000,0,,,,0.973684,0.973684,0.000000,1.000000,0.969246,0.952381,0.963855,0.051147,f002bf1,4ef7fd21aaab
3c0972f1304e,2026-09-25T03:12:51+00:00,s1,digits,logistic_regression,poisoning,targeted,0.000000,3,,,,0.975000,0.975000,0.000000,0.000000,0.974991,0.974991,0.975009,0.133542,f002bf1,6937a18bf05d
768fef8b8cb9,2026-09-25T03:12:51+00:00,s1,digits,logistic_regression,membership,confidence_threshold,2.000000,0,,,,0.966667,0.966667,0.000000,0.541899,0.966266,0.966266,0.966731,0.137296,f002bf1,0091f6e66c92
4214ecbaf2ea,2026-09-25T03:12:51+00:00,s1,digits,logistic_regression,inversion,zeroth_order,0.000000,2,,,,0.963889,0.963889,0.000000,,0.963876,0.963876,0.963905,0.130551,f002bf1,fdf291498621
d37f9acf8a01,2026-09-25T03:12:51+00:00,s2,breast_cancer,logistic_regression,byzantine,backdoor,0.300000,0,10,iid,30,0.973684,0.973684,0.000000,0.809524,0.964286,0.928571,0.962963,0.213558,f002bf1,1e37a1c7c3ec
b441a63a1f06,2026-09-25T03:12:51+00:00,s1,breast_cancer,logistic_regression,extraction,label_only,250.000000,1,,,,0.982456,0.973684,0.877193,0.991228,0.974206,0.976190,0.964706,0.062034,f002bf1,4ef7fd21aaab
f1fbe02a629b,2026-09-25T03:12:51+00:00,s2,wine,logistic_regression,byzantine,label_flip,0.300000,2,10,iid,30,1.000000,0.861111,13.888889,,0.880952,0.880952,0.864044,0.098155,f002bf1,00c395877e68
7b90eea4bcc5,2026-09-25T03:12:51+00:00,s2,breast_cancer,logistic_regression,byzantine,targeted_flip,0.300000,0,10,iid,30,0.973684,0.912281,6.140351,0.238095,0.880952,0.761905,0.864865,0.185022,f002bf1,ad88d69b53e7
20d787c3e8d4,2026-09-25T03:12:51+00:00,s1,digits,logistic_regression,backdoor,trigger,0.000000,1,,,,0.963889,0.963889,0.000000,0.135802,0.964026,0.964026,0.963871,0.126131,f002bf1,b03eeb22971b
1f2b4dabb07a,2026-09-25T03:12:51+00:00,s1,digits,logistic_regression,membership,confidence_threshold,2.000000,1,,,,0.963889,0.963889,0.000000,0.526536,0.964026,0.964026,0.963871,0.103244,f002bf1,0091f6e66c92
da7372706737,2026-09-25T03:12:51+00:00,s1,breast_cancer,logistic_regression,extraction,label_only,250.000000,2,,,,0.964912,0.964912,0.000000,0.982456,0.967262,0.976190,0.953488,0.077199,f002bf1,4ef7fd21aaab
acf7e45b1ba8,2026-09-25T03:12:51+00:00,s1,digits,logistic_regression,poisoning,targeted,0.000000,4,,,,0.980556,0.980556,0.000000,0.000000,0.980547,0.980547,0.980609,0.139189,f002bf1,6937a18bf05d
75f8a3918519,2026-09-25T03:12:51+00:00,s1,digits,logistic_regression,inversion,zeroth_order,0.000000,3,,,,0.975000,0.975000,0.000000,,0.974991,0.974991,0.975009,0.111703,f002bf1,fdf291498621
ef4c08df0dc7,2026-09-25T03:12:51+00:00,s2,wine,logistic_regression,byzantine,label_flip,0.300000,3,10,iid,30,1.000000,0.916667,8.333333,,0.924603,0.924603,0.918167,0.122344,f002bf1,00c395877e68
495e34624d16,2026-09-25T03:12:51+00:00,s1,breast_cancer,logistic_regression,extraction,label_only,250.000000,3,,,,0.991228,0.982456,0.877193,0.991228,0.976190,0.952381,0.975610,0.080959,f002bf1,4ef7fd21aaab
cf2039c477be,2026-09-25T03:12:51+00:00,s1,digits,logistic_regression,membership,confidence_threshold,2.000000,2,,,,0.963889,0.963889,0.000000,0.534916,0.963876,0.963876,0.963905,0.137303,f002bf1,0091f6e66c92
e543ef81d0ac,2026-09-25T03:12:51+00:00,s1,digits,logistic_regression,backdoor,trigger,0.000000,2,,,,0.963889,0.963889,0.000000,0.061728,0.963876,0.963876,0.963905,0.160132,f002bf1,b03eeb22971b
ebab56279b82,2026-09-25T03:12:51+00:00,s2,breast_cancer,logistic_regression,byzantine,backdoor,0.300000,1,10,iid,30,0.982456,0.921053,6.140351,0.809524,0.892857,0.785714,0.880000,0.239929,f002bf1,1e37a1c7c3ec
0656210e814d,2026-09-25T03:12:51+00:00,s1,digits,logistic_regression,inversion,zeroth_order,0.000000,4,,,,0.980556,0.980556,0.000000,,0.980547,0.980547,0.980609,0.158308,f002bf1,fdf291498621
40e1eff43a69,2026-09-25T03:12:51+00:00,s2,breast_cancer,logistic_regression,byzantine,targeted_flip,0.300000,1,10,iid,30,0.982456,0.912281,7.017544,0.238095,0.880952,0.761905,0.864865,0.234015,f002bf1,ad88d69b53e7
237a142f2422,2026-09-25T03:12:51+00:00,s2,wine,logistic_regression,byzantine,label_flip,0.300000,4,10,iid,30,0.972222,0.833333,13.888889,,0.824603,0.824603,0.827025,0.149067,f002bf1,00c395877e68
5a3c60391362,2026-09-25T03:12:51+00:00,s1,breast_cancer,logistic_regression,extraction,label_only,250.000000,4,,,,0.938596,0.938596,0.000000,1.000000,0.916667,0.833333,0.909091,0.074979,f002bf1,4ef7fd21aaab
55df175450d1,2026-09-25T03:12:51+00:00,s1,digits,logistic_regression,poisoning,targeted,0.050000,0,,,,0.966667,0.963889,0.277778,0.027778,0.963642,0.963642,0.964043,0.250209,f002bf1,84543e090d07
e6322673a472,2026-09-25T03:12:51+00:00,s1,digits,logistic_regression,backdoor,trigger,0.000000,3,,,,0.975000,0.975000,0.000000,0.083591,0.974991,0.974991,0.975009,0.131868,f002bf1,b03eeb22971b
6928fcc353d2,2026-09-25T03:12:51+00:00,s1,digits,logistic_regression,inversion,zeroth_order,20.000000,0,,,,0.966667,0.966667,0.000000,0.229249,0.966266,0.966266,0.966731,0.118782,f002bf1,6a7445ab07a4
575e20b2e3da,2026-09-25T03:12:51+00:00,s1,digits,logistic_regression,membership,confidence_threshold,2.000000,3,,,,0.975000,0.975000,0.000000,0.477654,0.974991,0.974991,0.975009,0.179553,f002bf1,0091f6e66c92
38fceec7a32b,2026-09-25T03:12:52+00:00,s2,wine,logistic_regression,byzantine,label_flip,0.400000,0,10,iid,30,1.000000,0.944444,5.555556,,0.938889,0.938889,0.945741,0.108882,f002bf1,a39982acee65
f202965ed29c,2026-09-25T03:12:52+00:00,s1,breast_cancer,logistic_regression,extraction,label_only,500.000000,0,,,,0.973684,0.956140,1.754386,0.982456,0.950397,0.928571,0.939759,0.114238,f002bf1,7cfc3affbf2e
e767c02a3187,2026-09-25T03:12:52+00:00,s2,digits,logistic_regression,byzantine,sign_flip,0.100000,1,10,iid,30,0.963889,0.961111,0.277778,,0.961019,0.961019,0.960739,0.720959,f002bf1,7404728ab257
ce6888dea0e3,2026-09-25T03:12:52+00:00,s2,breast_cancer,logistic_regression,byzantine,targeted_flip,0.300000,2,10,iid,30,0.964912,0.894737,7.017544,0.285714,0.857143,0.714286,0.833333,0.240201,f002bf1,ad88d69b53e7
33e37218bbe1,2026-09-25T03:12:52+00:00,s2,wine,logistic_regression,byzantine,label_flip,0.400000,1,10,iid,30,1.000000,0.916667,8.333333,,0.928571,0.928571,0.916364,0.103923,f002bf1,a39982acee65
f786de1f08ff,2026-09-25T03:12:52+00:00,s1,digits,logistic_regression,inversion,zeroth_order,20.000000,1,,,,0.963889,0.963889,0.000000,0.301760,0.964026,0.964026,0.963871,0.139925,f002bf1,6a7445ab07a4
1ee5d78e672e,2026-09-25T03:12:52+00:00,s1,digits,logistic_regression,backdoor,trigger,0.000000,4,,,,0.980556,0.980556,0.000000,0.108359,0.980547,0.980547,0.980609,0.161340,f002bf1,b03eeb22971b
38e9f181a2bc,2026-09-25T03:12:52+00:00,s1,digits,logistic_regression,membership,confidence_threshold,2.000000,4,,,,0.980556,0.980556,0.000000,0.516760,0.980547,0.980547,0.980609,0.136087,f002bf1,0091f6e66c92
c583ef89bcdd,2026-09-25T03:12:52+00:00,s1,digits,logistic_regression,poisoning,targeted,0.050000,1,,,,0.963889,0.958333,0.555556,0.000000,0.958237,0.958237,0.958160,0.202808,f002bf1,84543e090d07
76f7a8c7a44a,2026-09-25T03:12:52+00:00,s1,breast_cancer,logistic_regression,extraction,label_only,500.000000,1,,,,0.982456,0.982456,0.000000,1.000000,0.981151,0.976190,0.976190,0.132244,f002bf1,7cfc3affbf2e
01c9f8c6aea7,2026-09-25T03:12:52+00:00,s2,breast_cancer,logistic_regression,byzantine,backdoor,0.300000,2,10,iid,30,0.964912,0.938596,2.631579,0.857143,0.916667,0.833333,0.909091,0.390123,f002bf1,1e37a1c7c3ec
6fe2c5f9842e,2026-09-25T03:12:52+00:00,s2,wine,logistic_regression,byzantine,label_flip,0.400000,2,10,iid,30,1.000000,0.916667,8.333333,,0.928571,0.928571,0.918486,0.121709,f002bf1,a39982acee65
648dfa634401,2026-09-25T03:12:52+00:00,s1,digits,logistic_regression,inversion,zeroth_order,20.000000,2,,,,0.963889,0.963889,0.000000,0.286793,0.963876,0.963876,0.963905,0.147026,f002bf1,6a7445ab07a4
656033e5c4a9,2026-09-25T03:12:52+00:00,s1,breast_cancer,logistic_regression,extraction,label_only,500.000000,2,,,,0.964912,0.982456,-1.754386,0.982456,0.981151,0.976190,0.976190,0.095204,f002bf1,7cfc3affbf2e
dc369290e4db,2026-09-25T03:12:52+00:00,s1,digits,logistic_regression,membership,confidence_threshold,5.000000,0,,,,0.966667,0.966667,0.000000,0.539437,0.966266,0.966266,0.966731,0.149265,f002bf1,868b9e62f76c
fa6b2e994e39,2026-09-25T03:12:52+00:00,s1,digits,logistic_regression,backdoor,trigger,0.010000,0,,,,0.966667,0.966667,0.000000,0.703704,0.966266,0.966266,0.966527,0.176448,f002bf1,a8e395f3f44c
6ed407fde1d7,2026-09-25T03:12:52+00:00,s1,digits,logistic_regression,poisoning,targeted,0.050000,2,,,,0.963889,0.947222,1.666667,0.000000,0.946971,0.946971,0.946895,0.173139,f002bf1,84543e090d07
72beb592a1cd,2026-09-25T03:12:52+00:00,s2,breast_cancer,logistic_regression,byzantine,targeted_flip,0.300000,3,10,iid,30,0.991228,0.929825,6.140351,0.190476,0.904762,0.809524,0.894737,0.214584,f002bf1,ad88d69b53e7
2e59784c32dc,2026-09-25T03:12:52+00:00,s2,wine,logistic_regression,byzantine,label_flip,0.400000,3,10,iid,30,1.000000,0.777778,22.222222,,0.801587,0.801587,0.783550,0.106551,f002bf1,a39982acee65
eb59ca47e47f,2026-09-25T03:12:52+00:00,s1,breast_cancer,logistic_regression,extraction,label_only,500.000000,3,,,,0.991228,0.991228,0.000000,1.000000,0.988095,0.976190,0.987952,0.063920,f002bf1,7cfc3affbf2e
4b796718058f,2026-09-25T03:12:52+00:00,s1,digits,logistic_regression,inversion,zeroth_order,20.000000,3,,,,0.975000,0.975000,0.000000,0.308736,0.974991,0.974991,0.975009,0.134931,f002bf1,6a7445ab07a4
4eb2b40bbe0d,2026-09-25T03:12:52+00:00,s1,breast_cancer,logistic_regression,extraction,label_only,500.000000,4,,,,0.938596,0.947368,-0.877193,0.973684,0.933532,0.880952,0.925000,0.056288,f002bf1,7cfc3affbf2e
746e0de22427,2026-09-25T03:12:52+00:00,s1,digits,logistic_regression,membership,confidence_threshold,5.000000,1,,,,0.963889,0.963889,0.000000,0.508451,0.964026,0.964026,0.963871,0.132091,f002bf1,868b9e62f76c
e59dbca7f7fd,2026-09-25T03:12:52+00:00,s2,breast_cancer,logistic_regression,byzantine,backdoor,0.300000,3,10,iid,30,0.991228,0.956140,3.508772,0.690476,0.940476,0.880952,0.936709,0.211313,f002bf1,1e37a1c7c3ec
0f1e7bedb1d9,2026-09-25T03:12:52+00:00,s2,wine,logistic_regression,byzantine,label_flip,0.400000,4,10,iid,30,0.972222,0.861111,11.111111,,0.848413,0.848413,0.850020,0.114796,f002bf1,a39982acee65
498430108e68,2026-09-25T03:12:52+00:00,s1,digits,logistic_regression,backdoor,trigger,0.010000,1,,,,0.963889,0.952778,1.111111,0.512346,0.952598,0.952598,0.952490,0.147029,f002bf1,a8e395f3f44c
d96457a97417,2026-09-25T03:12:52+00:00,s1,breast_cancer,logistic_regression,extraction,label_only,1000.000000,0,,,,0.973684,0.956140,1.754386,0.982456,0.950397,0.928571,0.939759,0.061421,f002bf1,de763122ca4c
7f9c32398cf4,2026-09-25T03:12:52+00:00,s1,digits,logistic_regression,poisoning,targeted,0.050000,3,,,,0.975000,0.966667,0.833333,0.027778,0.966579,0.966579,0.966749,0.185827,f002bf1,84543e090d07
bebffd6aea51,2026-09-25T03:12:52+00:00,s1,digits,logistic_regression,inversion,zeroth_order,20.000000,4,,,,0.980556,0.980556,0.000000,0.225172,0.980547,0.980547,0.980609,0.118158,f002bf1,6a7445ab07a4
2a9dc23c4e85,2026-09-25T03:12:52+00:00,s1,digits,logistic_regression,membership,confidence_threshold,5.000000,2,,,,0.963889,0.963889,0.000000,0.535211,0.963876,0.963876,0.963905,0.113965,f002bf1,868b9e62f76c
d34dea0448e6,2026-09-25T03:12:52+00:00,s2,breast_cancer,logistic_regression,byzantine,targeted_flip,0.300000,4,10,iid,30,0.956140,0.842105,11.403509,0.428571,0.785714,0.571429,0.727273,0.227127,f002bf1,ad88d69b53e7
d8d9c975d547,2026-09-25T03:12:52+00:00,s1,breast_cancer,logistic_regression,extraction,label_only,1000.000000,1,,,,0.982456,0.973684,0.877193,0.991228,0.974206,0.976190,0.964706,0.073301,f002bf1,de763122ca4c
1cb87fea1930,2026-09-25T03:12:52+00:00,s2,wine,logistic_regression,byzantine,label_flip,0.500000,0,10,iid,30,1.000000,0.777778,22.222222,,0.769048,0.769048,0.782574,0.116006,f002bf1,579c01d52cbf
9309be578e57,2026-09-25T03:12:52+00:00,s1,breast_cancer,logistic_regression,extraction,label_only,1000.000000,2,,,,0.964912,0.973684,-0.877193,0.991228,0.969246,0.952381,0.963855,0.052716,f002bf1,de763122ca4c
f3bb96fdef03,2026-09-25T03:12:52+00:00,s1,digits,logistic_regression,backdoor,trigger,0.010000,2,,,,0.963889,0.963889,0.000000,0.617284,0.963797,0.963797,0.964112,0.158058,f002bf1,a8e395f3f44c
2a0d89fd6639,2026-09-25T03:12:52+00:00,s2,breast_cancer,logistic_regression,byzantine,backdoor,0.300000,4,10,iid,30,0.956140,0.903509,5.263158,0.738095,0.869048,0.738095,0.849315,0.194791,f002bf1,1e37a1c7c3ec
db5fd2ac63c9,2026-09-25T03:12:52+00:00,s1,digits,logistic_regression,membership,confidence_threshold,5.000000,3,,,,0.975000,0.975000,0.000000,0.498592,0.974991,0.974991,0.975009,0.113876,f002bf1,868b9e62f76c
664b81d91780,2026-09-25T03:12:52+00:00,s1,digits,logistic_regression,inversion,zeroth_order,100.000000,0,,,,0.966667,0.966667,0.000000,0.425926,0.966266,0.966266,0.966731,0.125624,f002bf1,5413e1e5b370
73eac3ccfab2,2026-09-25T03:12:52+00:00,s1,digits,logistic_regression,poisoning,targeted,0.050000,4,,,,0.980556,0.966667,1.388889,0.000000,0.966574,0.966574,0.966605,0.164101,f002bf1,84543e090d07
26d96aa638cf,2026-09-25T03:12:52+00:00,s1,breast_cancer,logistic_regression,extraction,label_only,1000.000000,3,,,,0.991228,0.991228,0.000000,1.000000,0.988095,0.976190,0.987952,0.061159,f002bf1,de763122ca4c
2ec9488e1390,2026-09-25T03:12:52+00:00,s2,digits,logistic_regression,byzantine,sign_flip,0.100000,2,10,iid,30,0.958333,0.950000,0.833333,,0.949745,0.949745,0.949893,0.646164,f002bf1,7404728ab257
39597f7a2df4,2026-09-25T03:12:52+00:00,s2,wine,logistic_regression,byzantine,label_flip,0.500000,1,10,iid,30,1.000000,0.722222,27.777778,,0.726984,0.726984,0.731313,0.113850,f002bf1,579c01d52cbf
a33b814360eb,2026-09-25T03:12:52+00:00,s1,breast_cancer,logistic_regression,extraction,label_only,1000.000000,4,,,,0.938596,0.947368,-0.877193,0.991228,0.928571,0.857143,0.923077,0.060696,f002bf1,de763122ca4c
2e7e5cc77bdb,2026-09-25T03:12:52+00:00,s2,breast_cancer,logistic_regression,byzantine,targeted_flip,0.400000,0,10,iid,30,0.973684,0.833333,14.035088,0.452381,0.773810,0.547619,0.707692,0.200634,f002bf1,49be804263c0
f92d10bd34c3,2026-09-25T03:12:52+00:00,s1,digits,logistic_regression,membership,confidence_threshold,5.000000,4,,,,0.980556,0.980556,0.000000,0.511268,0.980547,0.980547,0.980609,0.114702,f002bf1,868b9e62f76c
a84c7bf8e777,2026-09-25T03:12:52+00:00,s1,digits,logistic_regression,inversion,zeroth_order,100.000000,1,,,,0.963889,0.963889,0.000000,0.366685,0.964026,0.964026,0.963871,0.120636,f002bf1,5413e1e5b370
8127467e3555,2026-09-25T03:12:52+00:00,s2,wine,logistic_regression,byzantine,label_flip,0.500000,2,10,iid,30,1.000000,0.777778,22.222222,,0.809524,0.809524,0.769697,0.095117,f002bf1,579c01d52cbf
4aad4dc50107,2026-09-25T03:12:52+00:00,s1,digits,logistic_regression,backdoor,trigger,0.010000,3,,,,0.975000,0.963889,1.111111,0.712074,0.963797,0.963797,0.963880,0.166333,f002bf1,a8e395f3f44c
a8c937aa55a9,2026-09-25T03:12:52+00:00,s2,breast_cancer,logistic_regression,byzantine,backdoor,0.400000,0,10,iid,30,0.973684,0.938596,3.508772,0.904762,0.916667,0.833333,0.909091,0.160249,f002bf1,f622825555d3
3aa4a920fb04,2026-09-25T03:12:52+00:00,s1,digits,logistic_regression,extraction,label_only,0.000000,0,,,,0.966667,0.966667,0.000000,,0.966266,0.966266,0.966731,0.097882,f002bf1,d6bd5f498f4a
dd5c3a64bed7,2026-09-25T03:12:52+00:00,s1,digits,logistic_regression,poisoning,targeted,0.100000,0,,,,0.966667,0.958333,0.833333,0.055556,0.958087,0.958087,0.958931,0.196382,f002bf1,11086f16535a
08224863e459,2026-09-25T03:12:52+00:00,s1,digits,logistic_regression,membership,confidence_threshold,10.000000,0,,,,0.966667,0.966667,0.000000,0.542857,0.966266,0.966266,0.966731,0.105025,f002bf1,71435fb922dd
41c43fffe142,2026-09-25T03:12:52+00:00,s2,wine,logistic_regression,byzantine,label_flip,0.500000,3,10,iid,30,1.000000,0.611111,38.888889,,0.650794,0.650794,0.594872,0.093675,f002bf1,579c01d52cbf
4c8f6de39bd4,2026-09-25T03:12:52+00:00,s1,digits,logistic_regression,inversion,zeroth_order,100.000000,2,,,,0.963889,0.963889,0.000000,0.405776,0.963876,0.963876,0.963905,0.137685,f002bf1,5413e1e5b370
68f35ed5a571,2026-09-25T03:12:52+00:00,s2,breast_cancer,logistic_regression,byzantine,targeted_flip,0.400000,1,10,iid,30,0.982456,0.850877,13.157895,0.404762,0.797619,0.595238,0.746269,0.177130,f002bf1,49be804263c0
ce524f7edd8d,2026-09-25T03:12:52+00:00,s1,digits,logistic_regression,extraction,label_only,0.000000,1,,,,0.963889,0.963889,0.000000,,0.964026,0.964026,0.963871,0.107491,f002bf1,d6bd5f498f4a
2a85e68c4fa5,2026-09-25T03:12:53+00:00,s2,breast_cancer,logistic_regression,byzantine,backdoor,0.400000,1,10,iid,30,0.982456,0.912281,7.017544,0.904762,0.880952,0.761905,0.864865,0.175262,f002bf1,f622825555d3
52558a89e248,2026-09-25T03:12:53+00:00,s1,digits,logistic_regression,backdoor,trigger,0.010000,4,,,,0.980556,0.966667,1.388889,0.767802,0.966495,0.966495,0.966550,0.192080,f002bf1,a8e395f3f44c
66f3997ff385,2026-09-25T03:12:53+00:00,s2,wine,logistic_regression,byzantine,label_flip,0.500000,4,10,iid,30,0.972222,0.638889,33.333333,,0.630952,0.630952,0.629499,0.114167,f002bf1,579c01d52cbf
807689bdb34d,2026-09-25T03:12:53+00:00,s1,digits,logistic_regression,membership,confidence_threshold,10.000000,1,,,,0.963889,0.963889,0.000000,0.518571,0.964026,0.964026,0.963871,0.137084,f002bf1,71435fb922dd
f1806e2ef335,2026-09-25T03:12:53+00:00,s1,digits,logistic_regression,inversion,zeroth_order,100.000000,3,,,,0.975000,0.975000,0.000000,0.390933,0.974991,0.974991,0.975009,0.132529,f002bf1,5413e1e5b370
3df48d6fe9b1,2026-09-25T03:12:53+00:00,s1,digits,logistic_regression,poisoning,targeted,0.100000,1,,,,0.963889,0.955556,0.833333,0.083333,0.955538,0.955538,0.955750,0.212404,f002bf1,11086f16535a
4b47ec4eea6e,2026-09-25T03:12:53+00:00,s2,wine,logistic_regression,byzantine,label_flip,0.000000,0,10,non_iid,30,1.000000,1.000000,0.000000,,1.000000,1.000000,1.000000,0.079240,f002bf1,fc7c695f5d9f
78b959a2f50e,2026-09-25T03:12:53+00:00,s1,digits,logistic_regression,extraction,label_only,0.000000,2,,,,0.963889,0.963889,0.000000,,0.963876,0.963876,0.963905,0.144047,f002bf1,d6bd5f498f4a
7dfade961e54,2026-09-25T03:12:53+00:00,s2,breast_cancer,logistic_regression,byzantine,targeted_flip,0.400000,2,10,iid,30,0.964912,0.877193,8.771930,0.333333,0.833333,0.666667,0.800000,0.178061,f002bf1,49be804263c0
c37a9aef7049,2026-09-25T03:12:53+00:00,s2,breast_cancer,logistic_regression,byzantine,backdoor,0.400000,2,10,iid,30,0.964912,0.929825,3.508772,0.904762,0.904762,0.809524,0.894737,0.184720,f002bf1,f622825555d3
3674b5bbac2a,2026-09-25T03:12:53+00:00,s1,digits,logistic_regression,membership,confidence_threshold,10.000000,2,,,,0.963889,0.963889,0.000000,0.534286,0.963876,0.963876,0.963905,0.136845,f002bf1,71435fb922dd
5f4deaf176a0,2026-09-25T03:12:53+00:00,s2,wine,logistic_regression,byzantine,label_flip,0.000000,1,10,non_iid,30,0.972222,0.972222,0.000000,,0.976190,0.976190,0.971781,0.065803,f002bf1,fc7c695f5d9f
0310e09c0472,2026-09-25T03:12:53+00:00,s2,digits,logistic_regression,byzantine,sign_flip,0.100000,3,10,iid,30,0.963889,0.955556,0.833333,,0.955613,0.955613,0.955477,0.493540,f002bf1,7404728ab257
04ab853230a9,2026-09-25T03:12:53+00:00,s1,digits,logistic_regression,backdoor,trigger,0.020000,0,,,,0.966667,0.961111,0.555556,0.746914,0.960551,0.960551,0.960863,0.201923,f002bf1,99bd1755521d
f4dbc980c0eb,2026-09-25T03:12:53+00:00,s1,digits,logistic_regression,inversion,zeroth_order,100.000000,4,,,,0.980556,0.980556,0.000000,0.386909,0.980547,0.980547,0.980609,0.137159,f002bf1,5413e1e5b370
1ff9fff314c9,2026-09-25T03:12:53+00:00,s1,digits,logistic_regression,extraction,label_only,0.000000,3,,,,0.975000,0.975000,0.000000,,0.974991,0.974991,0.975009,0.097217,f002bf1,d6bd5f498f4a
5015beba9dc4,2026-09-25T03:12:53+00:00,s1,digits,logistic_regression,poisoning,targeted,0.100000,2,,,,0.963889,0.947222,1.666667,0.083333,0.947130,0.947130,0.947926,0.156418,f002bf1,11086f16535a
d4df22bc4cf2,2026-09-25T03:12:53+00:00,s2,wine,logistic_regression,byzantine,label_flip,0.000000,2,10,non_iid,30,1.000000,1.000000,0.000000,,1.000000,1.000000,1.000000,0.062595,f002bf1,fc7c695f5d9f
90446357bbdd,2026-09-25T03:12:53+00:00,s2,breast_cancer,logistic_regression,byzantine,targeted_flip,0.400000,3,10,iid,30,0.991228,0.833333,15.789474,0.452381,0.773810,0.547619,0.707692,0.163818,f002bf1,49be804263c0
df047d782f5a,2026-09-25T03:12:53+00:00,s1,digits,logistic_regression,membership,confidence_threshold,10.000000,3,,,,0.975000,0.975000,0.000000,0.497143,0.974991,0.974991,0.975009,0.116289,f002bf1,71435fb922dd
6ae1ba8417b4,2026-09-25T03:12:53+00:00,s1,digits,logistic_regression,extraction,label_only,0.000000,4,,,,0.980556,0.980556,0.000000,,0.980547,0.980547,0.980609,0.100098,f002bf1,d6bd5f498f4a
5a477fbce196,2026-09-25T03:12:53+00:00,s2,wine,logistic_regression,byzantine,label_flip,0.000000,3,10,non_iid,30,1.000000,1.000000,0.000000,,1.000000,1.000000,1.000000,0.078720,f002bf1,fc7c695f5d9f
ca6859b53dca,2026-09-25T03:12:53+00:00,s1,digits,logistic_regression,backdoor,trigger,0.020000,1,,,,0.963889,0.950000,1.388889,0.682099,0.949899,0.949899,0.949619,0.151090,f002bf1,99bd1755521d
73416c74fbd6,2026-09-25T03:12:53+00:00,s2,breast_cancer,logistic_regression,byzantine,backdoor,0.400000,3,10,iid,30,0.991228,0.921053,7.017544,0.785714,0.892857,0.785714,0.880000,0.184718,f002bf1,f622825555d3
246dcc7b494d,2026-09-25T03:12:53+00:00,s1,digits,logistic_regression,membership,confidence_threshold,10.000000,4,,,,0.980556,0.980556,0.000000,0.518571,0.980547,0.980547,0.980609,0.125098,f002bf1,71435fb922dd
ed39a3e5ad05,2026-09-25T03:12:53+00:00,s1,digits,logistic_regression,poisoning,targeted,0.100000,3,,,,0.975000,0.969444,0.555556,0.027778,0.969436,0.969436,0.969655,0.189054,f002bf1,11086f16535a
2a0d52424022,2026-09-25T03:12:53+00:00,s2,wine,logistic_regression,byzantine,label_flip,0.000000,4,10,non_iid,30,0.972222,0.972222,0.000000,,0.976190,0.976190,0.974321,0.124473,f002bf1,fc7c695f5d9f
c2517d7d1d37,2026-09-25T03:12:53+00:00,s1,digits,logistic_regression,extraction,label_only,10.000000,0,,,,0.966667,0.180556,78.611111,0.172222,0.180446,0.180446,0.130929,0.142877,f002bf1,793a13eeff81
9d613cec4a66,2026-09-25T03:12:53+00:00,s1,digits,logistic_regression,inversion,zeroth_order,500.000000,0,,,,0.966667,0.966667,0.000000,0.543879,0.966266,0.966266,0.966731,0.273121,f002bf1,ed75836ae605
d2dd0fe5e9c4,2026-09-25T03:12:53+00:00,s2,breast_cancer,logistic_regression,byzantine,targeted_flip,0.400000,4,10,iid,30,0.956140,0.789474,16.666667,0.571429,0.714286,0.428571,0.600000,0.248034,f002bf1,49be804263c0
6c2cd28c13c6,2026-09-25T03:12:53+00:00,s1,digits,logistic_regression,membership,confidence_threshold,20.000000,0,,,,0.966667,0.966667,0.000000,0.530882,0.966266,0.966266,0.966731,0.135491,f002bf1,456ff99be188
8926ca27d26c,2026-09-25T03:12:53+00:00,s1,digits,logistic_regression,backdoor,trigger,0.020000,2,,,,0.963889,0.955556,0.833333,0.768519,0.955230,0.955230,0.955668,0.225180,f002bf1,99bd1755521d
fb8af733bf3d,2026-09-25T03:12:53+00:00,s2,breast_cancer,logistic_regression,byzantine,backdoor,0.400000,4,10,iid,30,0.956140,0.868421,8.771930,0.833333,0.821429,0.642857,0.782609,0.228673,f002bf1,f622825555d3
96959311ca85,2026-09-25T03:12:53+00:00,s1,digits,logistic_regression,extraction,label_only,10.000000,1,,,,0.963889,0.161111,80.277778,0.152778,0.161840,0.161840,0.072660,0.111319,f002bf1,793a13eeff81
8c0f7fd7897f,2026-09-25T03:12:53+00:00,s2,wine,logistic_regression,byzantine,label_flip,0.100000,0,10,non_iid,30,1.000000,1.000000,0.000000,,1.000000,1.000000,1.000000,0.128242,f002bf1,85945b23be60
a7cf82792eea,2026-09-25T03:12:53+00:00,s1,digits,logistic_regression,poisoning,targeted,0.100000,4,,,,0.980556,0.966667,1.388889,0.055556,0.966574,0.966574,0.966911,0.172462,f002bf1,11086f16535a
e9984947d23e,2026-09-25T03:12:53+00:00,s1,digits,logistic_regression,extraction,label_only,10.000000,2,,,,0.963889,0.119444,84.444444,0.113889,0.121358,0.121358,0.059567,0.099606,f002bf1,793a13eeff81
3d33a7b98b0e,2026-09-25T03:12:53+00:00,s1,digits,logistic_regression,membership,confidence_threshold,20.000000,1,,,,0.963889,0.963889,0.000000,0.500000,0.964026,0.964026,0.963871,0.125336,f002bf1,456ff99be188
e4d524355a2e,2026-09-25T03:12:53+00:00,s1,digits,logistic_regression,inversion,zeroth_order,500.000000,1,,,,0.963889,0.963889,0.000000,0.555003,0.964026,0.964026,0.963871,0.233641,f002bf1,ed75836ae605
5202b9adf925,2026-09-25T03:12:53+00:00,s2,wine,logistic_regression,byzantine,label_flip,0.100000,1,10,non_iid,30,0.972222,0.972222,0.000000,,0.976190,0.976190,0.971781,0.113712,f002bf1,85945b23be60
39890fac2e83,2026-09-25T03:12:53+00:00,s2,breast_cancer,logistic_regression,byzantine,backdoor,0.500000,0,10,iid,30,0.973684,0.921053,5.263158,0.952381,0.892857,0.785714,0.880000,0.187892,f002bf1,338541e77be9
3414319f6ba6,2026-09-25T03:12:53+00:00,s1,digits,logistic_regression,backdoor,trigger,0.020000,3,,,,0.975000,0.955556,1.944444,0.839009,0.955380,0.955380,0.955638,0.197285,f002bf1,99bd1755521d
a1984aa2da39,2026-09-25T03:12:53+00:00,s2,breast_cancer,logistic_regression,byzantine,targeted_flip,0.500000,0,10,iid,30,0.973684,0.754386,21.929825,0.666667,0.666667,0.333333,0.500000,0.234906,f002bf1,88f092e5c395
d86245096db1,2026-09-25T03:12:53+00:00,s2,digits,logistic_regression,byzantine,sign_flip,0.100000,4,10,iid,30,0.955556,0.947222,0.833333,,0.947192,0.947192,0.947052,0.614251,f002bf1,7404728ab257
aeb9c47b9e72,2026-09-25T03:12:53+00:00,s1,digits,logistic_regression,poisoning,targeted,0.200000,0,,,,0.966667,0.961111,0.555556,0.027778,0.960864,0.960864,0.961430,0.194150,f002bf1,07b21633fa43
5bd80691e81a,2026-09-25T03:12:53+00:00,s1,digits,logistic_regression,extraction,label_only,10.000000,3,,,,0.975000,0.186111,78.888889,0.186111,0.189762,0.189762,0.094337,0.116784,f002bf1,793a13eeff81
70d4e4d0b21d,2026-09-25T03:12:53+00:00,s1,digits,logistic_regression,membership,confidence_threshold,20.000000,2,,,,0.963889,0.963889,0.000000,0.533824,0.963876,0.963876,0.963905,0.121937,f002bf1,456ff99be188
b523559cd291,2026-09-25T03:12:53+00:00,s2,wine,logistic_regression,byzantine,label_flip,0.100000,2,10,non_iid,30,1.000000,1.000000,0.000000,,1.000000,1.000000,1.000000,0.108774,f002bf1,85945b23be60
5e07a716b23c,2026-09-25T03:12:53+00:00,s1,digits,logistic_regression,inversion,zeroth_order,500.000000,2,,,,0.963889,0.963889,0.000000,0.578337,0.963876,0.963876,0.963905,0.222340,f002bf1,ed75836ae605
8f751fedbf40,2026-09-25T03:12:53+00:00,s1,digits,logistic_regression,extraction,label_only,10.000000,4,,,,0.980556,0.233333,74.722222,0.238889,0.235064,0.235064,0.129804,0.117326,f002bf1,793a13eeff81
af23ee586868,2026-09-25T03:12:53+00:00,s2,wine,logistic_regression,byzantine,label_flip,0.100000,3,10,non_iid,30,1.000000,1.000000,0.000000,,1.000000,1.000000,1.000000,0.114195,f002bf1,85945b23be60
1d9ab4116a6a,2026-09-25T03:12:53+00:00,s2,breast_cancer,logistic_regression,byzantine,backdoor,0.500000,1,10,iid,30,0.982456,0.877193,10.526316,0.976190,0.833333,0.666667,0.800000,0.171848,f002bf1,338541e77be9
1f533f107a8d,2026-09-25T03:12:53+00:00,s1,digits,logistic_regression,membership,confidence_threshold,20.000000,3,,,,0.975000,0.975000,0.000000,0.497059,0.974991,0.974991,0.975009,0.123001,f002bf1,456ff99be188
ec0ac3505f1b,2026-09-25T03:12:54+00:00,s2,breast_cancer,logistic_regression,byzantine,targeted_flip,0.500000,1,10,iid,30,0.982456,0.798246,18.421053,0.547619,0.726190,0.452381,0.622951,0.177708,f002bf1,88f092e5c395
3c799c5177fb,2026-09-25T03:12:54+00:00,s1,digits,logistic_regression,backdoor,trigger,0.020000,4,,,,0.980556,0.969444,1.111111,0.681115,0.969352,0.969352,0.969433,0.192698,f002bf1,99bd1755521d
c7151230beca,2026-09-25T03:12:54+00:00,s1,digits,logistic_regression,poisoning,targeted,0.200000,1,,,,0.963889,0.936111,2.777778,0.222222,0.936094,0.936094,0.936533,0.172671,f002bf1,07b21633fa43
49925b1a7851,2026-09-25T03:12:54+00:00,s1,digits,logistic_regression,extraction,label_only,25.000000,0,,,,0.966667,0.347222,61.944444,0.347222,0.344972,0.344972,0.249787,0.105200,f002bf1,eaf1c6413b51
7e83f1e8aa65,2026-09-25T03:12:54+00:00,s1,digits,logistic_regression,membership,confidence_threshold,20.000000,4,,,,0.980556,0.980556,0.000000,0.513235,0.980547,0.980547,0.980609,0.138182,f002bf1,456ff99be188
d676e5c565f5,2026-09-25T03:12:54+00:00,s2,wine,logistic_regression,byzantine,label_flip,0.100000,4,10,non_iid,30,0.972222,0.972222,0.000000,,0.976190,0.976190,0.974321,0.159276,f002bf1,85945b23be60
ac58c9f795ff,2026-09-25T03:12:54+00:00,s2,breast_cancer,logistic_regression,byzantine,backdoor,0.500000,2,10,iid,30,0.964912,0.912281,5.263158,0.952381,0.880952,0.761905,0.864865,0.169451,f002bf1,338541e77be9
cf7aaa351e2b,2026-09-25T03:12:54+00:00,s1,wine,logistic_regression,membership,confidence_threshold,0.000000,0,,,,1.000000,1.000000,0.000000,,1.000000,1.000000,1.000000,0.040724,f002bf1,daee78789353
fba1048d40bf,2026-09-25T03:12:54+00:00,s2,breast_cancer,logistic_regression,byzantine,targeted_flip,0.500000,2,10,iid,30,0.964912,0.815789,14.912281,0.500000,0.750000,0.500000,0.666667,0.186576,f002bf1,88f092e5c395
788ebdbc6364,2026-09-25T03:12:54+00:00,s1,digits,logistic_regression,inversion,zeroth_order,500.000000,3,,,,0.975000,0.975000,0.000000,0.566019,0.974991,0.974991,0.975009,0.230737,f002bf1,ed75836ae605
9f7589d3f852,2026-09-25T03:12:54+00:00,s1,digits,logistic_regression,poisoning,targeted,0.200000,2,,,,0.963889,0.950000,1.388889,0.027778,0.949828,0.949828,0.950187,0.201942,f002bf1,07b21633fa43
fca0031270e8,2026-09-25T03:12:54+00:00,s1,wine,logistic_regression,membership,confidence_threshold,0.000000,1,,,,0.972222,0.972222,0.000000,,0.976190,0.976190,0.971781,0.042489,f002bf1,daee78789353
b6698f1d0e71,2026-09-25T03:12:54+00:00,s1,digits,logistic_regression,extraction,label_only,25.000000,1,,,,0.963889,0.286111,67.777778,0.275000,0.285579,0.285579,0.189360,0.175547,f002bf1,eaf1c6413b51
bcf0f0654d7a,2026-09-25T03:12:54+00:00,s1,wine,logistic_regression,membership,confidence_threshold,0.000000,2,,,,0.972222,0.972222,0.000000,,0.976190,0.976190,0.971781,0.031185,f002bf1,daee78789353
46f303195a69,2026-09-25T03:12:54+00:00,s2,wine,logistic_regression,byzantine,label_flip,0.200000,0,10,non_iid,30,1.000000,1.000000,0.000000,,1.000000,1.000000,1.000000,0.118795,f002bf1,f3b3af741ead
a550d442be88,2026-09-25T03:12:54+00:00,s1,digits,logistic_regression,backdoor,trigger,0.050000,0,,,,0.966667,0.958333,0.833333,0.913580,0.957773,0.957773,0.957888,0.294168,f002bf1,5e9c72dfaca0
73efc5785c74,2026-09-25T03:12:54+00:00,s1,wine,logistic_regression,membership,confidence_threshold,0.000000,3,,,,1.000000,1.000000,0.000000,,1.000000,1.000000,1.000000,0.049742,f002bf1,daee78789353
940ef699dfec,2026-09-25T03:12:54+00:00,s2,breast_cancer,logistic_regression,byzantine,backdoor,0.500000,3,10,iid,30,0.991228,0.903509,8.771930,0.833333,0.869048,0.738095,0.849315,0.187129,f002bf1,338541e77be9
8da8ba2f7a17,2026-09-25T03:12:54+00:00,s2,breast_cancer,logistic_regression,byzantine,targeted_flip,0.500000,3,10,iid,30,0.991228,0.771930,21.929825,0.619048,0.690476,0.380952,0.551724,0.179667,f002bf1,88f092e5c395
7212496f10b9,2026-09-25T03:12:54+00:00,s1,wine,logistic_regression,membership,confidence_threshold,0.000000,4,,,,1.000000,1.000000,0.000000,,1.000000,1.000000,1.000000,0.048267,f002bf1,daee78789353
95b5fb1e49f4,2026-09-25T03:12:54+00:00,s2,wine,logistic_regression,byzantine,label_flip,0.200000,1,10,non_iid,30,0.972222,0.972222,0.000000,,0.976190,0.976190,0.971781,0.112315,f002bf1,f3b3af741ead
90d6c99a8f8b,2026-09-25T03:12:54+00:00,s1,digits,logistic_regression,poisoning,targeted,0.200000,3,,,,0.975000,0.966667,0.833333,0.083333,0.966737,0.966737,0.966755,0.170839,f002bf1,07b21633fa43
15072d6f2a7f,2026-09-25T03:12:54+00:00,s1,digits,logistic_regression,inversion,zeroth_order,500.000000,4,,,,0.980556,0.980556,0.000000,0.568374,0.980547,0.980547,0.980609,0.206231,f002bf1,ed75836ae605
93bca8f8a7ff,2026-09-25T03:12:54+00:00,s1,wine,logistic_regression,membership,confidence_threshold,2.000000,0,,,,1.000000,1.000000,0.000000,0.441176,1.000000,1.000000,1.000000,0.035307,f002bf1,2139329afbb4
478cc09ae7b3,2026-09-25T03:12:54+00:00,s1,digits,logistic_regression,extraction,label_only,25.000000,2,,,,0.963889,0.147222,81.666667,0.147222,0.149704,0.149704,0.118337,0.147598,f002bf1,eaf1c6413b51
9d706e04554f,2026-09-25T03:12:54+00:00,s2,digits,logistic_regression,byzantine,sign_flip,0.200000,0,10,iid,30,0.952778,0.941667,1.111111,,0.941712,0.941712,0.942240,0.610380,f002bf1,48d462e7744c
6d065386deb4,2026-09-25T03:12:54+00:00,s1,wine,logistic_regression,membership,confidence_threshold,2.000000,1,,,,0.972222,0.972222,0.000000,0.500000,0.976190,0.976190,0.971781,0.037417,f002bf1,2139329afbb4
207a101036eb,2026-09-25T03:12:54+00:00,s1,digits,logistic_regression,backdoor,trigger,0.050000,1,,,,0.963889,0.944444,1.944444,0.913580,0.944494,0.944494,0.944584,0.181882,f002bf1,5e9c72dfaca0
9b01ab4da139,2026-09-25T03:12:54+00:00,s2,wine,logistic_regression,byzantine,label_flip,0.200000,2,10,non_iid,30,1.000000,0.972222,2.777778,,0.976190,0.976190,0.971781,0.090034,f002bf1,f3b3af741ead
ae8d5349e7ea,2026-09-25T03:12:54+00:00,s1,wine,logistic_regression,membership,confidence_threshold,2.000000,2,,,,0.972222,0.972222,0.000000,0.529412,0.976190,0.976190,0.971781,0.034231,f002bf1,2139329afbb4
ca0856e9f791,2026-09-25T03:12:54+00:00,s2,breast_cancer,logistic_regression,byzantine,backdoor,0.500000,4,10,iid,30,0.956140,0.859649,9.649123,0.880952,0.809524,0.619048,0.764706,0.188165,f002bf1,338541e77be9
ada36cac74fe,2026-09-25T03:12:54+00:00,s2,breast_cancer,logistic_regression,byzantine,targeted_flip,0.500000,4,10,iid,30,0.956140,0.771930,18.421053,0.619048,0.690476,0.380952,0.551724,0.170821,f002bf1,88f092e5c395
0d583953f5ab,2026-09-25T03:12:54+00:00,s1,wine,logistic_regression,membership,confidence_threshold,2.000000,3,,,,1.000000,1.000000,0.000000,0.514706,1.000000,1.000000,1.000000,0.042673,f002bf1,2139329afbb4
a532cc9f094f,2026-09-25T03:12:54+00:00,s1,digits,logistic_regression,extraction,label_only,25.000000,3,,,,0.975000,0.261111,71.388889,0.258333,0.264474,0.264474,0.189320,0.147050,f002bf1,eaf1c6413b51
bc6d8d5c27c2,2026-09-25T03:12:54+00:00,s1,digits,logistic_regression,poisoning,targeted,0.200000,4,,,,0.980556,0.955556,2.500000,0.138889,0.955388,0.955388,0.955726,0.174383,f002bf1,07b21633fa43
1346bc05ed05,2026-09-25T03:12:54+00:00,s2,wine,logistic_regression,byzantine,label_flip,0.200000,3,10,non_iid,30,1.000000,0.972222,2.777778,,0.976190,0.976190,0.971781,0.096509,f002bf1,f3b3af741ead
95d004879b76,2026-09-25T03:12:54+00:00,s1,wine,logistic_regression,membership,confidence_threshold,2.000000,4,,,,1.000000,1.000000,0.000000,0.514706,1.000000,1.000000,1.000000,0.042921,f002bf1,2139329afbb4
31366c3881c1,2026-09-25T03:12:54+00:00,s2,breast_cancer,logistic_regression,byzantine,targeted_flip,0.000000,0,10,non_iid,30,0.947368,0.947368,0.000000,0.047619,0.948413,0.952381,0.930233,0.090999,f002bf1,fdb5df0fbfc2
0efdf0dbb84b,2026-09-25T03:12:54+00:00,s2,breast_cancer,logistic_regression,byzantine,backdoor,0.000000,0,10,non_iid,30,0.947368,0.947368,0.000000,0.000000,0.948413,0.952381,0.930233,0.106238,f002bf1,32ec2e0af055
9e9e7bf85507,2026-09-25T03:12:54+00:00,s1,wine,logistic_regression,membership,confidence_threshold,5.000000,0,,,,1.000000,1.000000,0.000000,0.451613,1.000000,1.000000,1.000000,0.036521,f002bf1,f659db767dc0
42292992d9d7,2026-09-25T03:12:54+00:00,s1,digits,logistic_regression,backdoor,trigger,0.050000,2,,,,0.963889,0.963889,0.000000,0.888889,0.963567,0.963567,0.964018,0.186646,f002bf1,5e9c72dfaca0
c88571303f80,2026-09-25T03:12:54+00:00,s1,wine,logistic_regression,membership,confidence_threshold,5.000000,1,,,,0.972222,0.972222,0.000000,0.500000,0.976190,0.976190,0.971781,0.030013,f002bf1,f659db767dc0
1787c0fbf1a1,2026-09-25T03:12:54+00:00,s2,wine,logistic_regression,byzantine,label_flip,0.200000,4,10,non_iid,30,0.972222,0.972222,0.000000,,0.966667,0.966667,0.970962,0.088362,f002bf1,f3b3af741ead
14aa10597564,2026-09-25T03:12:54+00:00,s1,digits,logistic_regression,extraction,label_only,25.000000,4,,,,0.980556,0.338889,64.166667,0.344444,0.342441,0.342441,0.254055,0.132176,f002bf1,eaf1c6413b51
3723c1834856,2026-09-25T03:12:54+00:00,s1,wine,logistic_regression,membership,confidence_threshold,5.000000,2,,,,0.972222,0.972222,0.000000,0.403226,0.976190,0.976190,0.971781,0.049214,f002bf1,f659db767dc0
e95e73c51b5b,2026-09-25T03:12:54+00:00,s2,breast_cancer,logistic_regression,byzantine,targeted_flip,0.000000,1,10,non_iid,30,0.982456,0.982456,0.000000,0.023810,0.981151,0.976190,0.976190,0.107561,f002bf1,fdb5df0fbfc2
37d047da9661,2026-09-25T03:12:54+00:00,s1,digits,logistic_regression,poisoning,targeted,0.300000,0,,,,0.966667,0.941667,2.500000,0.194444,0.941341,0.941341,0.943187,0.177849,f002bf1,e08780e3361a
c70c41efb011,2026-09-25T03:12:54+00:00,s2,breast_cancer,logistic_regression,byzantine,backdoor,0.000000,1,10,non_iid,30,0.982456,0.982456,0.000000,0.000000,0.981151,0.976190,0.976190,0.110478,f002bf1,32ec2e0af055
85d24c4d9fb4,2026-09-25T03:12:54+00:00,s1,wine,logistic_regression,membership,confidence_threshold,5.000000,3,,,,1.000000,1.000000,0.000000,0.516129,1.000000,1.000000,1.000000,0.056224,f002bf1,f659db767dc0
ddd5ad1049ee,2026-09-25T03:12:54+00:00,s2,wine,logistic_regression,byzantine,label_flip,0.300000,0,10,non_iid,30,1.000000,1.000000,0.000000,,1.000000,1.000000,1.000000,0.139708,f002bf1,32034208802b
6e595debe53b,2026-09-25T03:12:54+00:00,s1,wine,logistic_regression,membership,confidence_threshold,5.000000,4,,,,1.000000,1.000000,0.000000,0.500000,1.000000,1.000000,1.000000,0.045802,f002bf1,f659db767dc0
195273fae948,2026-09-25T03:12:54+00:00,s1,wine,logistic_regression,membership,confidence_threshold,10.000000,0,,,,1.000000,1.000000,0.000000,0.423077,1.000000,1.000000,1.000000,0.043051,f002bf1,11e49e28d3d7
dc8e29fa43d4,2026-09-25T03:12:54+00:00,s2,breast_cancer,logistic_regression,byzantine,backdoor,0.000000,2,10,non_iid,30,0.938596,0.938596,0.000000,0.000000,0.931548,0.904762,0.915663,0.116797,f002bf1,32ec2e0af055
4e4a6094c499,2026-09-25T03:12:54+00:00,s1,digits,logistic_regression,backdoor,trigger,0.050000,3,,,,0.975000,0.952778,2.222222,0.910217,0.952523,0.952523,0.953100,0.246890,f002bf1,5e9c72dfaca0
fbe66d8f294b,2026-09-25T03:12:54+00:00,s1,digits,logistic_regression,extraction,label_only,50.000000,0,,,,0.966667,0.525000,44.166667,0.508333,0.525461,0.525461,0.459925,0.222044,f002bf1,2cfdbbda787a
ce405f919d2f,2026-09-25T03:12:54+00:00,s2,breast_cancer,logistic_regression,byzantine,targeted_flip,0.000000,2,10,non_iid,30,0.938596,0.938596,0.000000,0.095238,0.931548,0.904762,0.915663,0.170462,f002bf1,fdb5df0fbfc2
2c0c69f79aac,2026-09-25T03:12:54+00:00,s1,wine,logistic_regression,membership,confidence_threshold,10.000000,1,,,,0.972222,0.972222,0.000000,0.461538,0.976190,0.976190,0.971781,0.057065,f002bf1,11e49e28d3d7
d9c97633f4f4,2026-09-25T03:12:55+00:00,s2,wine,logistic_regression,byzantine,label_flip,0.300000,1,10,non_iid,30,0.972222,0.583333,38.888889,,0.543651,0.543651,0.452778,0.123431,f002bf1,32034208802b
28c244f80811,2026-09-25T03:12:55+00:00,s1,digits,logistic_regression,poisoning,targeted,0.300000,1,,,,0.963889,0.947222,1.666667,0.138889,0.947205,0.947205,0.947856,0.221693,f002bf1,e08780e3361a
d5441ff345fb,2026-09-25T03:12:55+00:00,s1,wine,logistic_regression,membership,confidence_threshold,10.000000,2,,,,0.972222,0.972222,0.000000,0.538462,0.976190,0.976190,0.971781,0.040624,f002bf1,11e49e28d3d7
3542cb9e9157,2026-09-25T03:12:55+00:00,s2,digits,logistic_regression,byzantine,sign_flip,0.200000,1,10,iid,30,0.963889,0.938889,2.500000,,0.938634,0.938634,0.938193,0.587427,f002bf1,48d462e7744c
4b519317d683,2026-09-25T03:12:55+00:00,s1,wine,logistic_regression,membership,confidence_threshold,10.000000,3,,,,1.000000,1.000000,0.000000,0.519231,1.000000,1.000000,1.000000,0.044264,f002bf1,11e49e28d3d7
966a0c1285a5,2026-09-25T03:12:55+00:00,s2,breast_cancer,logistic_regression,byzantine,backdoor,0.000000,3,10,non_iid,30,0.991228,0.991228,0.000000,0.000000,0.988095,0.976190,0.987952,0.138853,f002bf1,32ec2e0af055
9fd9314fb2dc,2026-09-25T03:12:55+00:00,s1,digits,logistic_regression,inversion,zeroth_order,2000.000000,0,,,,0.966667,0.966667,0.000000,0.629788,0.966266,0.966266,0.966731,0.672600,f002bf1,5ef9943e8f16
d187ca55848b,2026-09-25T03:12:55+00:00,s2,wine,logistic_regression,byzantine,label_flip,0.300000,2,10,non_iid,30,1.000000,0.833333,16.666667,,0.853175,0.853175,0.832776,0.108136,f002bf1,32034208802b
87f67c17ec62,2026-09-25T03:12:55+00:00,s1,digits,logistic_regression,extraction,label_only,50.000000,1,,,,0.963889,0.430556,53.333333,0.430556,0.431817,0.431817,0.357758,0.176280,f002bf1,2cfdbbda787a
541a65a848db,2026-09-25T03:12:55+00:00,s1,wine,logistic_regression,membership,confidence_threshold,10.000000,4,,,,1.000000,1.000000,0.000000,0.500000,1.000000,1.000000,1.000000,0.084744,f002bf1,11e49e28d3d7
ea43b7bba638,2026-09-25T03:12:55+00:00,s2,breast_cancer,logistic_regression,byzantine,targeted_flip,0.000000,3,10,non_iid,30,0.991228,0.991228,0.000000,0.023810,0.988095,0.976190,0.987952,0.183674,f002bf1,fdb5df0fbfc2
f310da944b02,2026-09-25T03:12:55+00:00,s1,digits,logistic_regression,poisoning,targeted,0.300000,2,,,,0.963889,0.938889,2.500000,0.194444,0.938642,0.938642,0.938983,0.205595,f002bf1,e08780e3361a
2a1c392bd2b5,2026-09-25T03:12:55+00:00,s2,breast_cancer,logistic_regression,byzantine,backdoor,0.000000,4,10,non_iid,30,0.938596,0.938596,0.000000,0.000000,0.921627,0.857143,0.911392,0.144462,f002bf1,32ec2e0af055
fc80e050b1b0,2026-09-25T03:12:55+00:00,s1,wine,logistic_regression,membership,confidence_threshold,20.000000,0,,,,1.000000,1.000000,0.000000,0.437500,1.000000,1.000000,1.000000,0.115643,f002bf1,9481eb819c89
2b19f399a91e,2026-09-25T03:12:55+00:00,s1,digits,logistic_regression,extraction,label_only,50.000000,2,,,,0.963889,0.294444,66.944444,0.288889,0.298584,0.298584,0.241139,0.158802,f002bf1,2cfdbbda787a
e073722d45d2,2026-09-25T03:12:55+00:00,s1,digits,logistic_regression,backdoor,trigger,0.050000,4,,,,0.980556,0.950000,3.055556,0.879257,0.949820,0.949820,0.950347,0.378103,f002bf1,5e9c72dfaca0
fd43b09f39ad,2026-09-25T03:12:55+00:00,s2,wine,logistic_regression,byzantine,label_flip,0.300000,3,10,non_iid,30,1.000000,0.944444,5.555556,,0.952381,0.952381,0.944056,0.252143,f002bf1,32034208802b
5978f7907381,2026-09-25T03:12:55+00:00,s2,breast_cancer,logistic_regression,byzantine,targeted_flip,0.000000,4,10,non_iid,30,0.938596,0.938596,0.000000,0.142857,0.921627,0.857143,0.911392,0.197796,f002bf1,fdb5df0fbfc2
0fcb82d988ba,2026-09-25T03:12:55+00:00,s1,wine,logistic_regression,membership,confidence_threshold,20.000000,1,,,,0.972222,0.972222,0.000000,0.343750,0.976190,0.976190,0.971781,0.099399,f002bf1,9481eb819c89
3bfaf1761e09,2026-09-25T03:12:55+00:00,s1,digits,logistic_regression,extraction,label_only,50.000000,3,,,,0.975000,0.369444,60.555556,0.375000,0.370875,0.370875,0.306400,0.189554,f002bf1,2cfdbbda787a
2d549003d8d7,2026-09-25T03:12:55+00:00,s1,wine,logistic_regression,membership,confidence_threshold,20.000000,2,,,,0.972222,0.972222,0.000000,0.468750,0.976190,0.976190,0.971781,0.078092,f002bf1,9481eb819c89
fe9874b88e8d,2026-09-25T03:12:55+00:00,s1,wine,logistic_regression,membership,confidence_threshold,20.000000,3,,,,1.000000,1.000000,0.000000,0.500000,1.000000,1.000000,1.000000,0.046475,f002bf1,9481eb819c89
49b222ffccec,2026-09-25T03:12:55+00:00,s2,wine,logistic_regression,byzantine,label_flip,0.300000,4,10,non_iid,30,0.972222,0.805556,16.666667,,0.766667,0.766667,0.744367,0.182212,f002bf1,32034208802b
48ecdff23546,2026-09-25T03:12:55+00:00,s2,breast_cancer,logistic_regression,byzantine,backdoor,0.100000,0,10,non_iid,30,0.947368,0.956140,-0.877193,0.190476,0.955357,0.952381,0.941176,0.341659,f002bf1,ae22d3fe18d1
b92ee9dcdc7e,2026-09-25T03:12:55+00:00,s1,digits,logistic_regression,poisoning,targeted,0.300000,3,,,,0.975000,0.966667,0.833333,0.083333,0.966813,0.966813,0.967054,0.419790,f002bf1,e08780e3361a
ddeeb10fa3b5,2026-09-25T03:12:55+00:00,s2,breast_cancer,logistic_regression,byzantine,targeted_flip,0.100000,0,10,non_iid,30,0.947368,0.956140,-0.877193,0.095238,0.945437,0.904762,0.938272,0.258948,f002bf1,5a1b98b712f6
8a7411c98250,2026-09-25T03:12:55+00:00,s1,wine,logistic_regression,membership,confidence_threshold,20.000000,4,,,,1.000000,1.000000,0.000000,0.406250,1.000000,1.000000,1.000000,0.120481,f002bf1,9481eb819c89
cee397ed6ff0,2026-09-25T03:12:55+00:00,s2,wine,logistic_regression,byzantine,label_flip,0.400000,0,10,non_iid,30,1.000000,1.000000,0.000000,,1.000000,1.000000,1.000000,0.124251,f002bf1,8eab8ae3c80f
8e7ae8b60986,2026-09-25T03:12:55+00:00,s1,digits,logistic_regression,backdoor,trigger,0.100000,0,,,,0.966667,0.966667,0.000000,0.932099,0.966186,0.966186,0.966567,0.381149,f002bf1,750440adf2cf
d4c53de7c9d0,2026-09-25T03:12:55+00:00,s1,digits,logistic_regression,extraction,label_only,50.000000,4,,,,0.980556,0.450000,53.055556,0.455556,0.454211,0.454211,0.395042,0.264657,f002bf1,2cfdbbda787a
c6e8ce23a7cb,2026-09-25T03:12:55+00:00,s2,breast_cancer,logistic_regression,byzantine,backdoor,0.100000,1,10,non_iid,30,0.982456,0.921053,6.140351,0.809524,0.892857,0.785714,0.880000,0.227209,f002bf1,ae22d3fe18d1
91a23c98ab5a,2026-09-25T03:12:55+00:00,s2,wine,logistic_regression,byzantine,label_flip,0.400000,1,10,non_iid,30,0.972222,0.527778,44.444444,,0.496032,0.496032,0.422222,0.157342,f002bf1,8eab8ae3c80f
f68cab40b3ab,2026-09-25T03:12:55+00:00,s2,digits,logistic_regression,byzantine,sign_flip,0.200000,2,10,iid,30,0.958333,0.930556,2.777778,,0.930058,0.930058,0.929875,0.865172,f002bf1,48d462e7744c
d67ef2573051,2026-09-25T03:12:55+00:00,s2,breast_cancer,logistic_regression,byzantine,targeted_flip,0.100000,1,10,non_iid,30,0.982456,0.921053,6.140351,0.214286,0.892857,0.785714,0.880000,0.237294,f002bf1,5a1b98b712f6
b73812e5c289,2026-09-25T03:12:55+00:00,s1,digits,logistic_regression,poisoning,targeted,0.300000,4,,,,0.980556,0.950000,3.055556,0.194444,0.949908,0.949908,0.950600,0.274557,f002bf1,e08780e3361a
8c3ba92be3d1,2026-09-25T03:12:55+00:00,s1,digits,logistic_regression,inversion,zeroth_order,2000.000000,1,,,,0.963889,0.963889,0.000000,0.647683,0.964026,0.964026,0.963871,0.867344,f002bf1,5ef9943e8f16
e39f12443f22,2026-09-25T03:12:55+00:00,s1,digits,logistic_regression,extraction,label_only,100.000000,0,,,,0.966667,0.544444,42.222222,0.530556,0.544785,0.544785,0.484094,0.197760,f002bf1,fe4d911393eb
924962f77ea7,2026-09-25T03:12:56+00:00,s2,wine,logistic_regression,byzantine,label_flip,0.400000,2,10,non_iid,30,1.000000,0.833333,16.666667,,0.845238,0.845238,0.832776,0.131848,f002bf1,8eab8ae3c80f
35ec44e882d9,2026-09-25T03:12:56+00:00,s1,digits,logistic_regression,backdoor,trigger,0.100000,1,,,,0.963889,0.941667,2.222222,0.966049,0.941557,0.941557,0.941959,0.269760,f002bf1,750440adf2cf
485b63d37169,2026-09-25T03:12:56+00:00,s2,breast_cancer,logistic_regression,byzantine,backdoor,0.100000,2,10,non_iid,30,0.938596,0.947368,-0.877193,0.023810,0.938492,0.904762,0.926829,0.218429,f002bf1,ae22d3fe18d1
443bcb1a64cc,2026-09-25T03:12:56+00:00,s2,wine,logistic_regression,byzantine,label_flip,0.400000,3,10,non_iid,30,1.000000,0.916667,8.333333,,0.924603,0.924603,0.916388,0.115171,f002bf1,8eab8ae3c80f
a0e560fbd09a,2026-09-25T03:12:56+00:00,s1,digits,logistic_regression,extraction,label_only,100.000000,1,,,,0.963889,0.597222,36.666667,0.602778,0.597992,0.597992,0.549422,0.167918,f002bf1,fe4d911393eb
540ab6c76a58,2026-09-25T03:12:56+00:00,s1,digits,logistic_regression,poisoning,targeted,0.400000,0,,,,0.966667,0.950000,1.666667,0.138889,0.949753,0.949753,0.950998,0.216367,f002bf1,bcfbb3065969
d062799ac96b,2026-09-25T03:12:56+00:00,s2,breast_cancer,logistic_regression,byzantine,targeted_flip,0.100000,2,10,non_iid,30,0.938596,0.956140,-1.754386,0.095238,0.945437,0.904762,0.938272,0.238900,f002bf1,5a1b98b712f6
e899af4c4465,2026-09-25T03:12:56+00:00,s2,wine,logistic_regression,byzantine,label_flip,0.400000,4,10,non_iid,30,0.972222,0.805556,16.666667,,0.776190,0.776190,0.765079,0.118336,f002bf1,8eab8ae3c80f
f4eac17eea7c,2026-09-25T03:12:56+00:00,s1,digits,logistic_regression,backdoor,trigger,0.100000,2,,,,0.963889,0.955556,0.833333,0.950617,0.955384,0.955384,0.956009,0.219488,f002bf1,750440adf2cf
7821b5cb2b73,2026-09-25T03:12:56+00:00,s2,breast_cancer,logistic_regression,byzantine,backdoor,0.100000,3,10,non_iid,30,0.991228,0.982456,0.877193,0.023810,0.976190,0.952381,0.975610,0.205720,f002bf1,ae22d3fe18d1
8769703aa7f8,2026-09-25T03:12:56+00:00,s1,digits,logistic_regression,extraction,label_only,100.000000,2,,,,0.963889,0.483333,48.055556,0.486111,0.486223,0.486223,0.483745,0.127983,f002bf1,fe4d911393eb
4fd3c1dc2cd4,2026-09-25T03:12:56+00:00,s2,breast_cancer,logistic_regression,byzantine,targeted_flip,0.100000,3,10,non_iid,30,0.991228,0.982456,0.877193,0.047619,0.976190,0.952381,0.975610,0.165597,f002bf1,5a1b98b712f6
c143fcba9606,2026-09-25T03:12:56+00:00,s2,wine,logistic_regression,byzantine,label_flip,0.500000,0,10,non_iid,30,1.000000,0.694444,30.555556,,0.694444,0.694444,0.590453,0.093638,f002bf1,9f13cdc9d1b6
3e873c2049c0,2026-09-25T03:12:56+00:00,s2,digits,logistic_regression,byzantine,sign_flip,0.200000,3,10,iid,30,0.963889,0.944444,1.944444,,0.944653,0.944653,0.944161,0.448065,f002bf1,48d462e7744c
7b3a172400a0,2026-09-25T03:12:56+00:00,s1,digits,logistic_regression,poisoning,targeted,0.400000,1,,,,0.963889,0.916667,4.722222,0.444444,0.916650,0.916650,0.916278,0.222907,f002bf1,bcfbb3065969
e21b581ddf68,2026-09-25T03:12:56+00:00,s1,digits,logistic_regression,extraction,label_only,100.000000,3,,,,0.975000,0.563889,41.111111,0.563889,0.565751,0.565751,0.541501,0.126785,f002bf1,fe4d911393eb
030cdfa911a7,2026-09-25T03:12:56+00:00,s1,digits,logistic_regression,backdoor,trigger,0.100000,3,,,,0.975000,0.941667,3.333333,0.944272,0.941332,0.941332,0.942011,0.174867,f002bf1,750440adf2cf
c291ba9b462c,2026-09-25T03:12:56+00:00,s2,breast_cancer,logistic_regression,byzantine,backdoor,0.100000,4,10,non_iid,30,0.938596,0.938596,0.000000,0.619048,0.916667,0.833333,0.909091,0.179906,f002bf1,ae22d3fe18d1
21b8443f2f5b,2026-09-25T03:12:56+00:00,s2,wine,logistic_regression,byzantine,label_flip,0.500000,1,10,non_iid,30,0.972222,0.361111,61.111111,,0.353175,0.353175,0.282500,0.138275,f002bf1,9f13cdc9d1b6
f920a7c0026a,2026-09-25T03:12:56+00:00,s2,breast_cancer,logistic_regression,byzantine,targeted_flip,0.100000,4,10,non_iid,30,0.938596,0.903509,3.508772,0.261905,0.869048,0.738095,0.849315,0.170708,f002bf1,5a1b98b712f6
d78abc866fdf,2026-09-25T03:12:56+00:00,s1,digits,logistic_regression,extraction,label_only,100.000000,4,,,,0.980556,0.519444,46.111111,0.527778,0.523372,0.523372,0.453264,0.128082,f002bf1,fe4d911393eb
857ae2e76f10,2026-09-25T03:12:56+00:00,s1,digits,logistic_regression,poisoning,targeted,0.400000,2,,,,0.963889,0.927778,3.611111,0.250000,0.927606,0.927606,0.927819,0.188070,f002bf1,bcfbb3065969
b0797add63bd,2026-09-25T03:12:56+00:00,s1,digits,logistic_regression,inversion,zeroth_order,2000.000000,2,,,,0.963889,0.963889,0.000000,0.637665,0.963876,0.963876,0.963905,0.617691,f002bf1,5ef9943e8f16
46447f41eaa6,2026-09-25T03:12:56+00:00,s2,breast_cancer,logistic_regression,byzantine,backdoor,0.200000,0,10,non_iid,30,0.947368,0.964912,-1.754386,0.333333,0.962302,0.952381,0.952381,0.141205,f002bf1,1ab8a16558ae
4a7580e68fc5,2026-09-25T03:12:56+00:00,s1,digits,logistic_regression,backdoor,trigger,0.100000,4,,,,0.980556,0.963889,1.666667,0.962848,0.963872,0.963872,0.963961,0.164790,f002bf1,750440adf2cf
6258b181173d,2026-09-25T03:12:56+00:00,s2,wine,logistic_regression,byzantine,label_flip,0.500000,2,10,non_iid,30,1.000000,0.611111,38.888889,,0.634921,0.634921,0.602293,0.112599,f002bf1,9f13cdc9d1b6
3680b7c991e7,2026-09-25T03:12:56+00:00,s1,digits,logistic_regression,extraction,label_only,250.000000,0,,,,0.966667,0.816667,15.000000,0.797222,0.816720,0.816720,0.813134,0.107716,f002bf1,46f896cdee13
ff8f90ca904c,2026-09-25T03:12:56+00:00,s2,breast_cancer,logistic_regression,byzantine,targeted_flip,0.200000,0,10,non_iid,30,0.947368,0.947368,0.000000,0.119048,0.933532,0.880952,0.925000,0.157499,f002bf1,692e30222e7e
4998da6cd3be,2026-09-25T03:12:56+00:00,s2,wine,logistic_regression,byzantine,label_flip,0.500000,3,10,non_iid,30,1.000000,0.666667,33.333333,,0.670635,0.670635,0.575860,0.116626,f002bf1,9f13cdc9d1b6
e981a4005091,2026-09-25T03:12:56+00:00,s2,breast_cancer,logistic_regression,byzantine,backdoor,0.200000,1,10,non_iid,30,0.982456,0.798246,18.421053,0.976190,0.726190,0.452381,0.622951,0.162204,f002bf1,1ab8a16558ae
f63146c7e0c2,2026-09-25T03:12:56+00:00,s1,digits,logistic_regression,poisoning,targeted,0.400000,3,,,,0.975000,0.947222,2.777778,0.250000,0.947214,0.947214,0.947237,0.181978,f002bf1,bcfbb3065969
bde546467411,2026-09-25T03:12:56+00:00,s1,digits,logistic_regression,extraction,label_only,250.000000,1,,,,0.963889,0.852778,11.111111,0.855556,0.853498,0.853498,0.850898,0.104967,f002bf1,46f896cdee13
14cf51570ebc,2026-09-25T03:12:56+00:00,s1,digits,logistic_regression,backdoor,trigger,0.200000,0,,,,0.966667,0.947222,1.944444,0.990741,0.946808,0.946808,0.947390,0.184177,f002bf1,afc74201ae51
019188324f0a,2026-09-25T03:12:56+00:00,s2,wine,logistic_regression,byzantine,label_flip,0.500000,4,10,non_iid,30,0.972222,0.833333,13.888889,,0.809524,0.809524,0.806787,0.129148,f002bf1,9f13cdc9d1b6
6fd797cdc03f,2026-09-25T03:12:56+00:00,s2,digits,logistic_regression,byzantine,sign_flip,0.200000,4,10,iid,30,0.955556,0.925000,3.055556,,0.924653,0.924653,0.925957,0.510166,f002bf1,48d462e7744c
19e1745f9b08,2026-09-25T03:12:56+00:00,s2,breast_cancer,logistic_regression,byzantine,targeted_flip,0.200000,1,10,non_iid,30,0.982456,0.666667,31.578947,0.904762,0.547619,0.095238,0.173913,0.196085,f002bf1,692e30222e7e
0cc33b650b63,2026-09-25T03:12:56+00:00,s1,digits,logistic_regression,extraction,label_only,250.000000,2,,,,0.963889,0.791667,17.222222,0.805556,0.792763,0.792763,0.795160,0.134145,f002bf1,46f896cdee13
fd46e7440ddc,2026-09-25T03:12:56+00:00,s2,breast_cancer,logistic_regression,byzantine,backdoor,0.200000,2,10,non_iid,30,0.938596,0.947368,-0.877193,0.023810,0.938492,0.904762,0.926829,0.166612,f002bf1,1ab8a16558ae
8ea1d3139af4,2026-09-25T03:12:57+00:00,s1,digits,logistic_regression,backdoor,trigger,0.200000,1,,,,0.963889,0.938889,2.500000,0.975309,0.938700,0.938700,0.939370,0.216838,f002bf1,afc74201ae51
a607d8d52063,2026-09-25T03:12:57+00:00,s1,digits,logistic_regression,poisoning,targeted,0.400000,4,,,,0.980556,0.944444,3.611111,0.333333,0.944356,0.944356,0.945239,0.254647,f002bf1,bcfbb3065969
dc2efb74a49e,2026-09-25T03:12:57+00:00,s2,breast_cancer,logistic_regression,byzantine,targeted_flip,0.200000,2,10,non_iid,30,0.938596,0.956140,-1.754386,0.095238,0.945437,0.904762,0.938272,0.188047,f002bf1,692e30222e7e
1aa2e9b114b6,2026-09-25T03:12:57+00:00,s1,digits,logistic_regression,extraction,label_only,250.000000,3,,,,0.975000,0.869444,10.555556,0.863889,0.870478,0.870478,0.868618,0.147831,f002bf1,46f896cdee13
f64bbb828f67,2026-09-25T03:12:57+00:00,s1,wine,logistic_regression,poisoning,targeted,0.000000,0,,,,1.000000,1.000000,0.000000,0.000000,1.000000,1.000000,1.000000,0.060921,f002bf1,cde62e1c2d5b
9a5673d50dc8,2026-09-25T03:12:57+00:00,s2,breast_cancer,logistic_regression,byzantine,backdoor,0.200000,3,10,non_iid,30,0.991228,0.982456,0.877193,0.261905,0.976190,0.952381,0.975610,0.156718,f002bf1,1ab8a16558ae
7b997fc50b9a,2026-09-25T03:12:57+00:00,s1,digits,logistic_regression,inversion,zeroth_order,2000.000000,3,,,,0.975000,0.975000,0.000000,0.664675,0.974991,0.974991,0.975009,0.566871,f002bf1,5ef9943e8f16
986127e76a41,2026-09-25T03:12:57+00:00,s1,wine,logistic_regression,poisoning,targeted,0.000000,1,,,,0.972222,0.972222,0.000000,0.000000,0.976190,0.976190,0.971781,0.051273,f002bf1,cde62e1c2d5b
7546340baaa7,2026-09-25T03:12:57+00:00,s1,wine,logistic_regression,poisoning,targeted,0.000000,2,,,,0.972222,0.972222,0.000000,0.000000,0.976190,0.976190,0.971781,0.056981,f002bf1,cde62e1c2d5b
c7615c32d9f6,2026-09-25T03:12:57+00:00,s1,digits,logistic_regression,extraction,label_only,250.000000,4,,,,0.980556,0.805556,17.500000,0.813889,0.807782,0.807782,0.801642,0.135171,f002bf1,46f896cdee13
8185ece02c05,2026-09-25T03:12:57+00:00,s2,breast_cancer,logistic_regression,byzantine,targeted_flip,0.200000,3,10,non_iid,30,0.991228,0.973684,1.754386,0.071429,0.964286,0.928571,0.962963,0.148295,f002bf1,692e30222e7e
725258fe89a4,2026-09-25T03:12:57+00:00,s2,breast_cancer,logistic_regression,byzantine,backdoor,0.200000,4,10,non_iid,30,0.938596,0.938596,0.000000,0.690476,0.916667,0.833333,0.909091,0.141279,f002bf1,1ab8a16558ae
9b76eb905ff9,2026-09-25T03:12:57+00:00,s1,digits,logistic_regression,backdoor,trigger,0.200000,2,,,,0.963889,0.950000,1.388889,0.962963,0.949828,0.949828,0.950897,0.222275,f002bf1,afc74201ae51
1b15be5ab591,2026-09-25T03:12:57+00:00,s1,wine,logistic_regression,poisoning,targeted,0.000000,3,,,,1.000000,1.000000,0.000000,0.000000,1.000000,1.000000,1.000000,0.034940,f002bf1,cde62e1c2d5b
fdddd4ab3ff2,2026-09-25T03:12:57+00:00,s1,wine,logistic_regression,poisoning,targeted,0.000000,4,,,,1.000000,1.000000,0.000000,0.000000,1.000000,1.000000,1.000000,0.040007,f002bf1,cde62e1c2d5b
b0b6252143a5,2026-09-25T03:12:57+00:00,s1,wine,logistic_regression,poisoning,targeted,0.050000,0,,,,1.000000,0.972222,2.777778,0.083333,0.972222,0.972222,0.974013,0.049974,f002bf1,74f5ae1f62c8
aa21dd047258,2026-09-25T03:12:57+00:00,s1,digits,logistic_regression,extraction,label_only,500.000000,0,,,,0.966667,0.894444,7.222222,0.891667,0.894352,0.894352,0.893929,0.129169,f002bf1,6749fdfea468
33a519fded4f,2026-09-25T03:12:57+00:00,s2,breast_cancer,logistic_regression,byzantine,backdoor,0.300000,0,10,non_iid,30,0.947368,0.964912,-1.754386,0.880952,0.957341,0.928571,0.951220,0.159848,f002bf1,cec6c979e0af
0f13fb2e6177,2026-09-25T03:12:57+00:00,s2,digits,logistic_regression,byzantine,sign_flip,0.300000,0,10,iid,30,0.952778,0.877778,7.500000,,0.878106,0.878106,0.877820,0.533116,f002bf1,41e75308006f
d673ee957b84,2026-09-25T03:12:57+00:00,s2,breast_cancer,logistic_regression,byzantine,targeted_flip,0.200000,4,10,non_iid,30,0.938596,0.877193,6.140351,0.333333,0.833333,0.666667,0.800000,0.183108,f002bf1,692e30222e7e
9d9c2fad39b6,2026-09-25T03:12:57+00:00,s1,digits,logistic_regression,backdoor,trigger,0.200000,3,,,,0.975000,0.950000,2.500000,0.984520,0.949749,0.949749,0.950354,0.163557,f002bf1,afc74201ae51
dc21c4f419d4,2026-09-25T03:12:57+00:00,s1,wine,logistic_regression,poisoning,targeted,0.050000,1,,,,0.972222,0.972222,0.000000,0.000000,0.976190,0.976190,0.971781,0.054998,f002bf1,74f5ae1f62c8
4addeba26493,2026-09-25T03:12:57+00:00,s1,wine,logistic_regression,poisoning,targeted,0.050000,2,,,,0.972222,1.000000,-2.777778,0.000000,1.000000,1.000000,1.000000,0.041661,f002bf1,74f5ae1f62c8
8057dc0af077,2026-09-25T03:12:57+00:00,s1,digits,logistic_regression,extraction,label_only,500.000000,1,,,,0.963889,0.947222,1.666667,0.952778,0.947051,0.947051,0.946855,0.109555,f002bf1,6749fdfea468
bef397f4e26e,2026-09-25T03:12:57+00:00,s1,wine,logistic_regression,poisoning,targeted,0.050000,3,,,,1.000000,1.000000,0.000000,0.000000,1.000000,1.000000,1.000000,0.054088,f002bf1,74f5ae1f62c8
2ed54e00edba,2026-09-25T03:12:57+00:00,s1,wine,logistic_regression,poisoning,targeted,0.050000,4,,,,1.000000,1.000000,0.000000,0.000000,1.000000,1.000000,1.000000,0.044759,f002bf1,74f5ae1f62c8
813896d785ec,2026-09-25T03:12:57+00:00,s2,breast_cancer,logistic_regression,byzantine,backdoor,0.300000,1,10,non_iid,30,0.982456,0.789474,19.298246,0.976190,0.714286,0.428571,0.600000,0.176234,f002bf1,cec6c979e0af
2b9f7dc8c94a,2026-09-25T03:12:57+00:00,s1,digits,logistic_regression,backdoor,trigger,0.200000,4,,,,0.980556,0.952778,2.777778,0.990712,0.952368,0.952368,0.953379,0.157513,f002bf1,afc74201ae51
b9ebda7af580,2026-09-25T03:12:57+00:00,s2,breast_cancer,logistic_regression,byzantine,targeted_flip,0.300000,0,10,non_iid,30,0.947368,0.701754,24.561404,0.809524,0.595238,0.190476,0.320000,0.164076,f002bf1,be30df81e0ed
32977ea589d0,2026-09-25T03:12:57+00:00,s1,digits,logistic_regression,extraction,label_only,500.000000,2,,,,0.963889,0.938889,2.500000,0.958333,0.938483,0.938483,0.938906,0.114082,f002bf1,6749fdfea468
bd80c6a0259f,2026-09-25T03:12:57+00:00,s1,wine,logistic_regression,backdoor,trigger,0.000000,0,,,,1.000000,1.000000,0.000000,0.000000,1.000000,1.000000,1.000000,0.032361,f002bf1,c278ba3d9040
95e7ea2783d1,2026-09-25T03:12:57+00:00,s1,wine,logistic_regression,poisoning,targeted,0.100000,0,,,,1.000000,0.972222,2.777778,0.083333,0.972222,0.972222,0.974013,0.042430,f002bf1,328ec9deaba1
c6574baf0a47,2026-09-25T03:12:57+00:00,s1,wine,logistic_regression,backdoor,trigger,0.000000,1,,,,0.972222,0.972222,0.000000,0.000000,0.976190,0.976190,0.971781,0.029179,f002bf1,c278ba3d9040
45eabec463a8,2026-09-25T03:12:57+00:00,s1,digits,logistic_regression,inversion,zeroth_order,2000.000000,4,,,,0.980556,0.980556,0.000000,0.659290,0.980547,0.980547,0.980609,0.509030,f002bf1,5ef9943e8f16
ef756d6f960e,2026-09-25T03:12:57+00:00,s1,wine,logistic_regression,poisoning,targeted,0.100000,1,,,,0.972222,1.000000,-2.777778,0.000000,1.000000,1.000000,1.000000,0.049095,f002bf1,328ec9deaba1
a1a7eefba666,2026-09-25T03:12:57+00:00,s1,wine,logistic_regression,inversion,zeroth_order,0.000000,0,,,,1.000000,1.000000,0.000000,,1.000000,1.000000,1.000000,0.033130,f002bf1,fa94b15990c7
6fd3700f916e,2026-09-25T03:12:57+00:00,s1,wine,logistic_regression,backdoor,trigger,0.000000,2,,,,0.972222,0.972222,0.000000,0.000000,0.976190,0.976190,0.971781,0.033707,f002bf1,c278ba3d9040
0d735f219dc0,2026-09-25T03:12:57+00:00,s1,digits,logistic_regression,extraction,label_only,500.000000,3,,,,0.975000,0.933333,4.166667,0.950000,0.933471,0.933471,0.933706,0.113283,f002bf1,6749fdfea468
9ddbfb92be0b,2026-09-25T03:12:57+00:00,s1,wine,logistic_regression,backdoor,trigger,0.000000,3,,,,1.000000,1.000000,0.000000,0.000000,1.000000,1.000000,1.000000,0.030887,f002bf1,c278ba3d9040
2c9bc5bb54f3,2026-09-25T03:12:57+00:00,s1,wine,logistic_regression,inversion,zeroth_order,0.000000,1,,,,0.972222,0.972222,0.000000,,0.976190,0.976190,0.971781,0.036140,f002bf1,fa94b15990c7
eb57b4a707ac,2026-09-25T03:12:57+00:00,s1,wine,logistic_regression,poisoning,targeted,0.100000,2,,,,0.972222,0.944444,2.777778,0.166667,0.944444,0.944444,0.947475,0.045553,f002bf1,328ec9deaba1
e9f046f3058e,2026-09-25T03:12:57+00:00,s2,breast_cancer,logistic_regression,byzantine,backdoor,0.300000,2,10,non_iid,30,0.938596,0.956140,-1.754386,0.119048,0.945437,0.904762,0.938272,0.176687,f002bf1,cec6c979e0af
982a0608a44b,2026-09-25T03:12:57+00:00,s2,breast_cancer,logistic_regression,byzantine,targeted_flip,0.300000,1,10,non_iid,30,0.982456,0.666667,31.578947,0.904762,0.547619,0.095238,0.173913,0.160024,f002bf1,be30df81e0ed
6e4da9d2a8ab,2026-09-25T03:12:57+00:00,s1,wine,logistic_regression,backdoor,trigger,0.000000,4,,,,1.000000,1.000000,0.000000,0.000000,1.000000,1.000000,1.000000,0.036555,f002bf1,c278ba3d9040
2b7398ed1189,2026-09-25T03:12:57+00:00,s1,wine,logistic_regression,inversion,zeroth_order,0.000000,2,,,,0.972222,0.972222,0.000000,,0.976190,0.976190,0.971781,0.042759,f002bf1,fa94b15990c7
369cb28be782,2026-09-25T03:12:57+00:00,s1,wine,logistic_regression,poisoning,targeted,0.100000,3,,,,1.000000,0.916667,8.333333,0.250000,0.916667,0.916667,0.920123,0.043017,f002bf1,328ec9deaba1
09060b3be310,2026-09-25T03:12:57+00:00,s1,wine,logistic_regression,inversion,zeroth_order,0.000000,3,,,,1.000000,1.000000,0.000000,,1.000000,1.000000,1.000000,0.035402,f002bf1,fa94b15990c7
c9577b5deac1,2026-09-25T03:12:57+00:00,s1,wine,logistic_regression,backdoor,trigger,0.010000,0,,,,1.000000,0.972222,2.777778,0.590909,0.972222,0.972222,0.974013,0.043134,f002bf1,4830e6da760a
8b45fc9c18f8,2026-09-25T03:12:57+00:00,s2,digits,logistic_regression,byzantine,sign_flip,0.300000,1,10,iid,30,0.963889,0.913889,5.000000,,0.913537,0.913537,0.912712,0.411212,f002bf1,41e75308006f
e27cf23fb417,2026-09-25T03:12:57+00:00,s1,wine,logistic_regression,poisoning,targeted,0.100000,4,,,,1.000000,1.000000,0.000000,0.000000,1.000000,1.000000,1.000000,0.046193,f002bf1,328ec9deaba1
9993865b960a,2026-09-25T03:12:57+00:00,s1,digits,logistic_regression,extraction,label_only,500.000000,4,,,,0.980556,0.936111,4.444444,0.955556,0.936624,0.936624,0.936356,0.126373,f002bf1,6749fdfea468
7bb66610a909,2026-09-25T03:12:57+00:00,s1,wine,logistic_regression,inversion,zeroth_order,0.000000,4,,,,1.000000,1.000000,0.000000,,1.000000,1.000000,1.000000,0.040479,f002bf1,fa94b15990c7
2439c3b8621a,2026-09-25T03:12:57+00:00,s1,wine,logistic_regression,backdoor,trigger,0.010000,1,,,,0.972222,0.972222,0.000000,0.500000,0.976190,0.976190,0.974321,0.046290,f002bf1,4830e6da760a
aab0f3a0e478,2026-09-25T03:12:57+00:00,s1,wine,logistic_regression,poisoning,targeted,0.200000,0,,,,1.000000,0.972222,2.777778,0.083333,0.972222,0.972222,0.974013,0.046652,f002bf1,b983d98f0752
2a04e609a36f,2026-09-25T03:12:57+00:00,s1,wine,logistic_regression,inversion,zeroth_order,20.000000,0,,,,1.000000,1.000000,0.000000,0.472757,1.000000,1.000000,1.000000,0.037920,f002bf1,585a782722ed
782fff1fb93b,2026-09-25T03:12:57+00:00,s1,wine,logistic_regression,backdoor,trigger,0.010000,2,,,,0.972222,0.972222,0.000000,0.136364,0.976190,0.976190,0.971781,0.049877,f002bf1,4830e6da760a
b54e412f45cf,2026-09-25T03:12:57+00:00,s2,breast_cancer,logistic_regression,byzantine,backdoor,0.300000,3,10,non_iid,30,0.991228,0.982456,0.877193,0.500000,0.976190,0.952381,0.975610,0.165010,f002bf1,cec6c979e0af
c84b06f94494,2026-09-25T03:12:57+00:00,s1,wine,logistic_regression,poisoning,targeted,0.200000,1,,,,0.972222,0.944444,2.777778,0.166667,0.944444,0.944444,0.947475,0.052129,f002bf1,b983d98f0752
c042fbf37522,2026-09-25T03:12:57+00:00,s1,wine,logistic_regression,inversion,zeroth_order,20.000000,1,,,,0.972222,0.972222,0.000000,0.542878,0.976190,0.976190,0.971781,0.038274,f002bf1,585a782722ed
661a26d701b3,2026-09-25T03:12:57+00:00,s2,breast_cancer,logistic_regression,byzantine,targeted_flip,0.300000,2,10,non_iid,30,0.938596,0.964912,-2.631579,0.095238,0.952381,0.904762,0.950000,0.183017,f002bf1,be30df81e0ed
1073be3383b7,2026-09-25T03:12:58+00:00,s1,wine,logistic_regression,backdoor,trigger,0.010000,3,,,,1.000000,0.972222,2.777778,0.636364,0.976190,0.976190,0.971781,0.045280,f002bf1,4830e6da760a
0ffaec250659,2026-09-25T03:12:58+00:00,s1,wine,logistic_regression,inversion,zeroth_order,20.000000,2,,,,0.972222,0.972222,0.000000,0.446501,0.976190,0.976190,0.971781,0.032433,f002bf1,585a782722ed
a79b91cd2732,2026-09-25T03:12:58+00:00,s1,wine,logistic_regression,poisoning,targeted,0.200000,2,,,,0.972222,0.944444,2.777778,0.083333,0.948413,0.948413,0.948413,0.045073,f002bf1,b983d98f0752
96136e26ca62,2026-09-25T03:12:58+00:00,s1,digits,logistic_regression,extraction,label_only,1000.000000,0,,,,0.966667,0.966667,0.000000,0.980556,0.966424,0.966424,0.967075,0.150297,f002bf1,300b24b9186d
c7809786f6b7,2026-09-25T03:12:58+00:00,s1,wine,logistic_regression,backdoor,trigger,0.010000,4,,,,1.000000,1.000000,0.000000,0.181818,1.000000,1.000000,1.000000,0.049864,f002bf1,4830e6da760a
c070e3457d22,2026-09-25T03:12:58+00:00,s1,wine,logistic_regression,inversion,zeroth_order,20.000000,3,,,,1.000000,1.000000,0.000000,0.417276,1.000000,1.000000,1.000000,0.045083,f002bf1,585a782722ed
995618f0bd98,2026-09-25T03:12:58+00:00,s1,wine,logistic_regression,poisoning,targeted,0.200000,3,,,,1.000000,0.916667,8.333333,0.250000,0.916667,0.916667,0.920123,0.051169,f002bf1,b983d98f0752
270b0ce5d960,2026-09-25T03:12:58+00:00,s1,wine,logistic_regression,inversion,zeroth_order,20.000000,4,,,,1.000000,1.000000,0.000000,0.476436,1.000000,1.000000,1.000000,0.044259,f002bf1,585a782722ed
0b0458b820df,2026-09-25T03:12:58+00:00,s2,breast_cancer,logistic_regression,byzantine,targeted_flip,0.300000,3,10,non_iid,30,0.991228,0.938596,5.263158,0.166667,0.916667,0.833333,0.909091,0.141402,f002bf1,be30df81e0ed
875b3cf757af,2026-09-25T03:12:58+00:00,s1,wine,logistic_regression,poisoning,targeted,0.200000,4,,,,1.000000,0.944444,5.555556,0.166667,0.944444,0.944444,0.947475,0.039643,f002bf1,b983d98f0752
4d162733026d,2026-09-25T03:12:58+00:00,s1,wine,logistic_regression,backdoor,trigger,0.020000,0,,,,1.000000,0.972222,2.777778,0.818182,0.972222,0.972222,0.974013,0.071950,f002bf1,30f93377b260
dec91baf0414,2026-09-25T03:12:58+00:00,s2,breast_cancer,logistic_regression,byzantine,backdoor,0.300000,4,10,non_iid,30,0.938596,0.921053,1.754386,0.738095,0.892857,0.785714,0.880000,0.181464,f002bf1,cec6c979e0af
4154c56089a4,2026-09-25T03:12:58+00:00,s1,wine,logistic_regression,inversion,zeroth_order,100.000000,0,,,,1.000000,1.000000,0.000000,0.704671,1.000000,1.000000,1.000000,0.059500,f002bf1,9306abb09cb6
233cc1ac7e1e,2026-09-25T03:12:58+00:00,s1,wine,logistic_regression,poisoning,targeted,0.300000,0,,,,1.000000,0.972222,2.777778,0.083333,0.972222,0.972222,0.974013,0.053333,f002bf1,3973902a864b
076c5fdc94b1,2026-09-25T03:12:58+00:00,s1,wine,logistic_regression,backdoor,trigger,0.020000,1,,,,0.972222,0.972222,0.000000,0.409091,0.976190,0.976190,0.974321,0.041085,f002bf1,30f93377b260
f71702475d2d,2026-09-25T03:12:58+00:00,s1,digits,logistic_regression,extraction,label_only,1000.000000,1,,,,0.963889,0.958333,0.555556,0.977778,0.958233,0.958233,0.957928,0.169695,f002bf1,300b24b9186d
62117080d1a9,2026-09-25T03:12:58+00:00,s1,wine,logistic_regression,poisoning,targeted,0.300000,1,,,,0.972222,0.972222,0.000000,0.083333,0.972222,0.972222,0.974013,0.039223,f002bf1,3973902a864b
6b7dc404a7fc,2026-09-25T03:12:58+00:00,s1,wine,logistic_regression,inversion,zeroth_order,100.000000,1,,,,0.972222,0.972222,0.000000,0.733997,0.976190,0.976190,0.971781,0.050530,f002bf1,9306abb09cb6
164f22482e37,2026-09-25T03:12:58+00:00,s1,wine,logistic_regression,backdoor,trigger,0.020000,2,,,,0.972222,0.944444,2.777778,0.772727,0.952381,0.952381,0.945153,0.045072,f002bf1,30f93377b260
da244500cd41,2026-09-25T03:12:58+00:00,s1,wine,logistic_regression,poisoning,targeted,0.300000,2,,,,0.972222,0.944444,2.777778,0.166667,0.944444,0.944444,0.947475,0.057146,f002bf1,3973902a864b
bb141b9b003d,2026-09-25T03:12:58+00:00,s2,breast_cancer,logistic_regression,byzantine,targeted_flip,0.300000,4,10,non_iid,30,0.938596,0.833333,10.526316,0.452381,0.773810,0.547619,0.707692,0.164929,f002bf1,be30df81e0ed
d0178ef109c7,2026-09-25T03:12:58+00:00,s1,wine,logistic_regression,inversion,zeroth_order,100.000000,2,,,,0.972222,0.972222,0.000000,0.768769,0.976190,0.976190,0.971781,0.046471,f002bf1,9306abb09cb6
a70d323cb589,2026-09-25T03:12:58+00:00,s1,wine,logistic_regression,backdoor,trigger,0.020000,3,,,,1.000000,0.916667,8.333333,0.636364,0.916667,0.916667,0.920123,0.066084,f002bf1,30f93377b260
fae1de0ad785,2026-09-25T03:12:58+00:00,s1,wine,logistic_regression,inversion,zeroth_order,100.000000,3,,,,1.000000,1.000000,0.000000,0.699279,1.000000,1.000000,1.000000,0.056212,f002bf1,9306abb09cb6
53f101702861,2026-09-25T03:12:58+00:00,s1,wine,logistic_regression,poisoning,targeted,0.300000,3,,,,1.000000,0.944444,5.555556,0.166667,0.944444,0.944444,0.947475,0.068456,f002bf1,3973902a864b
db95face8e09,2026-09-25T03:12:58+00:00,s1,wine,logistic_regression,backdoor,trigger,0.020000,4,,,,1.000000,1.000000,0.000000,0.409091,1.000000,1.000000,1.000000,0.057410,f002bf1,30f93377b260
0dcb6c67eae3,2026-09-25T03:12:58+00:00,s1,digits,logistic_regression,extraction,label_only,1000.000000,2,,,,0.963889,0.944444,1.944444,0.972222,0.944193,0.944193,0.944286,0.170698,f002bf1,300b24b9186d
f460f1c7db3c,2026-09-25T03:12:58+00:00,s2,digits,logistic_regression,byzantine,sign_flip,0.300000,2,10,iid,30,0.958333,0.908333,5.000000,,0.907906,0.907906,0.908118,0.550874,f002bf1,41e75308006f
8fd193d64e66,2026-09-25T03:12:58+00:00,s2,breast_cancer,logistic_regression,byzantine,backdoor,0.400000,0,10,non_iid,30,0.947368,0.956140,-0.877193,0.904762,0.945437,0.904762,0.938272,0.260755,f002bf1,8d2346167957
1586a940f631,2026-09-25T03:12:58+00:00,s1,wine,logistic_regression,inversion,zeroth_order,100.000000,4,,,,1.000000,1.000000,0.000000,0.668154,1.000000,1.000000,1.000000,0.042353,f002bf1,9306abb09cb6
683ccb4638ea,2026-09-25T03:12:58+00:00,s1,wine,logistic_regression,poisoning,targeted,0.300000,4,,,,1.000000,0.916667,8.333333,0.250000,0.916667,0.916667,0.920123,0.045223,f002bf1,3973902a864b
7c3247490c3f,2026-09-25T03:12:58+00:00,s1,wine,logistic_regression,backdoor,trigger,0.050000,0,,,,1.000000,0.972222,2.777778,0.818182,0.972222,0.972222,0.974013,0.056272,f002bf1,8659c89bc1bd
1cfd17bbb5ae,2026-09-25T03:12:58+00:00,s2,breast_cancer,logistic_regression,byzantine,targeted_flip,0.400000,0,10,non_iid,30,0.947368,0.701754,24.561404,0.809524,0.595238,0.190476,0.320000,0.173121,f002bf1,c2c1d4cd3dc3
79193ba42977,2026-09-25T03:12:58+00:00,s1,wine,logistic_regression,poisoning,targeted,0.400000,0,,,,1.000000,0.833333,16.666667,0.500000,0.833333,0.833333,0.830065,0.044827,f002bf1,c2b9ebc76dab
91d0416e6b45,2026-09-25T03:12:58+00:00,s1,wine,logistic_regression,inversion,zeroth_order,500.000000,0,,,,1.000000,1.000000,0.000000,0.888898,1.000000,1.000000,1.000000,0.063646,f002bf1,7ad933a440a4
6d991784d915,2026-09-25T03:12:58+00:00,s1,wine,logistic_regression,backdoor,trigger,0.050000,1,,,,0.972222,0.972222,0.000000,0.681818,0.976190,0.976190,0.974321,0.041341,f002bf1,8659c89bc1bd
ac0a54178aa0,2026-09-25T03:12:58+00:00,s1,wine,logistic_regression,poisoning,targeted,0.400000,1,,,,0.972222,0.888889,8.333333,0.333333,0.888889,0.888889,0.891667,0.053968,f002bf1,c2b9ebc76dab
eccd1fbf18fe,2026-09-25T03:12:58+00:00,s1,digits,logistic_regression,extraction,label_only,1000.000000,3,,,,0.975000,0.955556,1.944444,0.977778,0.955618,0.955618,0.955660,0.150970,f002bf1,300b24b9186d
dcb402f27cb8,2026-09-25T03:12:58+00:00,s1,wine,logistic_regression,backdoor,trigger,0.050000,2,,,,0.972222,0.944444,2.777778,0.772727,0.952381,0.952381,0.945153,0.046836,f002bf1,8659c89bc1bd
760072be31e1,2026-09-25T03:12:58+00:00,s2,breast_cancer,logistic_regression,byzantine,backdoor,0.400000,1,10,non_iid,30,0.982456,0.789474,19.298246,0.976190,0.714286,0.428571,0.600000,0.139691,f002bf1,8d2346167957
551665aceb45,2026-09-25T03:12:58+00:00,s1,wine,logistic_regression,inversion,zeroth_order,500.000000,1,,,,0.972222,0.972222,0.000000,0.867688,0.976190,0.976190,0.971781,0.077154,f002bf1,7ad933a440a4
c6704bb8de86,2026-09-25T03:12:58+00:00,s1,wine,logistic_regression,poisoning,targeted,0.400000,2,,,,0.972222,0.861111,11.111111,0.416667,0.861111,0.861111,0.861776,0.045152,f002bf1,c2b9ebc76dab
e844bc0a1f30,2026-09-25T03:12:58+00:00,s1,wine,logistic_regression,backdoor,trigger,0.050000,3,,,,1.000000,0.972222,2.777778,0.681818,0.972222,0.972222,0.974013,0.045074,f002bf1,8659c89bc1bd
9608a5f81dd3,2026-09-25T03:12:58+00:00,s1,wine,logistic_regression,backdoor,trigger,0.050000,4,,,,1.000000,0.944444,5.555556,0.772727,0.948413,0.948413,0.945825,0.040223,f002bf1,8659c89bc1bd
4edf829a769f,2026-09-25T03:12:58+00:00,s1,wine,logistic_regression,poisoning,targeted,0.400000,3,,,,1.000000,0.888889,11.111111,0.333333,0.888889,0.888889,0.891667,0.049842,f002bf1,c2b9ebc76dab
dad013e5292f,2026-09-25T03:12:58+00:00,s1,wine,logistic_regression,inversion,zeroth_order,500.000000,2,,,,0.972222,0.972222,0.000000,0.833910,0.976190,0.976190,0.971781,0.062373,f002bf1,7ad933a440a4
01b056408ead,2026-09-25T03:12:58+00:00,s2,breast_cancer,logistic_regression,byzantine,targeted_flip,0.400000,1,10,non_iid,30,0.982456,0.649123,33.333333,0.952381,0.523810,0.047619,0.090909,0.187256,f002bf1,c2c1d4cd3dc3
d1944d95daaf,2026-09-25T03:12:58+00:00,s1,wine,logistic_regression,poisoning,targeted,0.400000,4,,,,1.000000,0.861111,13.888889,0.333333,0.865079,0.865079,0.863697,0.047492,f002bf1,c2b9ebc76dab
313d193cf409,2026-09-25T03:12:58+00:00,s1,wine,logistic_regression,backdoor,trigger,0.100000,0,,,,1.000000,0.972222,2.777778,0.818182,0.972222,0.972222,0.974013,0.051847,f002bf1,4faeb61847d4
163fb5f530d2,2026-09-25T03:12:58+00:00,s1,digits,logistic_regression,extraction,label_only,1000.000000,4,,,,0.980556,0.955556,2.500000,0.966667,0.955997,0.955997,0.955986,0.161125,f002bf1,300b24b9186d
12565c48953b,2026-09-25T03:12:58+00:00,s1,wine,logistic_regression,inversion,zeroth_order,500.000000,3,,,,1.000000,1.000000,0.000000,0.855712,1.000000,1.000000,1.000000,0.058909,f002bf1,7ad933a440a4
64bf252be803,2026-09-25T03:12:58+00:00,s1,wine,logistic_regression,backdoor,trigger,0.100000,1,,,,0.972222,0.972222,0.000000,0.818182,0.976190,0.976190,0.971781,0.049140,f002bf1,4faeb61847d4
a3c23845478d,2026-09-25T03:12:58+00:00,s2,breast_cancer,logistic_regression,byzantine,backdoor,0.400000,2,10,non_iid,30,0.938596,0.947368,-0.877193,0.380952,0.933532,0.880952,0.925000,0.193006,f002bf1,8d2346167957
6f6bb1c24b11,2026-09-25T03:12:58+00:00,s1,wine,logistic_regression,extraction,label_only,0.000000,0,,,,1.000000,1.000000,0.000000,,1.000000,1.000000,1.000000,0.051348,f002bf1,3520901dd781
3325bd2a0f17,2026-09-25T03:12:58+00:00,s1,wine,logistic_regression,inversion,zeroth_order,500.000000,4,,,,1.000000,1.000000,0.000000,0.832601,1.000000,1.000000,1.000000,0.071064,f002bf1,7ad933a440a4
331b11d61259,2026-09-25T03:12:58+00:00,s1,wine,logistic_regression,backdoor,trigger,0.100000,2,,,,0.972222,0.944444,2.777778,1.000000,0.952381,0.952381,0.945153,0.060029,f002bf1,4faeb61847d4
0a714eb5f90b,2026-09-25T03:12:58+00:00,s1,wine,logistic_regression,extraction,label_only,0.000000,1,,,,0.972222,0.972222,0.000000,,0.976190,0.976190,0.971781,0.049732,f002bf1,3520901dd781
0bfdac436ac7,2026-09-25T03:12:58+00:00,s2,breast_cancer,logistic_regression,byzantine,targeted_flip,0.400000,2,10,non_iid,30,0.938596,0.956140,-1.754386,0.119048,0.940476,0.880952,0.936709,0.183003,f002bf1,c2c1d4cd3dc3
5bd556852e78,2026-09-25T03:12:58+00:00,s1,wine,logistic_regression,extraction,label_only,0.000000,2,,,,0.972222,0.972222,0.000000,,0.976190,0.976190,0.971781,0.040353,f002bf1,3520901dd781
4d6272da5795,2026-09-25T03:12:58+00:00,s1,wine,logistic_regression,backdoor,trigger,0.100000,3,,,,1.000000,0.972222,2.777778,0.681818,0.972222,0.972222,0.974013,0.052440,f002bf1,4faeb61847d4
2ebc5c4bdb32,2026-09-25T03:12:58+00:00,s2,digits,logistic_regression,byzantine,sign_flip,0.300000,3,10,iid,30,0.963889,0.897222,6.666667,,0.897329,0.897329,0.896037,0.483207,f002bf1,41e75308006f
d098494e7154,2026-09-25T03:12:58+00:00,s1,wine,logistic_regression,backdoor,trigger,0.100000,4,,,,1.000000,0.944444,5.555556,0.772727,0.948413,0.948413,0.945825,0.041977,f002bf1,4faeb61847d4
98c3cdd0d680,2026-09-25T03:12:58+00:00,s1,wine,logistic_regression,extraction,label_only,0.000000,3,,,,1.000000,1.000000,0.000000,,1.000000,1.000000,1.000000,0.041669,f002bf1,3520901dd781
59cdbbfa50e0,2026-09-25T03:12:58+00:00,s2,breast_cancer,logistic_regression,byzantine,backdoor,0.400000,3,10,non_iid,30,0.991228,0.885965,10.526316,0.809524,0.845238,0.690476,0.816901,0.171085,f002bf1,8d2346167957
3ef37509f2ef,2026-09-25T03:12:58+00:00,s1,wine,logistic_regression,inversion,zeroth_order,2000.000000,0,,,,1.000000,1.000000,0.000000,0.896280,1.000000,1.000000,1.000000,0.167001,f002bf1,b957a55696ad
43df98b5bcf7,2026-09-25T03:12:58+00:00,s1,wine,logistic_regression,backdoor,trigger,0.200000,0,,,,1.000000,0.944444,5.555556,0.863636,0.944444,0.944444,0.947475,0.053573,f002bf1,22b99e47e565
484e9b0c6034,2026-09-25T03:12:59+00:00,s1,wine,logistic_regression,extraction,label_only,0.000000,4,,,,1.000000,1.000000,0.000000,,1.000000,1.000000,1.000000,0.068617,f002bf1,3520901dd781
6279703f350e,2026-09-25T03:12:59+00:00,s2,breast_cancer,logistic_regression,byzantine,targeted_flip,0.400000,3,10,non_iid,30,0.991228,0.771930,21.929825,0.619048,0.690476,0.380952,0.551724,0.148414,f002bf1,c2c1d4cd3dc3
3d22448e4562,2026-09-25T03:12:59+00:00,s1,wine,logistic_regression,backdoor,trigger,0.200000,1,,,,0.972222,0.972222,0.000000,1.000000,0.976190,0.976190,0.974321,0.065029,f002bf1,22b99e47e565
488bf453af8d,2026-09-25T03:12:59+00:00,s1,wine,logistic_regression,extraction,label_only,10.000000,0,,,,1.000000,0.416667,58.333333,0.416667,0.366667,0.366667,0.259188,0.068232,f002bf1,437b8cf43a9e
40da422248e9,2026-09-25T03:12:59+00:00,s1,wine,logistic_regression,backdoor,trigger,0.200000,2,,,,0.972222,0.944444,2.777778,1.000000,0.952381,0.952381,0.945153,0.059488,f002bf1,22b99e47e565
158aedd1c788,2026-09-25T03:12:59+00:00,s1,wine,logistic_regression,inversion,zeroth_order,2000.000000,1,,,,0.972222,0.972222,0.000000,0.894702,0.976190,0.976190,0.971781,0.166827,f002bf1,b957a55696ad
24ca0c9a20e8,2026-09-25T03:12:59+00:00,s1,wine,logistic_regression,backdoor,trigger,0.200000,3,,,,1.000000,0.916667,8.333333,0.954545,0.920635,0.920635,0.919341,0.035412,f002bf1,22b99e47e565
8a87b58dea49,2026-09-25T03:12:59+00:00,s1,wine,logistic_regression,extraction,label_only,10.000000,1,,,,0.972222,0.861111,11.111111,0.833333,0.842857,0.842857,0.849570,0.075214,f002bf1,437b8cf43a9e
3d06c04e401b,2026-09-25T03:12:59+00:00,s1,wine,logistic_regression,backdoor,trigger,0.200000,4,,,,1.000000,0.972222,2.777778,0.954545,0.972222,0.972222,0.974013,0.047161,f002bf1,22b99e47e565
ab13dcf741a9,2026-09-25T03:12:59+00:00,s2,breast_cancer,logistic_regression,byzantine,backdoor,0.400000,4,10,non_iid,30,0.938596,0.912281,2.631579,0.738095,0.880952,0.761905,0.864865,0.259983,f002bf1,8d2346167957
59e20417ae28,2026-09-25T03:12:59+00:00,s1,wine,logistic_regression,extraction,label_only,10.000000,2,,,,0.972222,0.666667,30.555556,0.666667,0.615079,0.615079,0.516129,0.074944,f002bf1,437b8cf43a9e
d04933a8b0f4,2026-09-25T03:12:59+00:00,s2,breast_cancer,logistic_regression,byzantine,targeted_flip,0.400000,4,10,non_iid,30,0.938596,0.833333,10.526316,0.452381,0.773810,0.547619,0.707692,0.247438,f002bf1,c2c1d4cd3dc3
15982d1c805c,2026-09-25T03:12:59+00:00,s1,wine,logistic_regression,extraction,label_only,10.000000,3,,,,1.000000,0.611111,38.888889,0.611111,0.555556,0.555556,0.481611,0.069803,f002bf1,437b8cf43a9e
e9745be70d44,2026-09-25T03:12:59+00:00,s1,wine,logistic_regression,inversion,zeroth_order,2000.000000,2,,,,0.972222,0.972222,0.000000,0.865811,0.976190,0.976190,0.971781,0.195824,f002bf1,b957a55696ad
2b47b084fee8,2026-09-25T03:12:59+00:00,s2,digits,logistic_regression,byzantine,sign_flip,0.300000,4,10,iid,30,0.955556,0.905556,5.000000,,0.905738,0.905738,0.906409,0.468822,f002bf1,41e75308006f
8ebd988c7db5,2026-09-25T03:12:59+00:00,s2,breast_cancer,logistic_regression,byzantine,backdoor,0.500000,0,10,non_iid,30,0.947368,0.956140,-0.877193,0.928571,0.945437,0.904762,0.938272,0.210469,f002bf1,63f3c942e142
aed6741b6159,2026-09-25T03:12:59+00:00,s1,wine,logistic_regression,extraction,label_only,10.000000,4,,,,1.000000,0.861111,13.888889,0.861111,0.871429,0.871429,0.862963,0.096485,f002bf1,437b8cf43a9e
e268eed9410b,2026-09-25T03:12:59+00:00,s1,wine,logistic_regression,extraction,label_only,25.000000,0,,,,1.000000,0.638889,36.111111,0.638889,0.587302,0.587302,0.492997,0.089869,f002bf1,4ec3ac1debfe
90d9a8c6c357,2026-09-25T03:12:59+00:00,s2,breast_cancer,logistic_regression,byzantine,targeted_flip,0.500000,0,10,non_iid,30,0.947368,0.640351,30.701754,0.976190,0.511905,0.023810,0.046512,0.269281,f002bf1,1a1dd31f8029
42ec4437d9cf,2026-09-25T03:12:59+00:00,s1,wine,logistic_regression,inversion,zeroth_order,2000.000000,3,,,,1.000000,1.000000,0.000000,0.883474,1.000000,1.000000,1.000000,0.204456,f002bf1,b957a55696ad
022aa6138681,2026-09-25T03:12:59+00:00,s1,wine,logistic_regression,extraction,label_only,25.000000,1,,,,0.972222,0.833333,13.888889,0.833333,0.809524,0.809524,0.809484,0.049869,f002bf1,4ec3ac1debfe
888129b87149,2026-09-25T03:12:59+00:00,s2,breast_cancer,logistic_regression,byzantine,backdoor,0.500000,1,10,non_iid,30,0.982456,0.789474,19.298246,0.976190,0.714286,0.428571,0.600000,0.199413,f002bf1,63f3c942e142
47f046970ee8,2026-09-25T03:12:59+00:00,s1,wine,logistic_regression,extraction,label_only,25.000000,2,,,,0.972222,0.833333,13.888889,0.833333,0.819048,0.819048,0.821429,0.073026,f002bf1,4ec3ac1debfe
a6a832b3002d,2026-09-25T03:12:59+00:00,s1,wine,logistic_regression,extraction,label_only,25.000000,3,,,,1.000000,0.833333,16.666667,0.833333,0.811111,0.811111,0.822683,0.071947,f002bf1,4ec3ac1debfe
f723f02a367a,2026-09-25T03:12:59+00:00,s1,wine,logistic_regression,inversion,zeroth_order,2000.000000,4,,,,1.000000,1.000000,0.000000,0.859403,1.000000,1.000000,1.000000,0.199310,f002bf1,b957a55696ad
edb3eb430d8b,2026-09-25T03:12:59+00:00,s2,breast_cancer,logistic_regression,byzantine,targeted_flip,0.500000,1,10,non_iid,30,0.982456,0.640351,34.210526,0.976190,0.511905,0.023810,0.046512,0.230788,f002bf1,1a1dd31f8029
327e9c0c4dfe,2026-09-25T03:12:59+00:00,s1,wine,logistic_regression,extraction,label_only,25.000000,4,,,,1.000000,1.000000,0.000000,1.000000,1.000000,1.000000,1.000000,0.072066,f002bf1,4ec3ac1debfe
892fab2d828d,2026-09-25T03:12:59+00:00,s2,digits,logistic_regression,byzantine,sign_flip,0.400000,0,10,iid,30,0.952778,0.613889,33.888889,,0.615804,0.615804,0.595787,0.479445,f002bf1,b4d2ec909b4c
b9ad5628ed60,2026-09-25T03:12:59+00:00,s2,breast_cancer,logistic_regression,byzantine,backdoor,0.500000,2,10,non_iid,30,0.938596,0.947368,-0.877193,0.619048,0.933532,0.880952,0.925000,0.278350,f002bf1,63f3c942e142
648bd25ba25c,2026-09-25T03:12:59+00:00,s1,wine,logistic_regression,extraction,label_only,50.000000,0,,,,1.000000,0.972222,2.777778,0.972222,0.976190,0.976190,0.974321,0.105807,f002bf1,501ea7b00b09
d94e56bb1546,2026-09-25T03:13:00+00:00,s1,wine,logistic_regression,extraction,label_only,50.000000,1,,,,0.972222,0.833333,13.888889,0.833333,0.828571,0.828571,0.832711,0.085597,f002bf1,501ea7b00b09
1c40f52d527d,2026-09-25T03:13:00+00:00,s2,breast_cancer,logistic_regression,byzantine,targeted_flip,0.500000,2,10,non_iid,30,0.938596,0.929825,0.877193,0.190476,0.904762,0.809524,0.894737,0.290003,f002bf1,1a1dd31f8029
587080a6b400,2026-09-25T03:13:00+00:00,s1,wine,logistic_regression,extraction,label_only,50.000000,2,,,,0.972222,0.916667,5.555556,0.916667,0.919048,0.919048,0.919778,0.062747,f002bf1,501ea7b00b09
cad3911ccd9c,2026-09-25T03:13:00+00:00,s1,wine,logistic_regression,extraction,label_only,50.000000,3,,,,1.000000,1.000000,0.000000,1.000000,1.000000,1.000000,1.000000,0.054619,f002bf1,501ea7b00b09
baf671584ced,2026-09-25T03:13:00+00:00,s1,wine,logistic_regression,extraction,label_only,50.000000,4,,,,1.000000,1.000000,0.000000,1.000000,1.000000,1.000000,1.000000,0.054475,f002bf1,501ea7b00b09
7ae25a882ea4,2026-09-25T03:13:00+00:00,s2,breast_cancer,logistic_regression,byzantine,backdoor,0.500000,3,10,non_iid,30,0.991228,0.894737,9.649123,0.809524,0.857143,0.714286,0.833333,0.310523,f002bf1,63f3c942e142
5ece654026a8,2026-09-25T03:13:00+00:00,s2,digits,logistic_regression,byzantine,sign_flip,0.400000,1,10,iid,30,0.963889,0.836111,12.777778,,0.836171,0.836171,0.825531,0.409681,f002bf1,b4d2ec909b4c
a59a589f054f,2026-09-25T03:13:00+00:00,s1,wine,logistic_regression,extraction,label_only,100.000000,0,,,,1.000000,0.972222,2.777778,0.972222,0.976190,0.976190,0.974321,0.044492,f002bf1,b399c25142d1
a765ff9268b7,2026-09-25T03:13:00+00:00,s2,breast_cancer,logistic_regression,byzantine,targeted_flip,0.500000,3,10,non_iid,30,0.991228,0.754386,23.684211,0.666667,0.666667,0.333333,0.500000,0.251389,f002bf1,1a1dd31f8029
4083ee663ead,2026-09-25T03:13:00+00:00,s1,wine,logistic_regression,extraction,label_only,100.000000,1,,,,0.972222,0.972222,0.000000,1.000000,0.976190,0.976190,0.971781,0.050356,f002bf1,b399c25142d1
9c9d6c292a9f,2026-09-25T03:13:00+00:00,s1,wine,logistic_regression,extraction,label_only,100.000000,2,,,,0.972222,0.972222,0.000000,0.972222,0.976190,0.976190,0.974321,0.044411,f002bf1,b399c25142d1
cfb8e9434ab1,2026-09-25T03:13:00+00:00,s2,breast_cancer,logistic_regression,byzantine,backdoor,0.500000,4,10,non_iid,30,0.938596,0.912281,2.631579,0.738095,0.880952,0.761905,0.864865,0.158204,f002bf1,63f3c942e142
a7d6a3296016,2026-09-25T03:13:00+00:00,s1,wine,logistic_regression,extraction,label_only,100.000000,3,,,,1.000000,1.000000,0.000000,1.000000,1.000000,1.000000,1.000000,0.035939,f002bf1,b399c25142d1
7028599d4d42,2026-09-25T03:13:00+00:00,s1,wine,logistic_regression,extraction,label_only,100.000000,4,,,,1.000000,0.972222,2.777778,0.972222,0.976190,0.976190,0.971781,0.037559,f002bf1,b399c25142d1
ff0270113e5c,2026-09-25T03:13:00+00:00,s2,breast_cancer,logistic_regression,byzantine,targeted_flip,0.500000,4,10,non_iid,30,0.938596,0.798246,14.035088,0.547619,0.726190,0.452381,0.622951,0.172970,f002bf1,1a1dd31f8029
b512c0fecdc6,2026-09-25T03:13:00+00:00,s1,wine,logistic_regression,extraction,label_only,250.000000,0,,,,1.000000,1.000000,0.000000,1.000000,1.000000,1.000000,1.000000,0.037156,f002bf1,7c0b2a938ca9
1397c01b1246,2026-09-25T03:13:00+00:00,s1,wine,logistic_regression,extraction,label_only,250.000000,1,,,,0.972222,0.972222,0.000000,1.000000,0.976190,0.976190,0.971781,0.037276,f002bf1,7c0b2a938ca9
5e39e9ceb692,2026-09-25T03:13:00+00:00,s1,wine,logistic_regression,extraction,label_only,250.000000,2,,,,0.972222,0.972222,0.000000,0.972222,0.976190,0.976190,0.974321,0.031844,f002bf1,7c0b2a938ca9
244e3e35e922,2026-09-25T03:13:00+00:00,s2,digits,logistic_regression,byzantine,sign_flip,0.400000,2,10,iid,30,0.958333,0.733333,22.500000,,0.731770,0.731770,0.728554,0.346909,f002bf1,b4d2ec909b4c
a56c55234bd5,2026-09-25T03:13:00+00:00,s2,digits,logistic_regression,byzantine,backdoor,0.000000,0,10,iid,30,0.952778,0.952778,0.000000,0.095679,0.952372,0.952372,0.952810,0.226678,f002bf1,f760b2e4b1ef
f3a9ca298640,2026-09-25T03:13:00+00:00,s1,wine,logistic_regression,extraction,label_only,250.000000,3,,,,1.000000,1.000000,0.000000,1.000000,1.000000,1.000000,1.000000,0.033502,f002bf1,7c0b2a938ca9
e6e0be1360e6,2026-09-25T03:13:00+00:00,s1,wine,logistic_regression,extraction,label_only,250.000000,4,,,,1.000000,1.000000,0.000000,1.000000,1.000000,1.000000,1.000000,0.046577,f002bf1,7c0b2a938ca9
4db775a8400f,2026-09-25T03:13:00+00:00,s1,wine,logistic_regression,extraction,label_only,500.000000,0,,,,1.000000,1.000000,0.000000,1.000000,1.000000,1.000000,1.000000,0.031432,f002bf1,a712141fd427
4ff0053d7731,2026-09-25T03:13:00+00:00,s2,digits,logistic_regression,byzantine,targeted_flip,0.000000,0,10,iid,30,0.952778,0.952778,0.000000,0.000000,0.952372,0.952372,0.952810,0.245131,f002bf1,8e984a346d14
fe7f0af230c0,2026-09-25T03:13:00+00:00,s1,wine,logistic_regression,extraction,label_only,500.000000,1,,,,0.972222,0.972222,0.000000,1.000000,0.976190,0.976190,0.971781,0.050441,f002bf1,a712141fd427
d0d98e954123,2026-09-25T03:13:00+00:00,s1,wine,logistic_regression,extraction,label_only,500.000000,2,,,,0.972222,1.000000,-2.777778,0.972222,1.000000,1.000000,1.000000,0.047262,f002bf1,a712141fd427
2b039f2a338a,2026-09-25T03:13:00+00:00,s2,digits,logistic_regression,byzantine,backdoor,0.000000,1,10,iid,30,0.963889,0.963889,0.000000,0.089506,0.963797,0.963797,0.963509,0.228136,f002bf1,f760b2e4b1ef
5e9ecf38b615,2026-09-25T03:13:00+00:00,s1,wine,logistic_regression,extraction,label_only,500.000000,3,,,,1.000000,1.000000,0.000000,1.000000,1.000000,1.000000,1.000000,0.031586,f002bf1,a712141fd427
d81f80e4c4b9,2026-09-25T03:13:00+00:00,s1,wine,logistic_regression,extraction,label_only,500.000000,4,,,,1.000000,1.000000,0.000000,1.000000,1.000000,1.000000,1.000000,0.051434,f002bf1,a712141fd427
96c40f91d2d6,2026-09-25T03:13:00+00:00,s2,digits,logistic_regression,byzantine,sign_flip,0.400000,3,10,iid,30,0.963889,0.727778,23.611111,,0.727864,0.727864,0.706676,0.379309,f002bf1,b4d2ec909b4c
97d6013ae97f,2026-09-25T03:13:00+00:00,s2,digits,logistic_regression,byzantine,targeted_flip,0.000000,1,10,iid,30,0.963889,0.963889,0.000000,0.000000,0.963797,0.963797,0.963509,0.260618,f002bf1,8e984a346d14
4eb5ef65d600,2026-09-25T03:13:00+00:00,s1,wine,logistic_regression,extraction,label_only,1000.000000,0,,,,1.000000,1.000000,0.000000,1.000000,1.000000,1.000000,1.000000,0.060008,f002bf1,ff582c4ee2d1
f50e20c49544,2026-09-25T03:13:00+00:00,s1,wine,logistic_regression,extraction,label_only,1000.000000,1,,,,0.972222,0.972222,0.000000,1.000000,0.976190,0.976190,0.971781,0.047699,f002bf1,ff582c4ee2d1
c28a99501979,2026-09-25T03:13:00+00:00,s1,wine,logistic_regression,extraction,label_only,1000.000000,2,,,,0.972222,0.972222,0.000000,1.000000,0.976190,0.976190,0.971781,0.049251,f002bf1,ff582c4ee2d1
744f989a88eb,2026-09-25T03:13:00+00:00,s2,digits,logistic_regression,byzantine,backdoor,0.000000,2,10,iid,30,0.958333,0.958333,0.000000,0.074074,0.958241,0.958241,0.958386,0.265763,f002bf1,f760b2e4b1ef
5e9f7c576294,2026-09-25T03:13:00+00:00,s1,wine,logistic_regression,extraction,label_only,1000.000000,3,,,,1.000000,1.000000,0.000000,1.000000,1.000000,1.000000,1.000000,0.050546,f002bf1,ff582c4ee2d1
cdda1350ca46,2026-09-25T03:13:00+00:00,s1,wine,logistic_regression,extraction,label_only,1000.000000,4,,,,1.000000,1.000000,0.000000,1.000000,1.000000,1.000000,1.000000,0.043436,f002bf1,ff582c4ee2d1
f58036442bd7,2026-09-25T03:13:00+00:00,s2,digits,logistic_regression,byzantine,targeted_flip,0.000000,2,10,iid,30,0.958333,0.958333,0.000000,0.000000,0.958241,0.958241,0.958386,0.299020,f002bf1,8e984a346d14
3ab11b3a163f,2026-09-25T03:13:00+00:00,s2,digits,logistic_regression,byzantine,backdoor,0.000000,3,10,iid,30,0.963889,0.963889,0.000000,0.074303,0.963951,0.963951,0.963895,0.257451,f002bf1,f760b2e4b1ef
cdb5f8795a04,2026-09-25T03:13:00+00:00,s2,digits,logistic_regression,byzantine,sign_flip,0.400000,4,10,iid,30,0.955556,0.719444,23.611111,,0.721253,0.721253,0.714319,0.427012,f002bf1,b4d2ec909b4c
aa3701970331,2026-09-25T03:13:01+00:00,s2,digits,logistic_regression,byzantine,targeted_flip,0.000000,3,10,iid,30,0.963889,0.963889,0.000000,0.000000,0.963951,0.963951,0.963895,0.297119,f002bf1,8e984a346d14
fcaeeaf5e659,2026-09-25T03:13:01+00:00,s2,digits,logistic_regression,byzantine,backdoor,0.000000,4,10,iid,30,0.955556,0.955556,0.000000,0.095975,0.955221,0.955221,0.955193,0.205919,f002bf1,f760b2e4b1ef
05c9e6629e4e,2026-09-25T03:13:01+00:00,s2,digits,logistic_regression,byzantine,sign_flip,0.500000,0,10,iid,30,0.952778,0.069444,88.333333,,0.070163,0.070163,0.079398,0.401477,f002bf1,93ea586f5546
a5ecd93c5999,2026-09-25T03:13:01+00:00,s2,digits,logistic_regression,byzantine,targeted_flip,0.000000,4,10,iid,30,0.955556,0.955556,0.000000,0.000000,0.955221,0.955221,0.955193,0.235571,f002bf1,8e984a346d14
7445f5b13da9,2026-09-25T03:13:01+00:00,s2,digits,logistic_regression,byzantine,backdoor,0.100000,0,10,iid,30,0.952778,0.955556,-0.277778,0.648148,0.955150,0.955150,0.955467,0.346034,f002bf1,8a8954848db3
580a9c82bfd1,2026-09-25T03:13:01+00:00,s2,digits,logistic_regression,byzantine,sign_flip,0.500000,1,10,iid,30,0.963889,0.044444,91.944444,,0.044691,0.044691,0.045549,0.351356,f002bf1,93ea586f5546
839db5a2be67,2026-09-25T03:13:01+00:00,s2,digits,logistic_regression,byzantine,targeted_flip,0.100000,0,10,iid,30,0.952778,0.958333,-0.555556,0.027778,0.958087,0.958087,0.958532,0.382790,f002bf1,c6dbe22cd454
984b2ee75da9,2026-09-25T03:13:01+00:00,s2,digits,logistic_regression,byzantine,backdoor,0.100000,1,10,iid,30,0.963889,0.955556,0.833333,0.669753,0.955225,0.955225,0.955057,0.416995,f002bf1,8a8954848db3
57862d1f4b33,2026-09-25T03:13:02+00:00,s2,digits,logistic_regression,byzantine,sign_flip,0.500000,2,10,iid,30,0.958333,0.133333,82.500000,,0.133981,0.133981,0.143985,0.416411,f002bf1,93ea586f5546
b30942d63097,2026-09-25T03:13:02+00:00,s2,digits,logistic_regression,byzantine,targeted_flip,0.100000,1,10,iid,30,0.963889,0.966667,-0.277778,0.055556,0.966654,0.966654,0.966738,0.428281,f002bf1,c6dbe22cd454
51c087136abb,2026-09-25T03:13:02+00:00,s2,digits,logistic_regression,byzantine,backdoor,0.100000,2,10,iid,30,0.958333,0.961111,-0.277778,0.675926,0.960785,0.960785,0.961187,0.594997,f002bf1,8a8954848db3
df333875d398,2026-09-25T03:13:02+00:00,s2,digits,logistic_regression,byzantine,sign_flip,0.500000,3,10,iid,30,0.963889,0.108333,85.555556,,0.109532,0.109532,0.118580,0.446801,f002bf1,93ea586f5546
952449934c1f,2026-09-25T03:13:02+00:00,s2,digits,logistic_regression,byzantine,targeted_flip,0.100000,2,10,iid,30,0.958333,0.955556,0.277778,0.000000,0.955463,0.955463,0.955611,0.447993,f002bf1,c6dbe22cd454
26fb9b4ce120,2026-09-25T03:13:02+00:00,s2,digits,logistic_regression,byzantine,backdoor,0.100000,3,10,iid,30,0.963889,0.955556,0.833333,0.622291,0.955380,0.955380,0.955524,0.464126,f002bf1,8a8954848db3
98fd97cd5d70,2026-09-25T03:13:03+00:00,s2,digits,logistic_regression,byzantine,sign_flip,0.500000,4,10,iid,30,0.955556,0.069444,88.611111,,0.069700,0.069700,0.063059,0.454954,f002bf1,93ea586f5546
498b79651845,2026-09-25T03:13:03+00:00,s2,digits,logistic_regression,byzantine,targeted_flip,0.100000,3,10,iid,30,0.963889,0.963889,0.000000,0.000000,0.963951,0.963951,0.963982,0.400029,f002bf1,c6dbe22cd454
5c93f4095df9,2026-09-25T03:13:03+00:00,s2,digits,logistic_regression,byzantine,sign_flip,0.000000,0,10,non_iid,30,0.958333,0.958333,0.000000,,0.957932,0.957932,0.958457,0.224644,f002bf1,c15d6cc3d9ef
f079fe152586,2026-09-25T03:13:03+00:00,s2,digits,logistic_regression,byzantine,backdoor,0.100000,4,10,iid,30,0.955556,0.950000,0.555556,0.643963,0.949740,0.949740,0.950517,0.404354,f002bf1,8a8954848db3
0189b5975033,2026-09-25T03:13:03+00:00,s2,digits,logistic_regression,byzantine,sign_flip,0.000000,1,10,non_iid,30,0.963889,0.963889,0.000000,,0.963797,0.963797,0.963509,0.225147,f002bf1,c15d6cc3d9ef
0d2ccba66e4d,2026-09-25T03:13:03+00:00,s2,digits,logistic_regression,byzantine,targeted_flip,0.100000,4,10,iid,30,0.955556,0.950000,0.555556,0.000000,0.949665,0.949665,0.949581,0.554156,f002bf1,c6dbe22cd454
5c0f7b825a87,2026-09-25T03:13:03+00:00,s2,digits,logistic_regression,byzantine,sign_flip,0.000000,2,10,non_iid,30,0.966667,0.966667,0.000000,,0.966420,0.966420,0.966728,0.227140,f002bf1,c15d6cc3d9ef
4b95d85fa15a,2026-09-25T03:13:03+00:00,s2,digits,logistic_regression,byzantine,backdoor,0.200000,0,10,iid,30,0.952778,0.950000,0.277778,0.836420,0.949356,0.949356,0.950228,0.432679,f002bf1,c0a9aac7be21
cb09af72ff25,2026-09-25T03:13:04+00:00,s2,digits,logistic_regression,byzantine,sign_flip,0.000000,3,10,non_iid,30,0.963889,0.963889,0.000000,,0.963951,0.963951,0.963860,0.261630,f002bf1,c15d6cc3d9ef
a2fc8d4923c4,2026-09-25T03:13:04+00:00,s2,digits,logistic_regression,byzantine,targeted_flip,0.200000,0,10,iid,30,0.952778,0.958333,-0.555556,0.055556,0.958087,0.958087,0.958350,0.519582,f002bf1,829f77350e81
ca96b1b7abf0,2026-09-25T03:13:04+00:00,s2,digits,logistic_regression,byzantine,sign_flip,0.000000,4,10,non_iid,30,0.969444,0.969444,0.000000,,0.969427,0.969427,0.969367,0.225075,f002bf1,c15d6cc3d9ef
7285ed09249e,2026-09-25T03:13:04+00:00,s2,digits,logistic_regression,byzantine,backdoor,0.200000,1,10,iid,30,0.963889,0.947222,1.666667,0.848765,0.946574,0.946574,0.946713,0.383676,f002bf1,c0a9aac7be21
b9fe42d1075f,2026-09-25T03:13:04+00:00,s2,digits,logistic_regression,byzantine,targeted_flip,0.200000,1,10,iid,30,0.963889,0.966667,-0.277778,0.055556,0.966654,0.966654,0.966738,0.401232,f002bf1,829f77350e81
ca6e467f6c01,2026-09-25T03:13:04+00:00,s2,digits,logistic_regression,byzantine,sign_flip,0.100000,0,10,non_iid,30,0.958333,0.961111,-0.277778,,0.960710,0.960710,0.961212,0.368446,f002bf1,3d102ffac2ac
ca6e3520a614,2026-09-25T03:13:04+00:00,s2,digits,logistic_regression,byzantine,backdoor,0.200000,2,10,iid,30,0.958333,0.952778,0.555556,0.854938,0.952527,0.952527,0.953338,0.458240,f002bf1,c0a9aac7be21
d5ea8dd7f27e,2026-09-25T03:13:05+00:00,s2,digits,logistic_regression,byzantine,sign_flip,0.100000,1,10,non_iid,30,0.963889,0.958333,0.555556,,0.958003,0.958003,0.957485,0.430707,f002bf1,3d102ffac2ac
1b02e9ccb577,2026-09-25T03:13:05+00:00,s2,digits,logistic_regression,byzantine,targeted_flip,0.200000,2,10,iid,30,0.958333,0.944444,1.388889,0.055556,0.944273,0.944273,0.944742,0.501283,f002bf1,829f77350e81
7d19980207b3,2026-09-25T03:13:05+00:00,s2,digits,logistic_regression,byzantine,backdoor,0.200000,3,10,iid,30,0.963889,0.950000,1.388889,0.823529,0.949665,0.949665,0.950027,0.575199,f002bf1,c0a9aac7be21
498f83eef37d,2026-09-25T03:13:05+00:00,s2,digits,logistic_regression,byzantine,sign_flip,0.100000,2,10,non_iid,30,0.966667,0.963889,0.277778,,0.963642,0.963642,0.963910,0.490448,f002bf1,3d102ffac2ac
0cb9ee1f219e,2026-09-25T03:13:05+00:00,s2,digits,logistic_regression,byzantine,targeted_flip,0.200000,3,10,iid,30,0.963889,0.952778,1.111111,0.083333,0.952840,0.952840,0.953077,0.506278,f002bf1,829f77350e81
89f6d33b536c,2026-09-25T03:13:05+00:00,s2,digits,logistic_regression,byzantine,backdoor,0.200000,4,10,iid,30,0.955556,0.944444,1.111111,0.873065,0.944181,0.944181,0.945483,0.558664,f002bf1,c0a9aac7be21
cd442ddc5f93,2026-09-25T03:13:06+00:00,s2,digits,logistic_regression,byzantine,targeted_flip,0.200000,4,10,iid,30,0.955556,0.944444,1.111111,0.027778,0.944110,0.944110,0.944261,0.771039,f002bf1,829f77350e81
3f007903e75e,2026-09-25T03:13:06+00:00,s2,digits,logistic_regression,byzantine,backdoor,0.300000,0,10,iid,30,0.952778,0.944444,0.833333,0.913580,0.943722,0.943722,0.944526,0.627757,f002bf1,e8901a9c036c
85b364f94a55,2026-09-25T03:13:06+00:00,s2,digits,logistic_regression,byzantine,sign_flip,0.100000,3,10,non_iid,30,0.963889,0.958333,0.555556,,0.958471,0.958471,0.958450,1.046916,f002bf1,3d102ffac2ac
3e8ed8f6b3e5,2026-09-25T03:13:07+00:00,s2,digits,logistic_regression,byzantine,targeted_flip,0.300000,0,10,iid,30,0.952778,0.952778,0.000000,0.055556,0.952531,0.952531,0.952938,0.698660,f002bf1,46b34324e593
42f78e9361ec,2026-09-25T03:13:07+00:00,s2,digits,logistic_regression,byzantine,backdoor,0.300000,1,10,iid,30,0.963889,0.941667,2.222222,0.929012,0.941015,0.941015,0.940849,0.699759,f002bf1,e8901a9c036c
de470e002ef4,2026-09-25T03:13:07+00:00,s2,digits,logistic_regression,byzantine,sign_flip,0.100000,4,10,non_iid,30,0.969444,0.958333,1.111111,,0.958233,0.958233,0.958493,0.597113,f002bf1,3d102ffac2ac
1576d731be0d,2026-09-25T03:13:07+00:00,s2,digits,logistic_regression,byzantine,targeted_flip,0.300000,1,10,iid,30,0.963889,0.955556,0.833333,0.138889,0.955543,0.955543,0.955882,0.679287,f002bf1,46b34324e593
a97498c714e1,2026-09-25T03:13:07+00:00,s2,digits,logistic_regression,byzantine,sign_flip,0.200000,0,10,non_iid,30,0.958333,0.908333,5.000000,,0.907686,0.907686,0.906726,0.595837,f002bf1,b97f6a363e3b
2dd95ccdcc85,2026-09-25T03:13:08+00:00,s2,digits,logistic_regression,byzantine,backdoor,0.300000,2,10,iid,30,0.958333,0.952778,0.555556,0.925926,0.952527,0.952527,0.953430,0.873512,f002bf1,e8901a9c036c
2060acd320f4,2026-09-25T03:13:08+00:00,s2,digits,logistic_regression,byzantine,sign_flip,0.200000,1,10,non_iid,30,0.963889,0.886111,7.777778,,0.886497,0.886497,0.877162,0.393215,f002bf1,b97f6a363e3b
7aa50784599f,2026-09-25T03:13:08+00:00,s2,digits,logistic_regression,byzantine,targeted_flip,0.300000,2,10,iid,30,0.958333,0.938889,1.944444,0.055556,0.938479,0.938479,0.939262,0.573762,f002bf1,46b34324e593
8b42d3985d54,2026-09-25T03:13:08+00:00,s2,digits,logistic_regression,byzantine,backdoor,0.300000,3,10,iid,30,0.963889,0.950000,1.388889,0.928793,0.949511,0.949511,0.949779,0.436417,f002bf1,e8901a9c036c
887665b62e31,2026-09-25T03:13:08+00:00,s2,digits,logistic_regression,byzantine,sign_flip,0.200000,2,10,non_iid,30,0.966667,0.600000,36.666667,,0.602797,0.602797,0.615454,0.432600,f002bf1,b97f6a363e3b
5a473a02b890,2026-09-25T03:13:08+00:00,s2,digits,logistic_regression,byzantine,targeted_flip,0.300000,3,10,iid,30,0.963889,0.947222,1.666667,0.111111,0.947205,0.947205,0.947424,0.400543,f002bf1,46b34324e593
b412579cae64,2026-09-25T03:13:08+00:00,s2,digits,logistic_regression,byzantine,backdoor,0.300000,4,10,iid,30,0.955556,0.944444,1.111111,0.950464,0.944026,0.944026,0.945274,0.434200,f002bf1,e8901a9c036c
2cb23cede184,2026-09-25T03:13:09+00:00,s2,digits,logistic_regression,byzantine,sign_flip,0.200000,3,10,non_iid,30,0.963889,0.961111,0.277778,,0.961173,0.961173,0.961082,0.426589,f002bf1,b97f6a363e3b
552e4c312def,2026-09-25T03:13:09+00:00,s2,digits,logistic_regression,byzantine,targeted_flip,0.300000,4,10,iid,30,0.955556,0.944444,1.111111,0.027778,0.944110,0.944110,0.944261,0.468622,f002bf1,46b34324e593
c8aa958f4031,2026-09-25T03:13:09+00:00,s2,digits,logistic_regression,byzantine,backdoor,0.400000,0,10,iid,30,0.952778,0.944444,0.833333,0.956790,0.943642,0.943642,0.944240,0.443546,f002bf1,58ca789bbb67
17d080c0e848,2026-09-25T03:13:09+00:00,s2,digits,logistic_regression,byzantine,sign_flip,0.200000,4,10,non_iid,30,0.969444,0.608333,36.111111,,0.609093,0.609093,0.614139,0.430930,f002bf1,b97f6a363e3b
28a74fefa03b,2026-09-25T03:13:09+00:00,s2,digits,logistic_regression,byzantine,targeted_flip,0.400000,0,10,iid,30,0.952778,0.941667,1.111111,0.194444,0.941420,0.941420,0.941933,0.430268,f002bf1,f464ac39b1ec
2826239e9856,2026-09-25T03:13:09+00:00,s2,digits,logistic_regression,byzantine,backdoor,0.400000,1,10,iid,30,0.963889,0.944444,1.944444,0.947531,0.943792,0.943792,0.943545,0.400229,f002bf1,58ca789bbb67
6738de687218,2026-09-25T03:13:10+00:00,s2,digits,logistic_regression,byzantine,sign_flip,0.300000,0,10,non_iid,30,0.958333,0.425000,53.333333,,0.424627,0.424627,0.429468,0.469870,f002bf1,1601893ca328
15aecf63782d,2026-09-25T03:13:10+00:00,s2,digits,logistic_regression,byzantine,targeted_flip,0.400000,1,10,iid,30,0.963889,0.941667,2.222222,0.250000,0.941654,0.941654,0.941631,0.566334,f002bf1,f464ac39b1ec
474d85f72501,2026-09-25T03:13:10+00:00,s2,digits,logistic_regression,byzantine,backdoor,0.400000,2,10,iid,30,0.958333,0.947222,1.111111,0.947531,0.946813,0.946813,0.947881,0.563741,f002bf1,58ca789bbb67
5d94fc56ddd9,2026-09-25T03:13:10+00:00,s2,digits,logistic_regression,byzantine,sign_flip,0.300000,1,10,non_iid,30,0.963889,0.588889,37.500000,,0.590161,0.590161,0.549656,0.579936,f002bf1,1601893ca328
e29a95c80fc1,2026-09-25T03:13:10+00:00,s2,digits,logistic_regression,byzantine,targeted_flip,0.400000,2,10,iid,30,0.958333,0.922222,3.611111,0.250000,0.921813,0.921813,0.923333,0.715589,f002bf1,f464ac39b1ec
88ea0c44743b,2026-09-25T03:13:11+00:00,s2,digits,logistic_regression,byzantine,backdoor,0.400000,3,10,iid,30,0.963889,0.950000,1.388889,0.962848,0.949511,0.949511,0.949779,0.577872,f002bf1,58ca789bbb67
2d6b91e507e4,2026-09-25T03:13:11+00:00,s2,digits,logistic_regression,byzantine,sign_flip,0.300000,2,10,non_iid,30,0.966667,0.500000,46.666667,,0.504378,0.504378,0.490176,0.576639,f002bf1,1601893ca328
8af706f5c74b,2026-09-25T03:13:11+00:00,s2,digits,logistic_regression,byzantine,backdoor,0.400000,4,10,iid,30,0.955556,0.941667,1.388889,0.965944,0.941248,0.941248,0.942816,0.485577,f002bf1,58ca789bbb67
76b1f474144e,2026-09-25T03:13:11+00:00,s2,digits,logistic_regression,byzantine,targeted_flip,0.400000,3,10,iid,30,0.963889,0.944444,1.944444,0.166667,0.944507,0.944507,0.944512,0.505734,f002bf1,f464ac39b1ec
62d0be3b50f1,2026-09-25T03:13:11+00:00,s2,digits,logistic_regression,byzantine,sign_flip,0.300000,3,10,non_iid,30,0.963889,0.677778,28.611111,,0.677874,0.677874,0.656650,0.484787,f002bf1,1601893ca328
dacd3f251aee,2026-09-25T03:13:12+00:00,s2,digits,logistic_regression,byzantine,targeted_flip,0.400000,4,10,iid,30,0.955556,0.933333,2.222222,0.111111,0.932999,0.932999,0.933443,0.542474,f002bf1,f464ac39b1ec
db0e2ded2c5c,2026-09-25T03:13:12+00:00,s2,digits,logistic_regression,byzantine,backdoor,0.500000,0,10,iid,30,0.952778,0.938889,1.388889,0.984568,0.938007,0.938007,0.938742,0.568523,f002bf1,ebec09ebb26c
462ad82e27ee,2026-09-25T03:13:12+00:00,s2,digits,logistic_regression,byzantine,sign_flip,0.300000,4,10,non_iid,30,0.969444,0.547222,42.222222,,0.547827,0.547827,0.546630,0.548137,f002bf1,1601893ca328
f7d562146524,2026-09-25T03:13:12+00:00,s2,digits,logistic_regression,byzantine,backdoor,0.500000,1,10,iid,30,0.963889,0.941667,2.222222,0.975309,0.941015,0.941015,0.941706,0.512463,f002bf1,ebec09ebb26c
fc6b3927d8b2,2026-09-25T03:13:12+00:00,s2,digits,logistic_regression,byzantine,targeted_flip,0.500000,0,10,iid,30,0.952778,0.922222,3.055556,0.361111,0.921976,0.921976,0.921256,0.572865,f002bf1,74bbf8f731bc
eb1dcd6412a2,2026-09-25T03:13:12+00:00,s2,digits,logistic_regression,byzantine,sign_flip,0.400000,0,10,non_iid,30,0.958333,0.019444,93.888889,,0.019444,0.019444,0.031602,0.500918,f002bf1,7295dd21c8fd
723312acd31a,2026-09-25T03:13:13+00:00,s2,digits,logistic_regression,byzantine,backdoor,0.500000,2,10,iid,30,0.958333,0.947222,1.111111,0.956790,0.946813,0.946813,0.947881,0.474152,f002bf1,ebec09ebb26c
4b51454667b2,2026-09-25T03:13:13+00:00,s2,digits,logistic_regression,byzantine,targeted_flip,0.500000,1,10,iid,30,0.963889,0.916667,4.722222,0.500000,0.916654,0.916654,0.913709,0.498400,f002bf1,74bbf8f731bc
c3cddca774c6,2026-09-25T03:13:13+00:00,s2,digits,logistic_regression,byzantine,sign_flip,0.400000,1,10,non_iid,30,0.963889,0.466667,49.722222,,0.468685,0.468685,0.446052,0.508915,f002bf1,7295dd21c8fd
1725bfc3999f,2026-09-25T03:13:13+00:00,s2,digits,logistic_regression,byzantine,backdoor,0.500000,3,10,iid,30,0.963889,0.944444,1.944444,0.975232,0.943797,0.943797,0.944007,0.488499,f002bf1,ebec09ebb26c
7acac1eb7d21,2026-09-25T03:13:13+00:00,s2,digits,logistic_regression,byzantine,targeted_flip,0.500000,2,10,iid,30,0.958333,0.911111,4.722222,0.361111,0.910701,0.910701,0.911810,0.490192,f002bf1,74bbf8f731bc
e50412521963,2026-09-25T03:13:13+00:00,s2,digits,logistic_regression,byzantine,sign_flip,0.400000,2,10,non_iid,30,0.966667,0.461111,50.555556,,0.465009,0.465009,0.469369,0.580936,f002bf1,7295dd21c8fd
0b527794147f,2026-09-25T03:13:14+00:00,s2,digits,logistic_regression,byzantine,backdoor,0.500000,4,10,iid,30,0.955556,0.941667,1.388889,0.984520,0.941328,0.941328,0.942610,0.539975,f002bf1,ebec09ebb26c
ae8de03cc83d,2026-09-25T03:13:14+00:00,s2,digits,logistic_regression,byzantine,targeted_flip,0.500000,3,10,iid,30,0.963889,0.933333,3.055556,0.277778,0.933396,0.933396,0.932963,0.559200,f002bf1,74bbf8f731bc
a0d326612ded,2026-09-25T03:13:14+00:00,s2,digits,logistic_regression,byzantine,sign_flip,0.400000,3,10,non_iid,30,0.963889,0.536111,42.777778,,0.537162,0.537162,0.541337,0.474621,f002bf1,7295dd21c8fd
eb09bcaebb0a,2026-09-25T03:13:14+00:00,s2,digits,logistic_regression,byzantine,backdoor,0.000000,0,10,non_iid,30,0.958333,0.958333,0.000000,0.086420,0.957932,0.957932,0.958457,0.265572,f002bf1,e162f44d5808
332feb04def3,2026-09-25T03:13:14+00:00,s2,digits,logistic_regression,byzantine,targeted_flip,0.500000,4,10,iid,30,0.955556,0.925000,3.055556,0.194444,0.924665,0.924665,0.925195,0.467605,f002bf1,74bbf8f731bc
6c264d1906d6,2026-09-25T03:13:14+00:00,s2,digits,logistic_regression,byzantine,backdoor,0.000000,1,10,non_iid,30,0.963889,0.963889,0.000000,0.089506,0.963797,0.963797,0.963509,0.254983,f002bf1,e162f44d5808
815837df4b99,2026-09-25T03:13:14+00:00,s2,digits,logistic_regression,byzantine,sign_flip,0.400000,4,10,non_iid,30,0.969444,0.352778,61.666667,,0.352224,0.352224,0.342489,0.450683,f002bf1,7295dd21c8fd
08ed5af72f53,2026-09-25T03:13:14+00:00,s2,digits,logistic_regression,byzantine,targeted_flip,0.000000,0,10,non_iid,30,0.958333,0.958333,0.000000,0.000000,0.957932,0.957932,0.958457,0.253455,f002bf1,ffbafd19ee8d
f8bbaa15540a,2026-09-25T03:13:14+00:00,s2,digits,logistic_regression,byzantine,backdoor,0.000000,2,10,non_iid,30,0.966667,0.966667,0.000000,0.077160,0.966420,0.966420,0.966728,0.259686,f002bf1,e162f44d5808
f4bd77790057,2026-09-25T03:13:15+00:00,s2,digits,logistic_regression,byzantine,targeted_flip,0.000000,1,10,non_iid,30,0.963889,0.963889,0.000000,0.000000,0.963797,0.963797,0.963509,0.259982,f002bf1,ffbafd19ee8d
7c799a0027e9,2026-09-25T03:13:15+00:00,s2,digits,logistic_regression,byzantine,backdoor,0.000000,3,10,non_iid,30,0.963889,0.963889,0.000000,0.068111,0.963951,0.963951,0.963860,0.307896,f002bf1,e162f44d5808
d3a41c922522,2026-09-25T03:13:15+00:00,s2,digits,logistic_regression,byzantine,sign_flip,0.500000,0,10,non_iid,30,0.958333,0.002778,95.555556,,0.002778,0.002778,0.002532,0.476380,f002bf1,7c0bafa41c5a
3a02c61db111,2026-09-25T03:13:15+00:00,s2,digits,logistic_regression,byzantine,targeted_flip,0.000000,2,10,non_iid,30,0.966667,0.966667,0.000000,0.000000,0.966420,0.966420,0.966728,0.343222,f002bf1,ffbafd19ee8d
b6167eae1fe2,2026-09-25T03:13:15+00:00,s2,digits,logistic_regression,byzantine,backdoor,0.000000,4,10,non_iid,30,0.969444,0.969444,0.000000,0.095975,0.969427,0.969427,0.969367,0.347659,f002bf1,e162f44d5808
3bcf42008c9e,2026-09-25T03:13:15+00:00,s2,digits,logistic_regression,byzantine,sign_flip,0.500000,1,10,non_iid,30,0.963889,0.277778,68.611111,,0.280476,0.280476,0.254676,0.523487,f002bf1,7c0bafa41c5a
a29a12a1f73d,2026-09-25T03:13:15+00:00,s2,digits,logistic_regression,byzantine,targeted_flip,0.000000,3,10,non_iid,30,0.963889,0.963889,0.000000,0.000000,0.963951,0.963951,0.963860,0.282998,f002bf1,ffbafd19ee8d
cc85455c3429,2026-09-25T03:13:16+00:00,s2,digits,logistic_regression,byzantine,targeted_flip,0.000000,4,10,non_iid,30,0.969444,0.969444,0.000000,0.000000,0.969427,0.969427,0.969367,0.313029,f002bf1,ffbafd19ee8d
d73ad21c3eaa,2026-09-25T03:13:16+00:00,s2,digits,logistic_regression,byzantine,backdoor,0.100000,0,10,non_iid,30,0.958333,0.958333,0.000000,0.530864,0.957853,0.957853,0.958148,0.540414,f002bf1,f5bce4e42229
7603847fa62e,2026-09-25T03:13:16+00:00,s2,digits,logistic_regression,byzantine,sign_flip,0.500000,2,10,non_iid,30,0.966667,0.355556,61.111111,,0.359365,0.359365,0.377160,0.454789,f002bf1,7c0bafa41c5a
333359fae80e,2026-09-25T03:13:16+00:00,s2,digits,logistic_regression,byzantine,targeted_flip,0.100000,0,10,non_iid,30,0.958333,0.961111,-0.277778,0.000000,0.960710,0.960710,0.961113,0.454570,f002bf1,abc01ca0d526
41e86673f8da,2026-09-25T03:13:16+00:00,s2,digits,logistic_regression,byzantine,sign_flip,0.500000,3,10,non_iid,30,0.963889,0.327778,63.611111,,0.328614,0.328614,0.342522,0.444864,f002bf1,7c0bafa41c5a
9a1490e59278,2026-09-25T03:13:16+00:00,s2,digits,logistic_regression,byzantine,backdoor,0.100000,1,10,non_iid,30,0.963889,0.958333,0.555556,0.376543,0.958082,0.958082,0.957692,0.598601,f002bf1,f5bce4e42229
d146234b9e89,2026-09-25T03:13:17+00:00,s2,digits,logistic_regression,byzantine,targeted_flip,0.100000,1,10,non_iid,30,0.963889,0.963889,0.000000,0.000000,0.963797,0.963797,0.963509,0.560999,f002bf1,abc01ca0d526
147171fbbf48,2026-09-25T03:13:17+00:00,s2,digits,logistic_regression,byzantine,backdoor,0.100000,2,10,non_iid,30,0.966667,0.958333,0.833333,0.234568,0.957928,0.957928,0.958577,0.509762,f002bf1,f5bce4e42229
e1c505e0ee21,2026-09-25T03:13:17+00:00,s2,digits,logistic_regression,byzantine,sign_flip,0.500000,4,10,non_iid,30,0.969444,0.252778,71.666667,,0.251969,0.251969,0.310778,0.558038,f002bf1,7c0bafa41c5a
4785eee01078,2026-09-25T03:13:17+00:00,s2,wine,logistic_regression,byzantine,sign_flip,0.000000,0,10,iid,30,1.000000,1.000000,0.000000,,1.000000,1.000000,1.000000,0.073704,f002bf1,b408a3c58c34
9d28d222a08b,2026-09-25T03:13:17+00:00,s2,wine,logistic_regression,byzantine,sign_flip,0.000000,1,10,iid,30,1.000000,1.000000,0.000000,,1.000000,1.000000,1.000000,0.064930,f002bf1,b408a3c58c34
7c8c6e5e4bb4,2026-09-25T03:13:17+00:00,s2,wine,logistic_regression,byzantine,sign_flip,0.000000,2,10,iid,30,1.000000,1.000000,0.000000,,1.000000,1.000000,1.000000,0.071440,f002bf1,b408a3c58c34
e36d4ab1e3ea,2026-09-25T03:13:17+00:00,s2,wine,logistic_regression,byzantine,sign_flip,0.000000,3,10,iid,30,1.000000,1.000000,0.000000,,1.000000,1.000000,1.000000,0.064806,f002bf1,b408a3c58c34
1e201a6e7f91,2026-09-25T03:13:17+00:00,s2,wine,logistic_regression,byzantine,sign_flip,0.000000,4,10,iid,30,0.972222,0.972222,0.000000,,0.976190,0.976190,0.974321,0.060096,f002bf1,b408a3c58c34
673b09c0b4ab,2026-09-25T03:13:17+00:00,s2,digits,logistic_regression,byzantine,targeted_flip,0.100000,2,10,non_iid,30,0.966667,0.966667,0.000000,0.000000,0.966420,0.966420,0.966728,0.473914,f002bf1,abc01ca0d526
9f483ade6994,2026-09-25T03:13:17+00:00,s2,digits,logistic_regression,byzantine,backdoor,0.100000,3,10,non_iid,30,0.963889,0.955556,0.833333,0.399381,0.955380,0.955380,0.955457,0.446388,f002bf1,f5bce4e42229
20926adc7d37,2026-09-25T03:13:17+00:00,s2,wine,logistic_regression,byzantine,sign_flip,0.100000,0,10,iid,30,1.000000,1.000000,0.000000,,1.000000,1.000000,1.000000,0.130420,f002bf1,23d035b6ff40
5be62d309369,2026-09-25T03:13:17+00:00,s2,wine,logistic_regression,byzantine,sign_flip,0.100000,1,10,iid,30,1.000000,0.972222,2.777778,,0.976190,0.976190,0.971781,0.130133,f002bf1,23d035b6ff40
2d31ab5aa5d2,2026-09-25T03:13:18+00:00,s2,wine,logistic_regression,byzantine,sign_flip,0.100000,2,10,iid,30,1.000000,1.000000,0.000000,,1.000000,1.000000,1.000000,0.127963,f002bf1,23d035b6ff40
af3411b66cad,2026-09-25T03:13:18+00:00,s2,wine,logistic_regression,byzantine,sign_flip,0.100000,3,10,iid,30,1.000000,1.000000,0.000000,,1.000000,1.000000,1.000000,0.128982,f002bf1,23d035b6ff40
9624eb830b5e,2026-09-25T03:13:18+00:00,s2,digits,logistic_regression,byzantine,backdoor,0.100000,4,10,non_iid,30,0.969444,0.950000,1.944444,0.554180,0.949740,0.949740,0.950583,0.566610,f002bf1,f5bce4e42229
2a49ea3007d6,2026-09-25T03:13:18+00:00,s2,digits,logistic_regression,byzantine,targeted_flip,0.100000,3,10,non_iid,30,0.963889,0.963889,0.000000,0.000000,0.963951,0.963951,0.963860,0.662149,f002bf1,abc01ca0d526
8e31f2b4f424,2026-09-25T03:13:18+00:00,s2,wine,logistic_regression,byzantine,sign_flip,0.100000,4,10,iid,30,0.972222,1.000000,-2.777778,,1.000000,1.000000,1.000000,0.134432,f002bf1,23d035b6ff40
de031351264b,2026-09-25T03:13:18+00:00,s2,wine,logistic_regression,byzantine,sign_flip,0.200000,0,10,iid,30,1.000000,1.000000,0.000000,,1.000000,1.000000,1.000000,0.136349,f002bf1,fe9aaa182a4c
97d313833d32,2026-09-25T03:13:18+00:00,s2,wine,logistic_regression,byzantine,sign_flip,0.200000,1,10,iid,30,1.000000,0.972222,2.777778,,0.976190,0.976190,0.971781,0.122932,f002bf1,fe9aaa182a4c
f780043a4e46,2026-09-25T03:13:18+00:00,s2,wine,logistic_regression,byzantine,sign_flip,0.200000,2,10,iid,30,1.000000,0.972222,2.777778,,0.976190,0.976190,0.974321,0.116796,f002bf1,fe9aaa182a4c
124565ee4091,2026-09-25T03:13:18+00:00,s2,wine,logistic_regression,byzantine,sign_flip,0.200000,3,10,iid,30,1.000000,0.972222,2.777778,,0.976190,0.976190,0.971781,0.108435,f002bf1,fe9aaa182a4c
ec5f4e119989,2026-09-25T03:13:18+00:00,s2,digits,logistic_regression,byzantine,backdoor,0.200000,0,10,non_iid,30,0.958333,0.955556,0.277778,0.750000,0.955075,0.955075,0.955203,0.577028,f002bf1,1f26b7ee1e62
a2130d90294c,2026-09-25T03:13:18+00:00,s2,digits,logistic_regression,byzantine,targeted_flip,0.100000,4,10,non_iid,30,0.969444,0.969444,0.000000,0.000000,0.969427,0.969427,0.969367,0.607454,f002bf1,abc01ca0d526
0bbd8c50a415,2026-09-25T03:13:19+00:00,s2,wine,logistic_regression,byzantine,sign_flip,0.200000,4,10,iid,30,0.972222,0.972222,0.000000,,0.976190,0.976190,0.971781,0.113936,f002bf1,fe9aaa182a4c
5dd04cedb150,2026-09-25T03:13:19+00:00,s2,wine,logistic_regression,byzantine,sign_flip,0.300000,0,10,iid,30,1.000000,0.916667,8.333333,,0.919048,0.919048,0.916296,0.114847,f002bf1,2973ad6aa6d6
f277e1caaf35,2026-09-25T03:13:19+00:00,s2,wine,logistic_regression,byzantine,sign_flip,0.300000,1,10,iid,30,1.000000,0.972222,2.777778,,0.976190,0.976190,0.971781,0.090885,f002bf1,2973ad6aa6d6
5d5a37a0b612,2026-09-25T03:13:19+00:00,s2,wine,logistic_regression,byzantine,sign_flip,0.300000,2,10,iid,30,1.000000,0.888889,11.111111,,0.904762,0.904762,0.888500,0.102119,f002bf1,2973ad6aa6d6
fecf09ad5836,2026-09-25T03:13:19+00:00,s2,digits,logistic_regression,byzantine,backdoor,0.200000,1,10,non_iid,30,0.963889,0.958333,0.555556,0.675926,0.958003,0.958003,0.957572,0.457040,f002bf1,1f26b7ee1e62
7aed0ef86d6e,2026-09-25T03:13:19+00:00,s2,digits,logistic_regression,byzantine,targeted_flip,0.200000,0,10,non_iid,30,0.958333,0.963889,-0.555556,0.027778,0.963647,0.963647,0.964094,0.475679,f002bf1,3fa879ba8e3f
e0211c2b5293,2026-09-25T03:13:19+00:00,s2,wine,logistic_regression,byzantine,sign_flip,0.300000,3,10,iid,30,1.000000,0.861111,13.888889,,0.876984,0.876984,0.862077,0.117497,f002bf1,2973ad6aa6d6
e40649343438,2026-09-25T03:13:19+00:00,s2,wine,logistic_regression,byzantine,sign_flip,0.300000,4,10,iid,30,0.972222,0.944444,2.777778,,0.942857,0.942857,0.944469,0.105884,f002bf1,2973ad6aa6d6
5b34ae58c635,2026-09-25T03:13:19+00:00,s2,wine,logistic_regression,byzantine,sign_flip,0.400000,0,10,iid,30,1.000000,0.777778,22.222222,,0.776984,0.776984,0.776984,0.092825,f002bf1,796f9e04f4e6
68fa9bdc2bb3,2026-09-25T03:13:19+00:00,s2,wine,logistic_regression,byzantine,sign_flip,0.400000,1,10,iid,30,1.000000,0.916667,8.333333,,0.928571,0.928571,0.918486,0.105056,f002bf1,796f9e04f4e6
472fb76fb600,2026-09-25T03:13:19+00:00,s2,digits,logistic_regression,byzantine,backdoor,0.200000,2,10,non_iid,30,0.966667,0.947222,1.944444,0.885802,0.947042,0.947042,0.947543,0.443070,f002bf1,1f26b7ee1e62
424cfd680f6e,2026-09-25T03:13:19+00:00,s2,wine,logistic_regression,byzantine,sign_flip,0.400000,2,10,iid,30,1.000000,0.666667,33.333333,,0.686508,0.686508,0.669697,0.121566,f002bf1,796f9e04f4e6
cfe7b86fd6a6,2026-09-25T03:13:19+00:00,s2,digits,logistic_regression,byzantine,targeted_flip,0.200000,1,10,non_iid,30,0.963889,0.963889,0.000000,0.000000,0.963797,0.963797,0.963509,0.480005,f002bf1,3fa879ba8e3f
0f49e66c0f54,2026-09-25T03:13:20+00:00,s2,wine,logistic_regression,byzantine,sign_flip,0.400000,3,10,iid,30,1.000000,0.388889,61.111111,,0.432540,0.432540,0.373183,0.093409,f002bf1,796f9e04f4e6
0457486e9317,2026-09-25T03:13:20+00:00,s2,wine,logistic_regression,byzantine,sign_flip,0.400000,4,10,iid,30,0.972222,0.722222,25.000000,,0.685714,0.685714,0.648860,0.112027,f002bf1,796f9e04f4e6
1fd9c7f1bcad,2026-09-25T03:13:20+00:00,s2,wine,logistic_regression,byzantine,sign_flip,0.500000,0,10,iid,30,1.000000,0.055556,94.444444,,0.047619,0.047619,0.043011,0.116217,f002bf1,897373c47641
d2afcccaa679,2026-09-25T03:13:20+00:00,s2,digits,logistic_regression,byzantine,backdoor,0.200000,3,10,non_iid,30,0.963889,0.955556,0.833333,0.427245,0.955380,0.955380,0.955457,0.480839,f002bf1,1f26b7ee1e62
41371a20d154,2026-09-25T03:13:20+00:00,s2,wine,logistic_regression,byzantine,sign_flip,0.500000,1,10,iid,30,1.000000,0.277778,72.222222,,0.299206,0.299206,0.262792,0.139921,f002bf1,897373c47641
e662b1b129c7,2026-09-25T03:13:20+00:00,s2,digits,logistic_regression,byzantine,targeted_flip,0.200000,2,10,non_iid,30,0.966667,0.950000,1.666667,0.055556,0.949670,0.949670,0.950744,0.542505,f002bf1,3fa879ba8e3f
ee2f5530bff6,2026-09-25T03:13:20+00:00,s2,wine,logistic_regression,byzantine,sign_flip,0.500000,2,10,iid,30,1.000000,0.333333,66.666667,,0.384921,0.384921,0.344482,0.119659,f002bf1,897373c47641
2a2694744f52,2026-09-25T03:13:20+00:00,s2,wine,logistic_regression,byzantine,sign_flip,0.500000,3,10,iid,30,1.000000,0.166667,83.333333,,0.200000,0.200000,0.250000,0.113763,f002bf1,897373c47641
a968c3f0fd07,2026-09-25T03:13:20+00:00,s2,wine,logistic_regression,byzantine,sign_flip,0.500000,4,10,iid,30,0.972222,0.000000,97.222222,,0.000000,0.000000,0.000000,0.126500,f002bf1,897373c47641
c130725c86e7,2026-09-25T03:13:20+00:00,s2,digits,logistic_regression,byzantine,backdoor,0.200000,4,10,non_iid,30,0.969444,0.950000,1.944444,0.904025,0.949665,0.949665,0.950756,0.538325,f002bf1,1f26b7ee1e62
1e08ce1d160a,2026-09-25T03:13:20+00:00,s2,wine,logistic_regression,byzantine,sign_flip,0.000000,0,10,non_iid,30,1.000000,1.000000,0.000000,,1.000000,1.000000,1.000000,0.106309,f002bf1,3ef25e09e95d
e0d610dde570,2026-09-25T03:13:20+00:00,s2,digits,logistic_regression,byzantine,targeted_flip,0.200000,3,10,non_iid,30,0.963889,0.963889,0.000000,0.000000,0.963951,0.963951,0.963860,0.458830,f002bf1,3fa879ba8e3f
3b1f87b24b5a,2026-09-25T03:13:21+00:00,s2,wine,logistic_regression,byzantine,sign_flip,0.000000,1,10,non_iid,30,0.972222,0.972222,0.000000,,0.976190,0.976190,0.971781,0.095413,f002bf1,3ef25e09e95d
6205d2fbad4e,2026-09-25T03:13:21+00:00,s2,wine,logistic_regression,byzantine,sign_flip,0.000000,2,10,non_iid,30,1.000000,1.000000,0.000000,,1.000000,1.000000,1.000000,0.103397,f002bf1,3ef25e09e95d
ee7b86909c69,2026-09-25T03:13:21+00:00,s2,wine,logistic_regression,byzantine,sign_flip,0.000000,3,10,non_iid,30,1.000000,1.000000,0.000000,,1.000000,1.000000,1.000000,0.077974,f002bf1,3ef25e09e95d
eb0ea68e02ec,2026-09-25T03:13:21+00:00,s2,wine,logistic_regression,byzantine,sign_flip,0.000000,4,10,non_iid,30,0.972222,0.972222,0.000000,,0.976190,0.976190,0.974321,0.087287,f002bf1,3ef25e09e95d
e688b54a1a88,2026-09-25T03:13:21+00:00,s2,digits,logistic_regression,byzantine,backdoor,0.300000,0,10,non_iid,30,0.958333,0.944444,1.388889,0.919753,0.943722,0.943722,0.944387,0.486377,f002bf1,e13f5e020346
ebe32c986e40,2026-09-25T03:13:21+00:00,s2,wine,logistic_regression,byzantine,sign_flip,0.100000,0,10,non_iid,30,1.000000,1.000000,0.000000,,1.000000,1.000000,1.000000,0.144071,f002bf1,1fa95962290e
4f527c501ba3,2026-09-25T03:13:21+00:00,s2,digits,logistic_regression,byzantine,targeted_flip,0.200000,4,10,non_iid,30,0.969444,0.963889,0.555556,0.000000,0.963638,0.963638,0.963688,0.541899,f002bf1,3fa879ba8e3f
6dc4221dd48e,2026-09-25T03:13:21+00:00,s2,wine,logistic_regression,byzantine,sign_flip,0.100000,1,10,non_iid,30,0.972222,0.972222,0.000000,,0.976190,0.976190,0.971781,0.175097,f002bf1,1fa95962290e
929e9a40ae91,2026-09-25T03:13:21+00:00,s2,wine,logistic_regression,byzantine,sign_flip,0.100000,2,10,non_iid,30,1.000000,1.000000,0.000000,,1.000000,1.000000,1.000000,0.160899,f002bf1,1fa95962290e
e30b0f7e4f2a,2026-09-25T03:13:21+00:00,s2,digits,logistic_regression,byzantine,backdoor,0.300000,1,10,non_iid,30,0.963889,0.938889,2.500000,0.882716,0.938162,0.938162,0.937983,0.590403,f002bf1,e13f5e020346
79dbcef60738,2026-09-25T03:13:21+00:00,s2,wine,logistic_regression,byzantine,sign_flip,0.100000,3,10,non_iid,30,1.000000,1.000000,0.000000,,1.000000,1.000000,1.000000,0.132444,f002bf1,1fa95962290e
371524ee095e,2026-09-25T03:13:22+00:00,s2,digits,logistic_regression,byzantine,targeted_flip,0.300000,0,10,non_iid,30,0.958333,0.919444,3.888889,0.444444,0.919123,0.919123,0.917499,0.567497,f002bf1,4075d524fb5e
40fae5908bd5,2026-09-25T03:13:22+00:00,s2,wine,logistic_regression,byzantine,sign_flip,0.100000,4,10,non_iid,30,0.972222,0.972222,0.000000,,0.976190,0.976190,0.974321,0.126984,f002bf1,1fa95962290e
dd35edfd6d5b,2026-09-25T03:13:22+00:00,s2,wine,logistic_regression,byzantine,sign_flip,0.200000,0,10,non_iid,30,1.000000,1.000000,0.000000,,1.000000,1.000000,1.000000,0.118266,f002bf1,079c60ccbdfa
e41934b34ecf,2026-09-25T03:13:22+00:00,s2,wine,logistic_regression,byzantine,sign_flip,0.200000,1,10,non_iid,30,0.972222,0.972222,0.000000,,0.976190,0.976190,0.971781,0.111499,f002bf1,079c60ccbdfa
86524ebf77b9,2026-09-25T03:13:22+00:00,s2,digits,logistic_regression,byzantine,backdoor,0.300000,2,10,non_iid,30,0.966667,0.944444,2.222222,0.922840,0.944185,0.944185,0.944824,0.450933,f002bf1,e13f5e020346
01eb4b667f86,2026-09-25T03:13:22+00:00,s2,wine,logistic_regression,byzantine,sign_flip,0.200000,2,10,non_iid,30,1.000000,1.000000,0.000000,,1.000000,1.000000,1.000000,0.094503,f002bf1,079c60ccbdfa
6d74d53b2bd9,2026-09-25T03:13:22+00:00,s2,digits,logistic_regression,byzantine,targeted_flip,0.300000,1,10,non_iid,30,0.963889,0.955556,0.833333,0.138889,0.955463,0.955463,0.955688,0.428149,f002bf1,4075d524fb5e
338a10c5c15d,2026-09-25T03:13:22+00:00,s2,wine,logistic_regression,byzantine,sign_flip,0.200000,3,10,non_iid,30,1.000000,0.972222,2.777778,,0.976190,0.976190,0.971781,0.102266,f002bf1,079c60ccbdfa
e1b814c6f166,2026-09-25T03:13:22+00:00,s2,wine,logistic_regression,byzantine,sign_flip,0.200000,4,10,non_iid,30,0.972222,0.972222,0.000000,,0.976190,0.976190,0.974321,0.136685,f002bf1,079c60ccbdfa
93477f81c2cf,2026-09-25T03:13:22+00:00,s2,wine,logistic_regression,byzantine,sign_flip,0.300000,0,10,non_iid,30,1.000000,1.000000,0.000000,,1.000000,1.000000,1.000000,0.123412,f002bf1,31485ee13f12
8115e9631dce,2026-09-25T03:13:22+00:00,s2,digits,logistic_regression,byzantine,backdoor,0.300000,3,10,non_iid,30,0.963889,0.952778,1.111111,0.727554,0.952447,0.952447,0.952739,0.438754,f002bf1,e13f5e020346
d0dd2b98ccfe,2026-09-25T03:13:22+00:00,s2,digits,logistic_regression,byzantine,targeted_flip,0.300000,2,10,non_iid,30,0.966667,0.936111,3.055556,0.138889,0.935701,0.935701,0.937116,0.445922,f002bf1,4075d524fb5e
8e41fef94149,2026-09-25T03:13:23+00:00,s2,wine,logistic_regression,byzantine,sign_flip,0.300000,1,10,non_iid,30,0.972222,0.305556,66.666667,,0.297619,0.297619,0.324009,0.128823,f002bf1,31485ee13f12
aad5b0b82a56,2026-09-25T03:13:23+00:00,s2,wine,logistic_regression,byzantine,sign_flip,0.300000,2,10,non_iid,30,1.000000,0.750000,25.000000,,0.785714,0.785714,0.736533,0.104326,f002bf1,31485ee13f12
2013c8f1bb94,2026-09-25T03:13:23+00:00,s2,wine,logistic_regression,byzantine,sign_flip,0.300000,3,10,non_iid,30,1.000000,0.888889,11.111111,,0.904762,0.904762,0.888889,0.130922,f002bf1,31485ee13f12
cad5b95f80a6,2026-09-25T03:13:23+00:00,s2,digits,logistic_regression,byzantine,backdoor,0.300000,4,10,non_iid,30,0.969444,0.950000,1.944444,0.953560,0.949665,0.949665,0.951093,0.446469,f002bf1,e13f5e020346
4e6991ee445a,2026-09-25T03:13:23+00:00,s2,wine,logistic_regression,byzantine,sign_flip,0.300000,4,10,non_iid,30,0.972222,0.638889,33.333333,,0.591270,0.591270,0.522273,0.108950,f002bf1,31485ee13f12
490244fb89f7,2026-09-25T03:13:23+00:00,s2,digits,logistic_regression,byzantine,targeted_flip,0.300000,3,10,non_iid,30,0.963889,0.963889,0.000000,0.000000,0.963951,0.963951,0.963860,0.455221,f002bf1,4075d524fb5e
7c669bd60480,2026-09-25T03:13:23+00:00,s2,wine,logistic_regression,byzantine,sign_flip,0.400000,0,10,non_iid,30,1.000000,0.972222,2.777778,,0.972222,0.972222,0.974013,0.113626,f002bf1,69a4d65ce26a
387c07bfa7b1,2026-09-25T03:13:23+00:00,s2,wine,logistic_regression,byzantine,sign_flip,0.400000,1,10,non_iid,30,0.972222,0.166667,80.555556,,0.158730,0.158730,0.208145,0.113383,f002bf1,69a4d65ce26a
ed6ea2db906f,2026-09-25T03:13:23+00:00,s2,wine,logistic_regression,byzantine,sign_flip,0.400000,2,10,non_iid,30,1.000000,0.722222,27.777778,,0.761905,0.761905,0.701178,0.119899,f002bf1,69a4d65ce26a
8c9af04f88e2,2026-09-25T03:13:23+00:00,s2,digits,logistic_regression,byzantine,backdoor,0.400000,0,10,non_iid,30,0.958333,0.933333,2.500000,0.987654,0.932452,0.932452,0.933430,0.458505,f002bf1,89d0fd882610
a61779e6d8f9,2026-09-25T03:13:23+00:00,s2,wine,logistic_regression,byzantine,sign_flip,0.400000,3,10,non_iid,30,1.000000,0.861111,13.888889,,0.880952,0.880952,0.858647,0.133550,f002bf1,69a4d65ce26a
ce096ff6b2cd,2026-09-25T03:13:23+00:00,s2,digits,logistic_regression,byzantine,targeted_flip,0.300000,4,10,non_iid,30,0.969444,0.955556,1.388889,0.000000,0.955300,0.955300,0.955260,0.465186,f002bf1,4075d524fb5e
8198d5502035,2026-09-25T03:13:23+00:00,s2,wine,logistic_regression,byzantine,sign_flip,0.400000,4,10,non_iid,30,0.972222,0.611111,36.111111,,0.567460,0.567460,0.500772,0.111013,f002bf1,69a4d65ce26a
800db6ece361,2026-09-25T03:13:24+00:00,s2,wine,logistic_regression,byzantine,sign_flip,0.500000,0,10,non_iid,30,1.000000,0.666667,33.333333,,0.666667,0.666667,0.529762,0.116182,f002bf1,e0818c17ba00
4dcdedc55b34,2026-09-25T03:13:24+00:00,s2,wine,logistic_regression,byzantine,sign_flip,0.500000,1,10,non_iid,30,0.972222,0.027778,94.444444,,0.023810,0.023810,0.024691,0.118340,f002bf1,e0818c17ba00
c0b1a13bf40a,2026-09-25T03:13:24+00:00,s2,digits,logistic_regression,byzantine,backdoor,0.400000,1,10,non_iid,30,0.963889,0.938889,2.500000,0.901235,0.938007,0.938007,0.938105,0.442259,f002bf1,89d0fd882610
7620f84bbe20,2026-09-25T03:13:24+00:00,s2,wine,logistic_regression,byzantine,sign_flip,0.500000,2,10,non_iid,30,1.000000,0.277778,72.222222,,0.314286,0.314286,0.343915,0.091748,f002bf1,e0818c17ba00
5b71bbfc2189,2026-09-25T03:13:24+00:00,s2,digits,logistic_regression,byzantine,targeted_flip,0.400000,0,10,non_iid,30,0.958333,0.877778,8.055556,0.833333,0.877456,0.877456,0.859756,0.449473,f002bf1,a5d664af82fd
8f9e31eaaed0,2026-09-25T03:13:24+00:00,s2,wine,logistic_regression,byzantine,sign_flip,0.500000,3,10,non_iid,30,1.000000,0.388889,61.111111,,0.428571,0.428571,0.381809,0.123733,f002bf1,e0818c17ba00
9b3720b9d23c,2026-09-25T03:13:24+00:00,s2,wine,logistic_regression,byzantine,sign_flip,0.500000,4,10,non_iid,30,0.972222,0.583333,38.888889,,0.539683,0.539683,0.486659,0.123584,f002bf1,e0818c17ba00
addddf1497f5,2026-09-25T03:13:24+00:00,s2,digits,logistic_regression,byzantine,backdoor,0.400000,2,10,non_iid,30,0.966667,0.944444,2.222222,0.932099,0.944185,0.944185,0.944824,0.520775,f002bf1,89d0fd882610
fd2b80f34628,2026-09-25T03:13:24+00:00,s2,digits,logistic_regression,byzantine,targeted_flip,0.400000,1,10,non_iid,30,0.963889,0.922222,4.166667,0.388889,0.922130,0.922130,0.920920,0.444779,f002bf1,a5d664af82fd
9b2003358b95,2026-09-25T03:13:25+00:00,s2,digits,logistic_regression,byzantine,targeted_flip,0.400000,2,10,non_iid,30,0.966667,0.936111,3.055556,0.138889,0.935701,0.935701,0.937116,0.460925,f002bf1,a5d664af82fd
9cc346310d4f,2026-09-25T03:13:25+00:00,s2,digits,logistic_regression,byzantine,backdoor,0.400000,3,10,non_iid,30,0.963889,0.952778,1.111111,0.885449,0.952447,0.952447,0.952738,0.527475,f002bf1,89d0fd882610
8bdd8743cae1,2026-09-25T03:13:25+00:00,s2,digits,logistic_regression,byzantine,targeted_flip,0.400000,3,10,non_iid,30,0.963889,0.950000,1.388889,0.111111,0.950062,0.950062,0.950127,0.447279,f002bf1,a5d664af82fd
60fe6c5d6cfa,2026-09-25T03:13:25+00:00,s2,digits,logistic_regression,byzantine,backdoor,0.400000,4,10,non_iid,30,0.969444,0.947222,2.222222,0.975232,0.946963,0.946963,0.948240,0.452466,f002bf1,89d0fd882610
4e398f5d7a6f,2026-09-25T03:13:26+00:00,s2,digits,logistic_regression,byzantine,targeted_flip,0.400000,4,10,non_iid,30,0.969444,0.944444,2.500000,0.055556,0.944110,0.944110,0.944175,0.450056,f002bf1,a5d664af82fd
0ee0c42d44d3,2026-09-25T03:13:26+00:00,s2,digits,logistic_regression,byzantine,backdoor,0.500000,0,10,non_iid,30,0.958333,0.933333,2.500000,0.987654,0.932452,0.932452,0.933558,0.453649,f002bf1,cb3cfa55766b
ec0ea9b134d5,2026-09-25T03:13:26+00:00,s2,digits,logistic_regression,byzantine,targeted_flip,0.500000,0,10,non_iid,30,0.958333,0.875000,8.333333,0.861111,0.874678,0.874678,0.854731,0.434221,f002bf1,fb7fc951e3ca
1f11d6fada48,2026-09-25T03:13:26+00:00,s2,digits,logistic_regression,byzantine,backdoor,0.500000,1,10,non_iid,30,0.963889,0.933333,3.055556,0.950617,0.932293,0.932293,0.932867,0.485191,f002bf1,cb3cfa55766b
e0b0c9737b3a,2026-09-25T03:13:27+00:00,s2,digits,logistic_regression,byzantine,targeted_flip,0.500000,1,10,non_iid,30,0.963889,0.894444,6.944444,0.666667,0.894352,0.894352,0.886604,0.475180,f002bf1,fb7fc951e3ca
6c4dbc97158b,2026-09-25T03:13:27+00:00,s2,digits,logistic_regression,byzantine,backdoor,0.500000,2,10,non_iid,30,0.966667,0.938889,2.777778,0.950617,0.938704,0.938704,0.939566,0.523684,f002bf1,cb3cfa55766b
fff433ee3c26,2026-09-25T03:13:27+00:00,s2,digits,logistic_regression,byzantine,targeted_flip,0.500000,2,10,non_iid,30,0.966667,0.927778,3.888889,0.194444,0.927368,0.927368,0.929332,0.467703,f002bf1,fb7fc951e3ca
8d3da2674797,2026-09-25T03:13:27+00:00,s2,digits,logistic_regression,byzantine,backdoor,0.500000,3,10,non_iid,30,0.963889,0.950000,1.388889,0.919505,0.949670,0.949670,0.949988,0.503963,f002bf1,cb3cfa55766b
8e0436dc9b37,2026-09-25T03:13:28+00:00,s2,digits,logistic_regression,byzantine,targeted_flip,0.500000,3,10,non_iid,30,0.963889,0.950000,1.388889,0.111111,0.950062,0.950062,0.950127,0.472066,f002bf1,fb7fc951e3ca
9698c5a2b983,2026-09-25T03:13:28+00:00,s2,digits,logistic_regression,byzantine,backdoor,0.500000,4,10,non_iid,30,0.969444,0.944444,2.500000,0.975232,0.944106,0.944106,0.945305,0.535244,f002bf1,cb3cfa55766b
3258a175cf24,2026-09-25T03:13:28+00:00,s2,wine,logistic_regression,byzantine,backdoor,0.000000,0,10,iid,30,1.000000,1.000000,0.000000,0.000000,1.000000,1.000000,1.000000,0.077959,f002bf1,929edcff4619
c7236e9825c7,2026-09-25T03:13:28+00:00,s2,wine,logistic_regression,byzantine,backdoor,0.000000,1,10,iid,30,1.000000,1.000000,0.000000,0.000000,1.000000,1.000000,1.000000,0.074640,f002bf1,929edcff4619
63dc3ad83fd1,2026-09-25T03:13:28+00:00,s2,digits,logistic_regression,byzantine,targeted_flip,0.500000,4,10,non_iid,30,0.969444,0.941667,2.777778,0.055556,0.941253,0.941253,0.941273,0.458720,f002bf1,fb7fc951e3ca
4a2f319d3ab2,2026-09-25T03:13:28+00:00,s2,wine,logistic_regression,byzantine,backdoor,0.000000,2,10,iid,30,1.000000,1.000000,0.000000,0.000000,1.000000,1.000000,1.000000,0.063406,f002bf1,929edcff4619
7e8ec320322f,2026-09-25T03:13:28+00:00,s2,wine,logistic_regression,byzantine,backdoor,0.000000,3,10,iid,30,1.000000,1.000000,0.000000,0.000000,1.000000,1.000000,1.000000,0.054471,f002bf1,929edcff4619
969e74a4a6d3,2026-09-25T03:13:28+00:00,s2,wine,logistic_regression,byzantine,targeted_flip,0.000000,0,10,iid,30,1.000000,1.000000,0.000000,0.000000,1.000000,1.000000,1.000000,0.073063,f002bf1,10cee0e92e41
daa0cfb0b18a,2026-09-25T03:13:28+00:00,s2,wine,logistic_regression,byzantine,backdoor,0.000000,4,10,iid,30,0.972222,0.972222,0.000000,0.000000,0.976190,0.976190,0.974321,0.080072,f002bf1,929edcff4619
b1864e150bbd,2026-09-25T03:13:28+00:00,s2,wine,logistic_regression,byzantine,targeted_flip,0.000000,1,10,iid,30,1.000000,1.000000,0.000000,0.000000,1.000000,1.000000,1.000000,0.074336,f002bf1,10cee0e92e41
1e3244a11b0e,2026-09-25T03:13:28+00:00,s3,breast_cancer,quantum_net,backdoor,trigger,0.000000,0,,,,0.912281,0.912281,0.000000,0.000000,0.920635,0.952381,0.888889,30.035380,f002bf1,ce116e691907
cb7813b9a4d7,2026-09-25T03:13:28+00:00,s2,wine,logistic_regression,byzantine,targeted_flip,0.000000,2,10,iid,30,1.000000,1.000000,0.000000,0.000000,1.000000,1.000000,1.000000,0.074874,f002bf1,10cee0e92e41
a95d9108b53f,2026-09-25T03:13:28+00:00,s2,wine,logistic_regression,byzantine,backdoor,0.100000,0,10,iid,30,1.000000,0.944444,5.555556,0.590909,0.944444,0.944444,0.947475,0.104382,f002bf1,342e9d7d06c5
919a72be1ecb,2026-09-25T03:13:28+00:00,s2,wine,logistic_regression,byzantine,targeted_flip,0.000000,3,10,iid,30,1.000000,1.000000,0.000000,0.000000,1.000000,1.000000,1.000000,0.082266,f002bf1,10cee0e92e41
e72ccd6f3a04,2026-09-25T03:13:28+00:00,s2,wine,logistic_regression,byzantine,backdoor,0.100000,1,10,iid,30,1.000000,1.000000,0.000000,0.545455,1.000000,1.000000,1.000000,0.109216,f002bf1,342e9d7d06c5
cc00d892e8fe,2026-09-25T03:13:28+00:00,s2,wine,logistic_regression,byzantine,targeted_flip,0.000000,4,10,iid,30,0.972222,0.972222,0.000000,0.000000,0.976190,0.976190,0.974321,0.078141,f002bf1,10cee0e92e41
50bf2e13786f,2026-09-25T03:13:29+00:00,s2,wine,logistic_regression,byzantine,backdoor,0.100000,2,10,iid,30,1.000000,1.000000,0.000000,0.681818,1.000000,1.000000,1.000000,0.101550,f002bf1,342e9d7d06c5
6d58d1b58452,2026-09-25T03:13:29+00:00,s2,wine,logistic_regression,byzantine,targeted_flip,0.100000,0,10,iid,30,1.000000,1.000000,0.000000,0.000000,1.000000,1.000000,1.000000,0.113207,f002bf1,53603092a4e1
846ac815618b,2026-09-25T03:13:29+00:00,s2,wine,logistic_regression,byzantine,backdoor,0.100000,3,10,iid,30,1.000000,0.944444,5.555556,0.636364,0.944444,0.944444,0.947475,0.101971,f002bf1,342e9d7d06c5
51e95db5e746,2026-09-25T03:13:29+00:00,s2,wine,logistic_regression,byzantine,targeted_flip,0.100000,1,10,iid,30,1.000000,1.000000,0.000000,0.000000,1.000000,1.000000,1.000000,0.105202,f002bf1,53603092a4e1
7ca95e25a685,2026-09-25T03:13:29+00:00,s2,wine,logistic_regression,byzantine,backdoor,0.100000,4,10,iid,30,0.972222,0.944444,2.777778,0.590909,0.948413,0.948413,0.945825,0.101871,f002bf1,342e9d7d06c5
e8560b5475ee,2026-09-25T03:13:29+00:00,s2,wine,logistic_regression,byzantine,targeted_flip,0.100000,2,10,iid,30,1.000000,1.000000,0.000000,0.000000,1.000000,1.000000,1.000000,0.103033,f002bf1,53603092a4e1
5b6d14825275,2026-09-25T03:13:29+00:00,s2,wine,logistic_regression,byzantine,backdoor,0.200000,0,10,iid,30,1.000000,0.944444,5.555556,0.863636,0.944444,0.944444,0.947475,0.094348,f002bf1,56bf97c7bfca
63c06ac45598,2026-09-25T03:13:29+00:00,s2,wine,logistic_regression,byzantine,targeted_flip,0.100000,3,10,iid,30,1.000000,0.972222,2.777778,0.083333,0.972222,0.972222,0.974013,0.098091,f002bf1,53603092a4e1
12eed4e46166,2026-09-25T03:13:29+00:00,s2,wine,logistic_regression,byzantine,backdoor,0.200000,1,10,iid,30,1.000000,1.000000,0.000000,0.681818,1.000000,1.000000,1.000000,0.118088,f002bf1,56bf97c7bfca
3c9c517e79be,2026-09-25T03:13:29+00:00,s2,wine,logistic_regression,byzantine,targeted_flip,0.100000,4,10,iid,30,0.972222,0.972222,0.000000,0.000000,0.976190,0.976190,0.971781,0.099733,f002bf1,53603092a4e1
1e56cccc11ac,2026-09-25T03:13:29+00:00,s2,wine,logistic_regression,byzantine,backdoor,0.200000,2,10,iid,30,1.000000,1.000000,0.000000,0.772727,1.000000,1.000000,1.000000,0.095620,f002bf1,56bf97c7bfca
110b2d63a2b7,2026-09-25T03:13:29+00:00,s2,wine,logistic_regression,byzantine,targeted_flip,0.200000,0,10,iid,30,1.000000,0.944444,5.555556,0.166667,0.944444,0.944444,0.947475,0.112770,f002bf1,0b689a32ab23
e9f6ae067dbe,2026-09-25T03:13:29+00:00,s2,wine,logistic_regression,byzantine,backdoor,0.200000,3,10,iid,30,1.000000,0.916667,8.333333,0.863636,0.920635,0.920635,0.919341,0.104213,f002bf1,56bf97c7bfca
e097344b1778,2026-09-25T03:13:29+00:00,s2,wine,logistic_regression,byzantine,targeted_flip,0.200000,1,10,iid,30,1.000000,1.000000,0.000000,0.000000,1.000000,1.000000,1.000000,0.098791,f002bf1,0b689a32ab23
48a84b354ed6,2026-09-25T03:13:29+00:00,s2,wine,logistic_regression,byzantine,backdoor,0.200000,4,10,iid,30,0.972222,0.944444,2.777778,0.772727,0.948413,0.948413,0.945825,0.091992,f002bf1,56bf97c7bfca
de1ea907b5e1,2026-09-25T03:13:29+00:00,s2,wine,logistic_regression,byzantine,targeted_flip,0.200000,2,10,iid,30,1.000000,1.000000,0.000000,0.000000,1.000000,1.000000,1.000000,0.131045,f002bf1,0b689a32ab23
5d04fa328805,2026-09-25T03:13:29+00:00,s2,wine,logistic_regression,byzantine,backdoor,0.300000,0,10,iid,30,1.000000,0.944444,5.555556,0.909091,0.944444,0.944444,0.947475,0.105100,f002bf1,fc2bc152e475
109360ffc1fb,2026-09-25T03:13:29+00:00,s2,wine,logistic_regression,byzantine,targeted_flip,0.200000,3,10,iid,30,1.000000,0.888889,11.111111,0.333333,0.888889,0.888889,0.891667,0.094528,f002bf1,0b689a32ab23
fd1e2610768c,2026-09-25T03:13:30+00:00,s2,wine,logistic_regression,byzantine,backdoor,0.300000,1,10,iid,30,1.000000,1.000000,0.000000,0.954545,1.000000,1.000000,1.000000,0.094125,f002bf1,fc2bc152e475
1239f096dc3e,2026-09-25T03:13:30+00:00,s2,wine,logistic_regression,byzantine,targeted_flip,0.200000,4,10,iid,30,0.972222,0.944444,2.777778,0.083333,0.948413,0.948413,0.945825,0.094920,f002bf1,0b689a32ab23
67b259e874c0,2026-09-25T03:13:30+00:00,s2,wine,logistic_regression,byzantine,backdoor,0.300000,2,10,iid,30,1.000000,1.000000,0.000000,0.909091,1.000000,1.000000,1.000000,0.096726,f002bf1,fc2bc152e475
061cd85d7f6b,2026-09-25T03:13:30+00:00,s2,wine,logistic_regression,byzantine,targeted_flip,0.300000,0,10,iid,30,1.000000,0.888889,11.111111,0.333333,0.888889,0.888889,0.891667,0.105040,f002bf1,54ec6686bc3a
74d472fca682,2026-09-25T03:13:30+00:00,s2,wine,logistic_regression,byzantine,backdoor,0.300000,3,10,iid,30,1.000000,0.916667,8.333333,0.954545,0.920635,0.920635,0.919341,0.092558,f002bf1,fc2bc152e475
babc65ebdcb0,2026-09-25T03:13:30+00:00,s2,wine,logistic_regression,byzantine,targeted_flip,0.300000,1,10,iid,30,1.000000,0.916667,8.333333,0.250000,0.916667,0.916667,0.920123,0.096777,f002bf1,54ec6686bc3a
8fb2d3438277,2026-09-25T03:13:30+00:00,s2,wine,logistic_regression,byzantine,backdoor,0.300000,4,10,iid,30,0.972222,0.944444,2.777778,0.954545,0.948413,0.948413,0.945825,0.117609,f002bf1,fc2bc152e475
1413e288ca7f,2026-09-25T03:13:30+00:00,s2,wine,logistic_regression,byzantine,targeted_flip,0.300000,2,10,iid,30,1.000000,1.000000,0.000000,0.000000,1.000000,1.000000,1.000000,0.119685,f002bf1,54ec6686bc3a
68c014e12596,2026-09-25T03:13:30+00:00,s2,wine,logistic_regression,byzantine,backdoor,0.400000,0,10,iid,30,1.000000,0.944444,5.555556,0.909091,0.944444,0.944444,0.947475,0.117219,f002bf1,a8591e75d81c
3340aa9025e9,2026-09-25T03:13:30+00:00,s2,wine,logistic_regression,byzantine,targeted_flip,0.300000,3,10,iid,30,1.000000,0.888889,11.111111,0.250000,0.892857,0.892857,0.892063,0.097835,f002bf1,54ec6686bc3a
2f895c52e0a8,2026-09-25T03:13:30+00:00,s2,wine,logistic_regression,byzantine,backdoor,0.400000,1,10,iid,30,1.000000,0.972222,2.777778,1.000000,0.972222,0.972222,0.974013,0.113017,f002bf1,a8591e75d81c
6c063681082b,2026-09-25T03:13:30+00:00,s2,wine,logistic_regression,byzantine,targeted_flip,0.300000,4,10,iid,30,0.972222,0.916667,5.555556,0.166667,0.920635,0.920635,0.919341,0.097021,f002bf1,54ec6686bc3a
bc70606ffdf3,2026-09-25T03:13:30+00:00,s2,wine,logistic_regression,byzantine,backdoor,0.400000,2,10,iid,30,1.000000,0.972222,2.777778,0.954545,0.972222,0.972222,0.974013,0.119753,f002bf1,a8591e75d81c
cf399f61c2a5,2026-09-25T03:13:30+00:00,s2,wine,logistic_regression,byzantine,targeted_flip,0.400000,0,10,iid,30,1.000000,0.861111,13.888889,0.416667,0.861111,0.861111,0.861776,0.102640,f002bf1,7eb9076b20c4
3f6ec3943e34,2026-09-25T03:13:30+00:00,s2,wine,logistic_regression,byzantine,backdoor,0.400000,3,10,iid,30,1.000000,0.916667,8.333333,1.000000,0.916667,0.916667,0.920123,0.098275,f002bf1,a8591e75d81c
979ec25c09cb,2026-09-25T03:13:30+00:00,s2,wine,logistic_regression,byzantine,targeted_flip,0.400000,1,10,iid,30,1.000000,0.888889,11.111111,0.333333,0.888889,0.888889,0.891667,0.132443,f002bf1,7eb9076b20c4
d97ee2a69236,2026-09-25T03:13:30+00:00,s2,wine,logistic_regression,byzantine,backdoor,0.400000,4,10,iid,30,0.972222,0.944444,2.777778,0.954545,0.948413,0.948413,0.945825,0.106148,f002bf1,a8591e75d81c
caefed2e343c,2026-09-25T03:13:31+00:00,s2,wine,logistic_regression,byzantine,targeted_flip,0.400000,2,10,iid,30,1.000000,0.888889,11.111111,0.333333,0.888889,0.888889,0.891667,0.095997,f002bf1,7eb9076b20c4
b623ef475ea2,2026-09-25T03:13:31+00:00,s2,wine,logistic_regression,byzantine,backdoor,0.500000,0,10,iid,30,1.000000,0.944444,5.555556,0.954545,0.944444,0.944444,0.947475,0.101830,f002bf1,d8ae5b212770
4cbfbf97fd63,2026-09-25T03:13:31+00:00,s2,wine,logistic_regression,byzantine,targeted_flip,0.400000,3,10,iid,30,1.000000,0.861111,13.888889,0.333333,0.865079,0.865079,0.863697,0.117741,f002bf1,7eb9076b20c4
3c9998daf5d9,2026-09-25T03:13:31+00:00,s2,wine,logistic_regression,byzantine,backdoor,0.500000,1,10,iid,30,1.000000,0.944444,5.555556,1.000000,0.944444,0.944444,0.947475,0.110130,f002bf1,d8ae5b212770
6cda4eeca32f,2026-09-25T03:13:31+00:00,s2,wine,logistic_regression,byzantine,targeted_flip,0.400000,4,10,iid,30,0.972222,0.861111,11.111111,0.333333,0.865079,0.865079,0.863697,0.097755,f002bf1,7eb9076b20c4
edbdb0eabba6,2026-09-25T03:13:31+00:00,s2,wine,logistic_regression,byzantine,backdoor,0.500000,2,10,iid,30,1.000000,0.972222,2.777778,1.000000,0.972222,0.972222,0.974013,0.115167,f002bf1,d8ae5b212770
cfaed6387164,2026-09-25T03:13:31+00:00,s2,wine,logistic_regression,byzantine,targeted_flip,0.500000,0,10,iid,30,1.000000,0.777778,22.222222,0.666667,0.777778,0.777778,0.759259,0.112023,f002bf1,0c632a7e46c8
336ac8636add,2026-09-25T03:13:31+00:00,s2,wine,logistic_regression,byzantine,backdoor,0.500000,3,10,iid,30,1.000000,0.888889,11.111111,1.000000,0.892857,0.892857,0.892063,0.119126,f002bf1,d8ae5b212770
4ef7b519205a,2026-09-25T03:13:31+00:00,s2,wine,logistic_regression,byzantine,targeted_flip,0.500000,1,10,iid,30,1.000000,0.805556,19.444444,0.583333,0.805556,0.805556,0.796078,0.109224,f002bf1,0c632a7e46c8
0aa6847d65a9,2026-09-25T03:13:31+00:00,s2,wine,logistic_regression,byzantine,backdoor,0.500000,4,10,iid,30,0.972222,0.944444,2.777778,0.954545,0.948413,0.948413,0.945825,0.089526,f002bf1,d8ae5b212770
023fb5a9c6be,2026-09-25T03:13:31+00:00,s2,wine,logistic_regression,byzantine,backdoor,0.000000,0,10,non_iid,30,1.000000,1.000000,0.000000,0.000000,1.000000,1.000000,1.000000,0.070538,f002bf1,c8ee366ccd46
a4e9e9aaee9a,2026-09-25T03:13:31+00:00,s2,wine,logistic_regression,byzantine,targeted_flip,0.500000,2,10,iid,30,1.000000,0.861111,13.888889,0.416667,0.861111,0.861111,0.861776,0.104253,f002bf1,0c632a7e46c8
8ae7f3902754,2026-09-25T03:13:31+00:00,s2,wine,logistic_regression,byzantine,backdoor,0.000000,1,10,non_iid,30,0.972222,0.972222,0.000000,0.000000,0.976190,0.976190,0.971781,0.076401,f002bf1,c8ee366ccd46
e89145859460,2026-09-25T03:13:31+00:00,s2,wine,logistic_regression,byzantine,targeted_flip,0.500000,3,10,iid,30,1.000000,0.888889,11.111111,0.333333,0.888889,0.888889,0.891667,0.125000,f002bf1,0c632a7e46c8
e37c1a076ebf,2026-09-25T03:13:31+00:00,s2,wine,logistic_regression,byzantine,backdoor,0.000000,2,10,non_iid,30,1.000000,1.000000,0.000000,0.000000,1.000000,1.000000,1.000000,0.055731,f002bf1,c8ee366ccd46
83a728ffee51,2026-09-25T03:13:31+00:00,s2,wine,logistic_regression,byzantine,backdoor,0.000000,3,10,non_iid,30,1.000000,1.000000,0.000000,0.000000,1.000000,1.000000,1.000000,0.086081,f002bf1,c8ee366ccd46
5f8a5efd8a2e,2026-09-25T03:13:31+00:00,s2,wine,logistic_regression,byzantine,targeted_flip,0.500000,4,10,iid,30,0.972222,0.805556,16.666667,0.500000,0.809524,0.809524,0.802309,0.125578,f002bf1,0c632a7e46c8
eb142cfdd528,2026-09-25T03:13:31+00:00,s2,wine,logistic_regression,byzantine,targeted_flip,0.000000,0,10,non_iid,30,1.000000,1.000000,0.000000,0.000000,1.000000,1.000000,1.000000,0.066130,f002bf1,cd7caea03a88
4262a5d6d6a4,2026-09-25T03:13:31+00:00,s2,wine,logistic_regression,byzantine,backdoor,0.000000,4,10,non_iid,30,0.972222,0.972222,0.000000,0.000000,0.976190,0.976190,0.974321,0.080877,f002bf1,c8ee366ccd46
8424862200c9,2026-09-25T03:13:32+00:00,s2,wine,logistic_regression,byzantine,targeted_flip,0.000000,1,10,non_iid,30,0.972222,0.972222,0.000000,0.000000,0.976190,0.976190,0.971781,0.079735,f002bf1,cd7caea03a88
012e826f22ad,2026-09-25T03:13:32+00:00,s2,wine,logistic_regression,byzantine,backdoor,0.100000,0,10,non_iid,30,1.000000,1.000000,0.000000,0.045455,1.000000,1.000000,1.000000,0.106704,f002bf1,6695f72e4f31
f7dbc3c77980,2026-09-25T03:13:32+00:00,s2,wine,logistic_regression,byzantine,targeted_flip,0.000000,2,10,non_iid,30,1.000000,1.000000,0.000000,0.000000,1.000000,1.000000,1.000000,0.083037,f002bf1,cd7caea03a88
1f743cf74498,2026-09-25T03:13:32+00:00,s2,wine,logistic_regression,byzantine,backdoor,0.100000,1,10,non_iid,30,0.972222,0.972222,0.000000,0.545455,0.976190,0.976190,0.971781,0.150866,f002bf1,6695f72e4f31
93e078c0643b,2026-09-25T03:13:32+00:00,s2,wine,logistic_regression,byzantine,targeted_flip,0.000000,3,10,non_iid,30,1.000000,1.000000,0.000000,0.000000,1.000000,1.000000,1.000000,0.131228,f002bf1,cd7caea03a88
f69dbe06128b,2026-09-25T03:13:32+00:00,s2,wine,logistic_regression,byzantine,targeted_flip,0.000000,4,10,non_iid,30,0.972222,0.972222,0.000000,0.000000,0.976190,0.976190,0.974321,0.075269,f002bf1,cd7caea03a88
5f1de4c2bcab,2026-09-25T03:13:32+00:00,s2,wine,logistic_regression,byzantine,backdoor,0.100000,2,10,non_iid,30,1.000000,1.000000,0.000000,0.272727,1.000000,1.000000,1.000000,0.126863,f002bf1,6695f72e4f31
a045567eb3e8,2026-09-25T03:13:32+00:00,s2,wine,logistic_regression,byzantine,targeted_flip,0.100000,0,10,non_iid,30,1.000000,1.000000,0.000000,0.000000,1.000000,1.000000,1.000000,0.124680,f002bf1,aab102005d6e
2a44dc0ec85c,2026-09-25T03:13:32+00:00,s2,wine,logistic_regression,byzantine,backdoor,0.100000,3,10,non_iid,30,1.000000,0.944444,5.555556,0.636364,0.944444,0.944444,0.947475,0.118170,f002bf1,6695f72e4f31
173673b361a1,2026-09-25T03:13:32+00:00,s2,wine,logistic_regression,byzantine,targeted_flip,0.100000,1,10,non_iid,30,0.972222,0.972222,0.000000,0.083333,0.972222,0.972222,0.974013,0.119987,f002bf1,aab102005d6e
fbe091cf8db1,2026-09-25T03:13:32+00:00,s2,wine,logistic_regression,byzantine,backdoor,0.100000,4,10,non_iid,30,0.972222,0.944444,2.777778,0.500000,0.952381,0.952381,0.945153,0.117372,f002bf1,6695f72e4f31
b4ba63d0de85,2026-09-25T03:13:32+00:00,s2,wine,logistic_regression,byzantine,backdoor,0.200000,0,10,non_iid,30,1.000000,0.944444,5.555556,0.590909,0.944444,0.944444,0.947475,0.124939,f002bf1,2eba62cdf95c
e51215b57fa5,2026-09-25T03:13:32+00:00,s2,wine,logistic_regression,byzantine,targeted_flip,0.100000,2,10,non_iid,30,1.000000,1.000000,0.000000,0.000000,1.000000,1.000000,1.000000,0.134437,f002bf1,aab102005d6e
407442bd6ed9,2026-09-25T03:13:32+00:00,s3,breast_cancer,quantum_net,extraction,label_only,0.000000,0,,,,0.912281,0.912281,0.000000,,0.920635,0.952381,0.888889,29.038363,f002bf1,ae488df8328f
111676010f16,2026-09-25T03:13:32+00:00,s2,wine,logistic_regression,byzantine,backdoor,0.200000,1,10,non_iid,30,0.972222,1.000000,-2.777778,0.636364,1.000000,1.000000,1.000000,0.110248,f002bf1,2eba62cdf95c
09cb913e0d93,2026-09-25T03:13:32+00:00,s2,wine,logistic_regression,byzantine,targeted_flip,0.100000,3,10,non_iid,30,1.000000,1.000000,0.000000,0.000000,1.000000,1.000000,1.000000,0.105960,f002bf1,aab102005d6e
c1aa89d98b48,2026-09-25T03:13:32+00:00,s2,wine,logistic_regression,byzantine,targeted_flip,0.100000,4,10,non_iid,30,0.972222,0.972222,0.000000,0.000000,0.976190,0.976190,0.974321,0.096265,f002bf1,aab102005d6e
c181ed84f809,2026-09-25T03:13:32+00:00,s2,wine,logistic_regression,byzantine,backdoor,0.200000,2,10,non_iid,30,1.000000,1.000000,0.000000,0.727273,1.000000,1.000000,1.000000,0.113159,f002bf1,2eba62cdf95c
e676850f7e90,2026-09-25T03:13:32+00:00,s2,wine,logistic_regression,byzantine,targeted_flip,0.200000,0,10,non_iid,30,1.000000,1.000000,0.000000,0.000000,1.000000,1.000000,1.000000,0.102476,f002bf1,a8576d2b2c91
c7eb4f936966,2026-09-25T03:13:32+00:00,s2,wine,logistic_regression,byzantine,backdoor,0.200000,3,10,non_iid,30,1.000000,0.944444,5.555556,0.909091,0.944444,0.944444,0.947475,0.120177,f002bf1,2eba62cdf95c
1cb4d73a3b92,2026-09-25T03:13:32+00:00,s2,wine,logistic_regression,byzantine,backdoor,0.200000,4,10,non_iid,30,0.972222,0.944444,2.777778,0.500000,0.952381,0.952381,0.945153,0.094219,f002bf1,2eba62cdf95c
04284c806d80,2026-09-25T03:13:32+00:00,s2,wine,logistic_regression,byzantine,targeted_flip,0.200000,1,10,non_iid,30,0.972222,0.972222,0.000000,0.083333,0.972222,0.972222,0.974013,0.127384,f002bf1,a8576d2b2c91
59a320a32d1c,2026-09-25T03:13:32+00:00,s3,breast_cancer,quantum_net,extraction,label_only,10.000000,0,,,,0.912281,0.631579,28.070175,0.578947,0.500000,0.000000,0.000000,0.472650,f002bf1,a16f03568d05
1d88181f9d2a,2026-09-25T03:13:32+00:00,s2,wine,logistic_regression,byzantine,backdoor,0.300000,0,10,non_iid,30,1.000000,0.944444,5.555556,0.590909,0.944444,0.944444,0.947475,0.096005,f002bf1,df9ad0fd8bd0
ae5393785f8c,2026-09-25T03:13:32+00:00,s2,wine,logistic_regression,byzantine,targeted_flip,0.200000,2,10,non_iid,30,1.000000,0.972222,2.777778,0.083333,0.972222,0.972222,0.974013,0.120019,f002bf1,a8576d2b2c91
547283bc0102,2026-09-25T03:13:32+00:00,s2,wine,logistic_regression,byzantine,backdoor,0.300000,1,10,non_iid,30,0.972222,1.000000,-2.777778,0.954545,1.000000,1.000000,1.000000,0.105553,f002bf1,df9ad0fd8bd0
3063426b32ed,2026-09-25T03:13:32+00:00,s2,wine,logistic_regression,byzantine,targeted_flip,0.200000,3,10,non_iid,30,1.000000,0.916667,8.333333,0.250000,0.916667,0.916667,0.920123,0.118949,f002bf1,a8576d2b2c91
b2d30520f4e7,2026-09-25T03:13:32+00:00,s2,wine,logistic_regression,byzantine,backdoor,0.300000,2,10,non_iid,30,1.000000,0.972222,2.777778,0.818182,0.976190,0.976190,0.971781,0.081732,f002bf1,df9ad0fd8bd0
38cdec84eb01,2026-09-25T03:13:33+00:00,s3,breast_cancer,quantum_net,inversion,zeroth_order,0.000000,0,,,,0.912281,0.912281,0.000000,,0.920635,0.952381,0.888889,27.976275,f002bf1,8972c72a9990
0f44ce2a4bad,2026-09-25T03:13:33+00:00,s2,wine,logistic_regression,byzantine,targeted_flip,0.200000,4,10,non_iid,30,0.972222,0.972222,0.000000,0.000000,0.976190,0.976190,0.974321,0.132124,f002bf1,a8576d2b2c91
85f4390b1b87,2026-09-25T03:13:33+00:00,s2,wine,logistic_regression,byzantine,backdoor,0.300000,3,10,non_iid,30,1.000000,0.944444,5.555556,0.909091,0.944444,0.944444,0.947475,0.096849,f002bf1,df9ad0fd8bd0
a2e91123df6d,2026-09-25T03:13:33+00:00,s3,breast_cancer,quantum_net,extraction,label_only,25.000000,0,,,,0.912281,0.807018,10.526316,0.754386,0.738095,0.476190,0.645161,0.439750,f002bf1,672b99d6e7d7
cb5b1a656c4f,2026-09-25T03:13:33+00:00,s2,wine,logistic_regression,byzantine,targeted_flip,0.300000,0,10,non_iid,30,1.000000,1.000000,0.000000,0.000000,1.000000,1.000000,1.000000,0.102525,f002bf1,aa59ea1413a6
cf13e679e37a,2026-09-25T03:13:33+00:00,s2,wine,logistic_regression,byzantine,backdoor,0.300000,4,10,non_iid,30,0.972222,0.916667,5.555556,0.636364,0.924603,0.924603,0.919312,0.108147,f002bf1,df9ad0fd8bd0
8a34347badc3,2026-09-25T03:13:33+00:00,s2,wine,logistic_regression,byzantine,backdoor,0.400000,0,10,non_iid,30,1.000000,0.944444,5.555556,0.863636,0.944444,0.944444,0.947475,0.098800,f002bf1,fd67d5bac20f
f789524b6a40,2026-09-25T03:13:33+00:00,s2,wine,logistic_regression,byzantine,targeted_flip,0.300000,1,10,non_iid,30,0.972222,0.972222,0.000000,0.083333,0.972222,0.972222,0.974013,0.131416,f002bf1,aa59ea1413a6
f8e96e473777,2026-09-25T03:13:33+00:00,s2,wine,logistic_regression,byzantine,backdoor,0.400000,1,10,non_iid,30,0.972222,1.000000,-2.777778,1.000000,1.000000,1.000000,1.000000,0.113990,f002bf1,fd67d5bac20f
53af60f20a35,2026-09-25T03:13:33+00:00,s2,wine,logistic_regression,byzantine,targeted_flip,0.300000,2,10,non_iid,30,1.000000,0.972222,2.777778,0.083333,0.972222,0.972222,0.974013,0.113382,f002bf1,aa59ea1413a6
fa463b388ff2,2026-09-25T03:13:33+00:00,s2,wine,logistic_regression,byzantine,backdoor,0.400000,2,10,non_iid,30,1.000000,1.000000,0.000000,0.954545,1.000000,1.000000,1.000000,0.104702,f002bf1,fd67d5bac20f
ab1acf4f88b8,2026-09-25T03:13:33+00:00,s3,breast_cancer,quantum_net,inversion,zeroth_order,20.000000,0,,,,0.912281,0.912281,0.000000,0.350732,0.920635,0.952381,0.888889,0.508820,f002bf1,0668af1013d4
f7a1a30b25a7,2026-09-25T03:13:33+00:00,s2,wine,logistic_regression,byzantine,targeted_flip,0.300000,3,10,non_iid,30,1.000000,0.916667,8.333333,0.250000,0.916667,0.916667,0.920123,0.124591,f002bf1,aa59ea1413a6
c746cb87f7fb,2026-09-25T03:13:33+00:00,s2,wine,logistic_regression,byzantine,backdoor,0.400000,3,10,non_iid,30,1.000000,0.944444,5.555556,0.954545,0.944444,0.944444,0.947475,0.093833,f002bf1,fd67d5bac20f
367483398629,2026-09-25T03:13:33+00:00,s2,wine,logistic_regression,byzantine,targeted_flip,0.300000,4,10,non_iid,30,0.972222,1.000000,-2.777778,0.000000,1.000000,1.000000,1.000000,0.137969,f002bf1,aa59ea1413a6
7726984da92d,2026-09-25T03:13:33+00:00,s2,wine,logistic_regression,byzantine,backdoor,0.400000,4,10,non_iid,30,0.972222,0.916667,5.555556,0.772727,0.924603,0.924603,0.919312,0.102719,f002bf1,fd67d5bac20f
05609adea05c,2026-09-25T03:13:33+00:00,s3,breast_cancer,quantum_net,extraction,label_only,50.000000,0,,,,0.912281,0.921053,-0.877193,0.938596,0.917659,0.904762,0.894118,0.586876,f002bf1,d54bc8e560d2
9a3b620d5268,2026-09-25T03:13:33+00:00,s2,wine,logistic_regression,byzantine,targeted_flip,0.400000,0,10,non_iid,30,1.000000,0.861111,13.888889,0.416667,0.861111,0.861111,0.861776,0.104966,f002bf1,cad7f5ecb06c
b68d9bec3028,2026-09-25T03:13:33+00:00,s2,wine,logistic_regression,byzantine,backdoor,0.500000,0,10,non_iid,30,1.000000,0.944444,5.555556,0.909091,0.944444,0.944444,0.947475,0.106986,f002bf1,b9c8cc95c745
d2c75250e9f2,2026-09-25T03:13:33+00:00,s2,wine,logistic_regression,byzantine,targeted_flip,0.400000,1,10,non_iid,30,0.972222,0.916667,5.555556,0.250000,0.916667,0.916667,0.920123,0.115143,f002bf1,cad7f5ecb06c
a2464a27bd5d,2026-09-25T03:13:34+00:00,s2,wine,logistic_regression,byzantine,backdoor,0.500000,1,10,non_iid,30,0.972222,1.000000,-2.777778,1.000000,1.000000,1.000000,1.000000,0.141816,f002bf1,b9c8cc95c745
525681a1d26d,2026-09-25T03:13:34+00:00,s2,wine,logistic_regression,byzantine,targeted_flip,0.400000,2,10,non_iid,30,1.000000,0.916667,8.333333,0.250000,0.916667,0.916667,0.920123,0.125182,f002bf1,cad7f5ecb06c
31862482c4e2,2026-09-25T03:13:34+00:00,s2,wine,logistic_regression,byzantine,backdoor,0.500000,2,10,non_iid,30,1.000000,0.972222,2.777778,1.000000,0.972222,0.972222,0.974013,0.104878,f002bf1,b9c8cc95c745
3d9eea86c9ac,2026-09-25T03:13:34+00:00,s2,wine,logistic_regression,byzantine,targeted_flip,0.400000,3,10,non_iid,30,1.000000,0.888889,11.111111,0.333333,0.888889,0.888889,0.891667,0.121991,f002bf1,cad7f5ecb06c
26246cd2f6cb,2026-09-25T03:13:34+00:00,s2,wine,logistic_regression,byzantine,backdoor,0.500000,3,10,non_iid,30,1.000000,0.916667,8.333333,0.954545,0.916667,0.916667,0.920123,0.107580,f002bf1,b9c8cc95c745
9684efd213ca,2026-09-25T03:13:34+00:00,s2,wine,logistic_regression,byzantine,targeted_flip,0.400000,4,10,non_iid,30,0.972222,0.972222,0.000000,0.083333,0.972222,0.972222,0.974013,0.124941,f002bf1,cad7f5ecb06c
4da75982538f,2026-09-25T03:13:34+00:00,s2,wine,logistic_regression,byzantine,backdoor,0.500000,4,10,non_iid,30,0.972222,0.944444,2.777778,0.772727,0.948413,0.948413,0.945825,0.169956,f002bf1,b9c8cc95c745
dd8ceff817ad,2026-09-25T03:13:34+00:00,s2,wine,logistic_regression,byzantine,targeted_flip,0.500000,0,10,non_iid,30,1.000000,0.722222,27.777778,0.833333,0.722222,0.722222,0.674185,0.185746,f002bf1,da6c8fa13cd0
7ca0ae503d60,2026-09-25T03:13:34+00:00,s3,breast_cancer,quantum_net,extraction,label_only,100.000000,0,,,,0.912281,0.929825,-1.754386,0.912281,0.919643,0.880952,0.902439,0.911114,f002bf1,82546cfe1e02
631cdd5894ab,2026-09-25T03:13:34+00:00,s2,wine,logistic_regression,byzantine,targeted_flip,0.500000,1,10,non_iid,30,0.972222,0.916667,5.555556,0.250000,0.916667,0.916667,0.920123,0.128911,f002bf1,da6c8fa13cd0
8376e7d7ffd1,2026-09-25T03:13:34+00:00,s2,wine,logistic_regression,byzantine,targeted_flip,0.500000,2,10,non_iid,30,1.000000,0.722222,27.777778,0.750000,0.726190,0.726190,0.691534,0.107262,f002bf1,da6c8fa13cd0
a2a89cd54dff,2026-09-25T03:13:34+00:00,s2,wine,logistic_regression,byzantine,targeted_flip,0.500000,3,10,non_iid,30,1.000000,0.694444,30.555556,0.916667,0.694444,0.694444,0.623932,0.101251,f002bf1,da6c8fa13cd0
001e6f4011e4,2026-09-25T03:13:35+00:00,s3,breast_cancer,quantum_net,inversion,zeroth_order,100.000000,0,,,,0.912281,0.912281,0.000000,0.560242,0.920635,0.952381,0.888889,1.476488,f002bf1,633d1692f998
126d8fcb0c9e,2026-09-25T03:13:35+00:00,s2,wine,logistic_regression,byzantine,targeted_flip,0.500000,4,10,non_iid,30,0.972222,0.972222,0.000000,0.083333,0.972222,0.972222,0.974013,0.160769,f002bf1,da6c8fa13cd0
f1dcd86817dd,2026-09-25T03:13:36+00:00,s3,breast_cancer,quantum_net,extraction,label_only,250.000000,0,,,,0.912281,0.938596,-2.631579,0.921053,0.926587,0.880952,0.913580,1.342047,f002bf1,0b16fc791f71
5b855bea3ce0,2026-09-25T03:13:36+00:00,s3,breast_cancer,quantum_net,membership,confidence_threshold,0.000000,0,,,,0.912281,0.912281,0.000000,,0.920635,0.952381,0.888889,28.626398,f002bf1,d6c5e22751f8
c3d042315556,2026-09-25T03:13:37+00:00,s3,breast_cancer,quantum_net,transpiler,angle_drift,0.000000,0,,,,0.912281,0.912281,0.000000,,0.920635,0.952381,0.888889,26.626806,f002bf1,5ec3fc408605
eb2c6788e415,2026-09-25T03:13:37+00:00,s3,breast_cancer,quantum_net,extraction,label_only,500.000000,0,,,,0.912281,0.938596,-2.631579,0.921053,0.931548,0.904762,0.915663,1.921516,f002bf1,45aced5ce89d
829b027c4bb5,2026-09-25T03:13:38+00:00,s3,breast_cancer,quantum_net,transpiler,angle_drift,0.050000,0,,,,0.912281,0.912281,0.000000,0.038462,0.915675,0.928571,0.886364,0.715804,f002bf1,6a2021b7a2ff
7c71dae06e9b,2026-09-25T03:13:38+00:00,s3,breast_cancer,quantum_net,inversion,zeroth_order,500.000000,0,,,,0.912281,0.912281,0.000000,0.728692,0.920635,0.952381,0.888889,3.868645,f002bf1,d3abfee8f91c
efea99e4825b,2026-09-25T03:13:38+00:00,s3,breast_cancer,quantum_net,membership,confidence_threshold,2.000000,0,,,,0.912281,0.912281,0.000000,0.508929,0.920635,0.952381,0.888889,1.972800,f002bf1,0e42a24c2848
a6bca0919032,2026-09-25T03:13:39+00:00,s3,breast_cancer,quantum_net,transpiler,angle_drift,0.100000,0,,,,0.912281,0.877193,3.508772,0.067308,0.877976,0.880952,0.840909,0.630226,f002bf1,678d90e00c3c
89fd2153474f,2026-09-25T03:13:39+00:00,s3,breast_cancer,quantum_net,transpiler,angle_drift,0.200000,0,,,,0.912281,0.807018,10.526316,0.144231,0.832341,0.928571,0.780000,0.660601,f002bf1,369d96ca633c
0259a1a4c443,2026-09-25T03:13:40+00:00,s3,breast_cancer,quantum_net,transpiler,angle_drift,0.400000,0,,,,0.912281,0.473684,43.859649,0.528846,0.568452,0.928571,0.565217,0.723007,f002bf1,df9e788d9ed1
178b1b1ba303,2026-09-25T03:13:40+00:00,s3,breast_cancer,quantum_net,membership,confidence_threshold,5.000000,0,,,,0.912281,0.912281,0.000000,0.509174,0.920635,0.952381,0.888889,1.798736,f002bf1,80ca5d88403e
fdf7b9a31093,2026-09-25T03:13:41+00:00,s3,breast_cancer,quantum_net,extraction,label_only,1000.000000,0,,,,0.912281,0.947368,-3.508772,0.929825,0.938492,0.904762,0.926829,3.153742,f002bf1,d19e9a8c48aa
dbc73df3087f,2026-09-25T03:13:41+00:00,s3,breast_cancer,quantum_net,transpiler,angle_drift,0.800000,0,,,,0.912281,0.500000,41.228070,0.538462,0.574405,0.857143,0.558140,0.580916,f002bf1,e982f4330cd9
0ae73e074392,2026-09-25T03:13:42+00:00,s3,breast_cancer,quantum_net,membership,confidence_threshold,10.000000,0,,,,0.912281,0.912281,0.000000,0.504808,0.920635,0.952381,0.888889,1.638908,f002bf1,a717fe068c5d
465604ee1a9a,2026-09-25T03:13:44+00:00,s3,breast_cancer,quantum_net,membership,confidence_threshold,20.000000,0,,,,0.912281,0.912281,0.000000,0.515957,0.920635,0.952381,0.888889,1.783848,f002bf1,8c978e6ec78b
3b1b76a2325a,2026-09-25T03:13:49+00:00,s3,breast_cancer,quantum_net,backdoor,trigger,0.010000,0,,,,0.912281,0.903509,0.877193,0.047619,0.898810,0.880952,0.870588,20.995283,f002bf1,76873176be48
a94a31aeb353,2026-09-25T03:13:52+00:00,s3,breast_cancer,quantum_net,inversion,zeroth_order,2000.000000,0,,,,0.912281,0.912281,0.000000,0.768252,0.920635,0.952381,0.888889,13.373598,f002bf1,6914ba7e9f28
a6c4575276d5,2026-09-25T03:13:57+00:00,s3,breast_cancer,quantum_net,transpiler,qubit_swap,0.000000,0,,,,0.912281,0.912281,0.000000,,0.920635,0.952381,0.888889,24.206680,f002bf1,a2256ad8bad8
e08f906bd849,2026-09-25T03:13:59+00:00,s3,breast_cancer,quantum_net,transpiler,qubit_swap,1.000000,0,,,,0.912281,0.903509,0.877193,0.028846,0.908730,0.928571,0.876404,1.312671,f002bf1,db0040e8de69
aca217025356,2026-09-25T03:14:00+00:00,s3,breast_cancer,quantum_net,transpiler,qubit_swap,2.000000,0,,,,0.912281,0.868421,4.385965,0.067308,0.875992,0.904762,0.835165,1.494783,f002bf1,e5d4fa914d44
97ccc6b98a2a,2026-09-25T03:14:02+00:00,s3,breast_cancer,quantum_net,transpiler,qubit_swap,3.000000,0,,,,0.912281,0.377193,53.508772,0.605769,0.506944,1.000000,0.541935,1.290006,f002bf1,aa545792fcf5
85cd3e952388,2026-09-25T03:14:04+00:00,s3,breast_cancer,quantum_net,transpiler,qubit_swap,4.000000,0,,,,0.912281,0.403509,50.877193,0.586538,0.527778,1.000000,0.552632,2.435227,f002bf1,ab5496999c8c
e6b635d81a38,2026-09-25T03:14:06+00:00,s3,breast_cancer,quantum_net,extraction,label_only,0.000000,1,,,,0.938596,0.938596,0.000000,,0.921627,0.857143,0.911392,26.184585,f002bf1,ae488df8328f
288c52e1ef06,2026-09-25T03:14:07+00:00,s3,breast_cancer,quantum_net,extraction,label_only,10.000000,1,,,,0.938596,0.728070,21.052632,0.754386,0.630952,0.261905,0.415094,0.540619,f002bf1,a16f03568d05
1b91382eac60,2026-09-25T03:14:08+00:00,s3,breast_cancer,quantum_net,extraction,label_only,25.000000,1,,,,0.938596,0.903509,3.508772,0.912281,0.878968,0.785714,0.857143,0.633139,f002bf1,672b99d6e7d7
a375fe1a449b,2026-09-25T03:14:09+00:00,s3,breast_cancer,quantum_net,extraction,label_only,50.000000,1,,,,0.938596,0.929825,0.877193,0.921053,0.914683,0.857143,0.900000,0.987574,f002bf1,d54bc8e560d2
c301b2063148,2026-09-25T03:14:10+00:00,s3,breast_cancer,quantum_net,extraction,label_only,100.000000,1,,,,0.938596,0.929825,0.877193,0.938596,0.909722,0.833333,0.897436,1.344325,f002bf1,82546cfe1e02
bde69fb88189,2026-09-25T03:14:11+00:00,s3,breast_cancer,quantum_net,transpiler,angle_drift,0.000000,1,,,,0.938596,0.938596,0.000000,,0.921627,0.857143,0.911392,30.949421,f002bf1,5ec3fc408605
a0aa21ca28df,2026-09-25T03:14:13+00:00,s3,breast_cancer,quantum_net,extraction,label_only,250.000000,1,,,,0.938596,0.956140,-1.754386,0.947368,0.940476,0.880952,0.936709,2.797675,f002bf1,0b16fc791f71
50132b2be5df,2026-09-25T03:14:13+00:00,s3,breast_cancer,quantum_net,transpiler,angle_drift,0.050000,1,,,,0.938596,0.903509,3.508772,0.065421,0.898810,0.880952,0.870588,1.540836,f002bf1,6a2021b7a2ff
9acc6716ead0,2026-09-25T03:14:15+00:00,s3,breast_cancer,quantum_net,transpiler,angle_drift,0.100000,1,,,,0.938596,0.938596,0.000000,0.037383,0.936508,0.928571,0.917647,1.771192,f002bf1,678d90e00c3c
a9d271272e33,2026-09-25T03:14:15+00:00,s3,breast_cancer,quantum_net,membership,confidence_threshold,0.000000,1,,,,0.938596,0.938596,0.000000,,0.921627,0.857143,0.911392,31.662436,f002bf1,d6c5e22751f8
d6e12c662045,2026-09-25T03:14:15+00:00,s3,breast_cancer,quantum_net,extraction,label_only,500.000000,1,,,,0.938596,0.964912,-2.631579,0.973684,0.952381,0.904762,0.950000,2.694482,f002bf1,45aced5ce89d
cbd25e0bfd21,2026-09-25T03:14:16+00:00,s3,breast_cancer,quantum_net,transpiler,angle_drift,0.200000,1,,,,0.938596,0.850877,8.771930,0.112150,0.842262,0.809524,0.800000,1.052209,f002bf1,369d96ca633c
0f07cbf77c2d,2026-09-25T03:14:17+00:00,s3,breast_cancer,quantum_net,transpiler,angle_drift,0.400000,1,,,,0.938596,0.605263,33.333333,0.364486,0.503968,0.119048,0.181818,0.968233,f002bf1,df9e788d9ed1
10f920cd704b,2026-09-25T03:14:18+00:00,s3,breast_cancer,quantum_net,transpiler,angle_drift,0.800000,1,,,,0.938596,0.649123,28.947368,0.317757,0.523810,0.047619,0.090909,0.902422,f002bf1,e982f4330cd9
bba0c7bf4e91,2026-09-25T03:14:18+00:00,s3,breast_cancer,quantum_net,membership,confidence_threshold,2.000000,1,,,,0.938596,0.938596,0.000000,0.495536,0.921627,0.857143,0.911392,2.909742,f002bf1,0e42a24c2848
831ba5946ef8,2026-09-25T03:14:21+00:00,s3,breast_cancer,quantum_net,backdoor,trigger,0.020000,0,,,,0.912281,0.903509,0.877193,0.142857,0.878968,0.785714,0.857143,33.143004,f002bf1,5a5f5c4a4838
954421c6e83a,2026-09-25T03:14:22+00:00,s3,breast_cancer,quantum_net,membership,confidence_threshold,5.000000,1,,,,0.938596,0.938596,0.000000,0.545872,0.921627,0.857143,0.911392,3.838843,f002bf1,80ca5d88403e
68c2a61a6143,2026-09-25T03:14:24+00:00,s3,digits,quantum_net,circuit_tamper,rx_half_pi,0.000000,0,,,,0.650000,0.650000,0.000000,,0.650167,0.650167,0.654860,86.181114,f002bf1,d28285cf6a86
a0634d3f0d30,2026-09-25T03:14:25+00:00,s3,breast_cancer,quantum_net,inversion,zeroth_order,0.000000,1,,,,0.938596,0.938596,0.000000,,0.921627,0.857143,0.911392,33.307236,f002bf1,8972c72a9990
6cc4d6d784b0,2026-09-25T03:14:25+00:00,s3,breast_cancer,quantum_net,membership,confidence_threshold,10.000000,1,,,,0.938596,0.938596,0.000000,0.567308,0.921627,0.857143,0.911392,3.369721,f002bf1,a717fe068c5d
1eb4343a6e44,2026-09-25T03:14:25+00:00,s3,breast_cancer,quantum_net,inversion,zeroth_order,20.000000,1,,,,0.938596,0.938596,0.000000,-0.007155,0.921627,0.857143,0.911392,0.642707,f002bf1,0668af1013d4
25b31b0a36c9,2026-09-25T03:14:25+00:00,s3,breast_cancer,quantum_net,extraction,label_only,1000.000000,1,,,,0.938596,0.964912,-2.631579,0.956140,0.957341,0.928571,0.951220,9.917181,f002bf1,d19e9a8c48aa
b2e9d44099fb,2026-09-25T03:14:26+00:00,s3,breast_cancer,quantum_net,inversion,zeroth_order,100.000000,1,,,,0.938596,0.938596,0.000000,0.573036,0.921627,0.857143,0.911392,1.182025,f002bf1,633d1692f998
739e5f9378c1,2026-09-25T03:14:27+00:00,s3,digits,quantum_net,circuit_tamper,rx_half_pi,1.000000,0,,,,0.650000,0.536111,11.388889,0.252137,0.535948,0.535948,0.543753,2.478826,f002bf1,0b4a03aec6e1
efb7e6cc0f3b,2026-09-25T03:14:28+00:00,s3,breast_cancer,quantum_net,membership,confidence_threshold,20.000000,1,,,,0.938596,0.938596,0.000000,0.537234,0.921627,0.857143,0.911392,2.856645,f002bf1,8c978e6ec78b
976e09e6fb6a,2026-09-25T03:14:30+00:00,s3,digits,quantum_net,circuit_tamper,rx_half_pi,2.000000,0,,,,0.650000,0.163889,48.611111,0.794872,0.161720,0.161720,0.128476,2.992659,f002bf1,7808426cf1a7
8a30f746e498,2026-09-25T03:14:33+00:00,s3,breast_cancer,quantum_net,inversion,zeroth_order,500.000000,1,,,,0.938596,0.938596,0.000000,0.656722,0.921627,0.857143,0.911392,6.265150,f002bf1,d3abfee8f91c
2306805f57a5,2026-09-25T03:14:33+00:00,s3,digits,quantum_net,noise,depolarizing_readout,0.000000,0,,,,0.650000,0.650000,0.000000,,0.650167,0.650167,0.654860,85.778511,f002bf1,593cb9168f40
3976b556b5a1,2026-09-25T03:14:33+00:00,s3,digits,quantum_net,circuit_tamper,rx_half_pi,4.000000,0,,,,0.650000,0.050000,60.000000,0.935897,0.049700,0.049700,0.037829,3.206875,f002bf1,35640146527a
5d804258dcf2,2026-09-25T03:14:35+00:00,s3,digits,quantum_net,shot_bias,forged_bitstring,0.000000,0,,,,0.650000,0.650000,0.000000,,0.650167,0.650167,0.654860,87.389862,f002bf1,71d72636a53b
bc1b1fc269c5,2026-09-25T03:14:35+00:00,s3,digits,quantum_net,circuit_tamper,rx_half_pi,8.000000,0,,,,0.650000,0.044444,60.555556,0.965812,0.044294,0.044294,0.032918,2.948248,f002bf1,1344266992ec
e47810b9d4e8,2026-09-25T03:14:37+00:00,s3,breast_cancer,quantum_net,transpiler,qubit_swap,0.000000,1,,,,0.938596,0.938596,0.000000,,0.921627,0.857143,0.911392,33.874128,f002bf1,a2256ad8bad8
932dd877f85b,2026-09-25T03:14:37+00:00,s3,digits,quantum_net,shot_bias,forged_bitstring,0.050000,0,,,,0.650000,0.527778,12.222222,0.247863,0.528904,0.528904,0.533452,2.836666,f002bf1,c5e1f7e77087
4e6f7ae84fa9,2026-09-25T03:14:38+00:00,s3,breast_cancer,quantum_net,transpiler,qubit_swap,1.000000,1,,,,0.938596,0.921053,1.754386,0.028037,0.912698,0.880952,0.891566,0.724813,f002bf1,db0040e8de69
6fec687c95f5,2026-09-25T03:14:38+00:00,s3,digits,quantum_net,circuit_tamper,rx_half_pi,16.000000,0,,,,0.650000,0.147222,50.277778,0.837607,0.145871,0.145871,0.134825,2.238711,f002bf1,2664c96ad4f7
f41ac10f3c26,2026-09-25T03:14:38+00:00,s3,breast_cancer,quantum_net,transpiler,qubit_swap,2.000000,1,,,,0.938596,0.359649,57.894737,0.644860,0.423611,0.666667,0.434109,0.830311,f002bf1,e5d4fa914d44
2575a1ad04c3,2026-09-25T03:14:39+00:00,s3,breast_cancer,quantum_net,transpiler,qubit_swap,3.000000,1,,,,0.938596,0.394737,54.385965,0.607477,0.471230,0.761905,0.481203,0.858908,f002bf1,aa545792fcf5
55d373a9583b,2026-09-25T03:14:39+00:00,s3,digits,quantum_net,shot_bias,forged_bitstring,0.100000,0,,,,0.650000,0.313889,33.611111,0.581197,0.314801,0.314801,0.318956,2.513732,f002bf1,75327027e085
a8e665d1d4f1,2026-09-25T03:14:40+00:00,s3,breast_cancer,quantum_net,transpiler,qubit_swap,4.000000,1,,,,0.938596,0.289474,64.912281,0.719626,0.338294,0.523810,0.352000,0.841528,f002bf1,ab5496999c8c
87a2b9cbfb2f,2026-09-25T03:14:41+00:00,s3,digits,quantum_net,shot_bias,forged_bitstring,0.200000,0,,,,0.650000,0.111111,53.888889,0.846154,0.111270,0.111270,0.040385,1.980792,f002bf1,d911a9c249d9
e9325d7a1ca4,2026-09-25T03:14:43+00:00,s3,digits,quantum_net,shot_bias,forged_bitstring,0.300000,0,,,,0.650000,0.100000,55.000000,0.854701,0.100000,0.100000,0.018182,1.732851,f002bf1,0c06e3907f4e
1f69c219dc87,2026-09-25T03:14:45+00:00,s3,breast_cancer,quantum_net,transpiler,angle_drift,0.000000,2,,,,0.938596,0.938596,0.000000,,0.936508,0.928571,0.917647,28.068620,f002bf1,5ec3fc408605
eb6c6d470a40,2026-09-25T03:14:45+00:00,s3,digits,quantum_net,shot_bias,forged_bitstring,0.400000,0,,,,0.650000,0.100000,55.000000,0.854701,0.100000,0.100000,0.018182,1.894133,f002bf1,39ed32c8caa4
311befff9477,2026-09-25T03:14:46+00:00,s3,breast_cancer,quantum_net,transpiler,angle_drift,0.050000,2,,,,0.938596,0.868421,7.017544,0.093458,0.875992,0.904762,0.835165,0.709613,f002bf1,6a2021b7a2ff
41b651aaa61e,2026-09-25T03:14:47+00:00,s3,breast_cancer,quantum_net,transpiler,angle_drift,0.100000,2,,,,0.938596,0.921053,1.754386,0.065421,0.927579,0.952381,0.898876,0.865495,f002bf1,678d90e00c3c
3d9db79b13a9,2026-09-25T03:14:47+00:00,s3,breast_cancer,quantum_net,transpiler,angle_drift,0.200000,2,,,,0.938596,0.824561,11.403509,0.149533,0.841270,0.904762,0.791667,0.932207,f002bf1,369d96ca633c
cb6464f11137,2026-09-25T03:14:48+00:00,s3,breast_cancer,quantum_net,inversion,zeroth_order,2000.000000,1,,,,0.938596,0.938596,0.000000,0.546076,0.921627,0.857143,0.911392,15.696038,f002bf1,6914ba7e9f28
40b92eba9ff3,2026-09-25T03:14:48+00:00,s3,breast_cancer,quantum_net,transpiler,angle_drift,0.400000,2,,,,0.938596,0.482456,45.614035,0.532710,0.530754,0.714286,0.504202,0.663956,f002bf1,df9e788d9ed1
7ef0e25cacdf,2026-09-25T03:14:49+00:00,s3,breast_cancer,quantum_net,transpiler,angle_drift,0.800000,2,,,,0.938596,0.543860,39.473684,0.448598,0.559524,0.619048,0.500000,0.782826,f002bf1,e982f4330cd9
8a898bb49eba,2026-09-25T03:14:51+00:00,s3,breast_cancer,quantum_net,backdoor,trigger,0.050000,0,,,,0.912281,0.824561,8.771930,0.809524,0.776786,0.595238,0.714286,30.250149,f002bf1,5bd53b0bedb7
664b43bd267e,2026-09-25T03:14:52+00:00,s3,breast_cancer,quantum_net,extraction,label_only,0.000000,2,,,,0.938596,0.938596,0.000000,,0.936508,0.928571,0.917647,26.901407,f002bf1,ae488df8328f
db6db1ff8539,2026-09-25T03:14:52+00:00,s3,breast_cancer,quantum_net,extraction,label_only,10.000000,2,,,,0.938596,0.798246,14.035088,0.807018,0.755952,0.595238,0.684932,0.400231,f002bf1,a16f03568d05
ec16dca6e674,2026-09-25T03:14:53+00:00,s3,breast_cancer,quantum_net,extraction,label_only,25.000000,2,,,,0.938596,0.728070,21.052632,0.736842,0.650794,0.357143,0.491803,0.518345,f002bf1,672b99d6e7d7
fb8e6a38abd6,2026-09-25T03:14:53+00:00,s3,breast_cancer,quantum_net,membership,confidence_threshold,0.000000,2,,,,0.938596,0.938596,0.000000,,0.936508,0.928571,0.917647,25.706011,f002bf1,d6c5e22751f8
6b44e5468b0d,2026-09-25T03:14:53+00:00,s3,breast_cancer,quantum_net,extraction,label_only,50.000000,2,,,,0.938596,0.947368,-0.877193,0.956140,0.933532,0.880952,0.925000,0.602541,f002bf1,d54bc8e560d2
44c0fd28b06a,2026-09-25T03:14:54+00:00,s3,breast_cancer,quantum_net,extraction,label_only,100.000000,2,,,,0.938596,0.956140,-1.754386,0.947368,0.945437,0.904762,0.938272,0.723909,f002bf1,82546cfe1e02
e0102f160b6d,2026-09-25T03:14:55+00:00,s3,breast_cancer,quantum_net,extraction,label_only,250.000000,2,,,,0.938596,0.947368,-0.877193,0.938596,0.938492,0.904762,0.926829,0.983235,f002bf1,0b16fc791f71
fbe5cca3537e,2026-09-25T03:14:55+00:00,s3,breast_cancer,quantum_net,membership,confidence_threshold,2.000000,2,,,,0.938596,0.938596,0.000000,0.531250,0.936508,0.928571,0.917647,1.879073,f002bf1,0e42a24c2848
b85700a06705,2026-09-25T03:14:56+00:00,s3,breast_cancer,quantum_net,extraction,label_only,500.000000,2,,,,0.938596,0.964912,-2.631579,0.938596,0.957341,0.928571,0.951220,1.555571,f002bf1,45aced5ce89d
2b636b7a3932,2026-09-25T03:14:57+00:00,s3,breast_cancer,quantum_net,membership,confidence_threshold,5.000000,2,,,,0.938596,0.938596,0.000000,0.555046,0.936508,0.928571,0.917647,1.674937,f002bf1,80ca5d88403e
f19f0fbc41ce,2026-09-25T03:14:58+00:00,s3,breast_cancer,quantum_net,membership,confidence_threshold,10.000000,2,,,,0.938596,0.938596,0.000000,0.519231,0.936508,0.928571,0.917647,1.685982,f002bf1,a717fe068c5d
0dbe9e6903a8,2026-09-25T03:14:59+00:00,s3,breast_cancer,quantum_net,extraction,label_only,1000.000000,2,,,,0.938596,0.956140,-1.754386,0.929825,0.950397,0.928571,0.939759,2.852854,f002bf1,d19e9a8c48aa
e74ac94407d0,2026-09-25T03:15:00+00:00,s3,breast_cancer,quantum_net,transpiler,qubit_swap,0.000000,2,,,,0.938596,0.938596,0.000000,,0.936508,0.928571,0.917647,19.986339,f002bf1,a2256ad8bad8
2f98c486cf2e,2026-09-25T03:15:00+00:00,s3,breast_cancer,quantum_net,membership,confidence_threshold,20.000000,2,,,,0.938596,0.938596,0.000000,0.547872,0.936508,0.928571,0.917647,1.753316,f002bf1,8c978e6ec78b
d154ab38fa5f,2026-09-25T03:15:01+00:00,s3,breast_cancer,quantum_net,transpiler,qubit_swap,1.000000,2,,,,0.938596,0.877193,6.140351,0.102804,0.838294,0.690476,0.805556,0.639471,f002bf1,db0040e8de69
9fff997cd4fc,2026-09-25T03:15:01+00:00,s3,breast_cancer,quantum_net,transpiler,qubit_swap,2.000000,2,,,,0.938596,0.912281,2.631579,0.074766,0.905754,0.880952,0.880952,0.729723,f002bf1,e5d4fa914d44
5b57dfe6a460,2026-09-25T03:15:02+00:00,s3,breast_cancer,quantum_net,transpiler,qubit_swap,3.000000,2,,,,0.938596,0.649123,28.947368,0.364486,0.717262,0.976190,0.672131,0.689573,f002bf1,aa545792fcf5
0ac5d0bcfd42,2026-09-25T03:15:03+00:00,s3,breast_cancer,quantum_net,transpiler,qubit_swap,4.000000,2,,,,0.938596,0.649123,28.947368,0.355140,0.632937,0.571429,0.545455,0.945627,f002bf1,ab5496999c8c
4937e75bcaec,2026-09-25T03:15:07+00:00,s3,breast_cancer,quantum_net,inversion,zeroth_order,0.000000,2,,,,0.938596,0.938596,0.000000,,0.936508,0.928571,0.917647,19.582707,f002bf1,8972c72a9990
934ad091875f,2026-09-25T03:15:07+00:00,s3,breast_cancer,quantum_net,inversion,zeroth_order,20.000000,2,,,,0.938596,0.938596,0.000000,0.354340,0.936508,0.928571,0.917647,0.586337,f002bf1,0668af1013d4
4f3cd82223ce,2026-09-25T03:15:08+00:00,s3,digits,quantum_net,noise,depolarizing_readout,0.005000,0,,,,0.650000,0.586111,6.388889,0.264957,0.586336,0.586336,0.594224,35.838641,f002bf1,c1d47701646c
a9b7d6677976,2026-09-25T03:15:08+00:00,s3,breast_cancer,quantum_net,inversion,zeroth_order,100.000000,2,,,,0.938596,0.938596,0.000000,0.551599,0.936508,0.928571,0.917647,1.014248,f002bf1,633d1692f998
c2ac26236071,2026-09-25T03:15:09+00:00,s3,breast_cancer,quantum_net,transpiler,angle_drift,0.000000,3,,,,0.912281,0.912281,0.000000,,0.890873,0.809524,0.871795,20.548998,f002bf1,5ec3fc408605
0f3a71b5cde4,2026-09-25T03:15:10+00:00,s3,breast_cancer,quantum_net,transpiler,angle_drift,0.050000,3,,,,0.912281,0.929825,-1.754386,0.019231,0.919643,0.880952,0.902439,0.605605,f002bf1,6a2021b7a2ff
c69c5b51079d,2026-09-25T03:15:10+00:00,s3,breast_cancer,quantum_net,transpiler,angle_drift,0.100000,3,,,,0.912281,0.929825,-1.754386,0.028846,0.924603,0.904762,0.904762,0.625438,f002bf1,678d90e00c3c
70342fbbe4c6,2026-09-25T03:15:11+00:00,s3,breast_cancer,quantum_net,backdoor,trigger,0.100000,0,,,,0.912281,0.780702,13.157895,0.833333,0.707341,0.428571,0.590164,20.199858,f002bf1,c47353df9204
bbd22980ac5b,2026-09-25T03:15:11+00:00,s3,breast_cancer,quantum_net,transpiler,angle_drift,0.200000,3,,,,0.912281,0.885965,2.631579,0.076923,0.894841,0.928571,0.857143,0.584074,f002bf1,369d96ca633c
4a65728a1aa2,2026-09-25T03:15:11+00:00,s3,breast_cancer,quantum_net,transpiler,angle_drift,0.400000,3,,,,0.912281,0.736842,17.543860,0.259615,0.766865,0.880952,0.711538,0.714891,f002bf1,df9e788d9ed1
04b06c369c86,2026-09-25T03:15:12+00:00,s3,breast_cancer,quantum_net,inversion,zeroth_order,500.000000,2,,,,0.938596,0.938596,0.000000,0.612657,0.936508,0.928571,0.917647,3.162481,f002bf1,d3abfee8f91c
321815cd7ee0,2026-09-25T03:15:12+00:00,s3,breast_cancer,quantum_net,transpiler,angle_drift,0.800000,3,,,,0.912281,0.666667,24.561404,0.298077,0.617063,0.428571,0.486486,0.619613,f002bf1,e982f4330cd9
785f4b233580,2026-09-25T03:15:19+00:00,s3,breast_cancer,quantum_net,extraction,label_only,0.000000,3,,,,0.912281,0.912281,0.000000,,0.890873,0.809524,0.871795,19.774747,f002bf1,ae488df8328f
ddfafb15ebe7,2026-09-25T03:15:19+00:00,s3,breast_cancer,quantum_net,extraction,label_only,10.000000,3,,,,0.912281,0.850877,6.140351,0.798246,0.867063,0.928571,0.821053,0.482993,f002bf1,a16f03568d05
acb4f390c1ee,2026-09-25T03:15:20+00:00,s3,breast_cancer,quantum_net,extraction,label_only,25.000000,3,,,,0.912281,0.877193,3.508772,0.929825,0.833333,0.666667,0.800000,0.532550,f002bf1,672b99d6e7d7
f1b59dc04299,2026-09-25T03:15:20+00:00,s3,breast_cancer,quantum_net,membership,confidence_threshold,0.000000,3,,,,0.912281,0.912281,0.000000,,0.890873,0.809524,0.871795,20.449838,f002bf1,d6c5e22751f8
07156334c225,2026-09-25T03:15:20+00:00,s3,breast_cancer,quantum_net,extraction,label_only,50.000000,3,,,,0.912281,0.894737,1.754386,0.929825,0.857143,0.714286,0.833333,0.500144,f002bf1,d54bc8e560d2
2ca5d76f1ad0,2026-09-25T03:15:21+00:00,s3,breast_cancer,quantum_net,extraction,label_only,100.000000,3,,,,0.912281,0.929825,-1.754386,0.929825,0.904762,0.809524,0.894737,0.689557,f002bf1,82546cfe1e02
3e98a3b48cf3,2026-09-25T03:15:22+00:00,s3,breast_cancer,quantum_net,extraction,label_only,250.000000,3,,,,0.912281,0.921053,-0.877193,0.938596,0.892857,0.785714,0.880000,1.154291,f002bf1,0b16fc791f71
664f320ca790,2026-09-25T03:15:22+00:00,s3,breast_cancer,quantum_net,membership,confidence_threshold,2.000000,3,,,,0.912281,0.912281,0.000000,0.495536,0.890873,0.809524,0.871795,2.038422,f002bf1,0e42a24c2848
16433f6081b2,2026-09-25T03:15:23+00:00,s3,breast_cancer,quantum_net,transpiler,qubit_swap,0.000000,3,,,,0.912281,0.912281,0.000000,,0.890873,0.809524,0.871795,20.644455,f002bf1,a2256ad8bad8
b776ab5c16b8,2026-09-25T03:15:24+00:00,s3,breast_cancer,quantum_net,extraction,label_only,500.000000,3,,,,0.912281,0.921053,-0.877193,0.938596,0.892857,0.785714,0.880000,2.012990,f002bf1,45aced5ce89d
ffeb83c3611f,2026-09-25T03:15:24+00:00,s3,breast_cancer,quantum_net,transpiler,qubit_swap,1.000000,3,,,,0.912281,0.359649,55.263158,0.682692,0.478175,0.928571,0.516556,0.873105,f002bf1,db0040e8de69
3a574b20f463,2026-09-25T03:15:24+00:00,s3,breast_cancer,quantum_net,membership,confidence_threshold,5.000000,3,,,,0.912281,0.912281,0.000000,0.500000,0.890873,0.809524,0.871795,2.075507,f002bf1,80ca5d88403e
4103f8583859,2026-09-25T03:15:25+00:00,s3,breast_cancer,quantum_net,transpiler,qubit_swap,2.000000,3,,,,0.912281,0.377193,53.508772,0.663462,0.497024,0.952381,0.529801,0.694563,f002bf1,e5d4fa914d44
4dad446d7c09,2026-09-25T03:15:26+00:00,s3,breast_cancer,quantum_net,transpiler,qubit_swap,3.000000,3,,,,0.912281,0.324561,58.771930,0.701923,0.425595,0.809524,0.468966,0.710923,f002bf1,aa545792fcf5
0f2e5cde437a,2026-09-25T03:15:26+00:00,s3,breast_cancer,quantum_net,membership,confidence_threshold,10.000000,3,,,,0.912281,0.912281,0.000000,0.504808,0.890873,0.809524,0.871795,1.876743,f002bf1,a717fe068c5d
5c9babd6a8f6,2026-09-25T03:15:26+00:00,s3,breast_cancer,quantum_net,transpiler,qubit_swap,4.000000,3,,,,0.912281,0.438596,47.368421,0.557692,0.451389,0.500000,0.396226,0.716939,f002bf1,ab5496999c8c
b87952565feb,2026-09-25T03:15:27+00:00,s3,breast_cancer,quantum_net,inversion,zeroth_order,2000.000000,2,,,,0.938596,0.938596,0.000000,0.660836,0.936508,0.928571,0.917647,14.978128,f002bf1,6914ba7e9f28
38eba6cb2696,2026-09-25T03:15:27+00:00,s3,breast_cancer,quantum_net,extraction,label_only,1000.000000,3,,,,0.912281,0.921053,-0.877193,0.938596,0.892857,0.785714,0.880000,3.056641,f002bf1,d19e9a8c48aa
8f19eb523557,2026-09-25T03:15:30+00:00,s3,breast_cancer,quantum_net,membership,confidence_threshold,20.000000,3,,,,0.912281,0.912281,0.000000,0.500000,0.890873,0.809524,0.871795,3.744235,f002bf1,8c978e6ec78b
db59955280fc,2026-09-25T03:15:31+00:00,s3,breast_cancer,quantum_net,backdoor,trigger,0.200000,0,,,,0.912281,0.675439,23.684211,0.690476,0.584325,0.238095,0.350877,20.840567,f002bf1,b6bdbe7f7b16
7d9a05a0b82d,2026-09-25T03:15:32+00:00,s3,breast_cancer,quantum_net,transpiler,angle_drift,0.000000,4,,,,0.912281,0.912281,0.000000,,0.895833,0.833333,0.875000,20.254130,f002bf1,5ec3fc408605
ea93d0194793,2026-09-25T03:15:33+00:00,s3,breast_cancer,quantum_net,transpiler,angle_drift,0.050000,4,,,,0.912281,0.921053,-0.877193,0.028846,0.912698,0.880952,0.891566,0.736535,f002bf1,6a2021b7a2ff
31b0d6d0c0ab,2026-09-25T03:15:34+00:00,s3,breast_cancer,quantum_net,transpiler,angle_drift,0.100000,4,,,,0.912281,0.912281,0.000000,0.038462,0.905754,0.880952,0.880952,0.710493,f002bf1,678d90e00c3c
17b5fd4aa804,2026-09-25T03:15:35+00:00,s3,breast_cancer,quantum_net,transpiler,angle_drift,0.200000,4,,,,0.912281,0.859649,5.263158,0.105769,0.878968,0.952381,0.833333,0.729748,f002bf1,369d96ca633c
274feaad2282,2026-09-25T03:15:35+00:00,s3,breast_cancer,quantum_net,transpiler,angle_drift,0.400000,4,,,,0.912281,0.570175,34.210526,0.451923,0.639881,0.904762,0.608000,0.682198,f002bf1,df9e788d9ed1
ec2e4bfa40e5,2026-09-25T03:15:36+00:00,s3,breast_cancer,quantum_net,transpiler,angle_drift,0.800000,4,,,,0.912281,0.447368,46.491228,0.548077,0.463294,0.523810,0.411215,0.759330,f002bf1,e982f4330cd9
50f7475dab99,2026-09-25T03:15:40+00:00,s3,digits,quantum_net,circuit_tamper,rx_half_pi,0.000000,1,,,,0.772222,0.772222,0.000000,,0.772115,0.772115,0.767487,63.185563,f002bf1,d28285cf6a86
2bc6c8f49a98,2026-09-25T03:15:41+00:00,s3,digits,quantum_net,noise,depolarizing_readout,0.010000,0,,,,0.650000,0.594444,5.555556,0.269231,0.594983,0.594983,0.603112,34.395739,f002bf1,3bf236377900
42da79195b43,2026-09-25T03:15:42+00:00,s3,digits,quantum_net,circuit_tamper,rx_half_pi,1.000000,1,,,,0.772222,0.736111,3.611111,0.082734,0.736838,0.736838,0.737279,2.394108,f002bf1,0b4a03aec6e1
3cb4cc4943e6,2026-09-25T03:15:44+00:00,s3,digits,quantum_net,circuit_tamper,rx_half_pi,2.000000,1,,,,0.772222,0.508333,26.388889,0.399281,0.507870,0.507870,0.518393,2.057673,f002bf1,7808426cf1a7
2700492314b7,2026-09-25T03:15:46+00:00,s3,breast_cancer,quantum_net,inversion,zeroth_order,0.000000,3,,,,0.912281,0.912281,0.000000,,0.890873,0.809524,0.871795,19.573063,f002bf1,8972c72a9990
bbd9e444ea18,2026-09-25T03:15:46+00:00,s3,breast_cancer,quantum_net,inversion,zeroth_order,20.000000,3,,,,0.912281,0.912281,0.000000,0.305850,0.890873,0.809524,0.871795,0.515097,f002bf1,0668af1013d4
4f76635ed7f8,2026-09-25T03:15:46+00:00,s3,breast_cancer,quantum_net,extraction,label_only,0.000000,4,,,,0.912281,0.912281,0.000000,,0.895833,0.833333,0.875000,19.828013,f002bf1,ae488df8328f
dca0728e29a8,2026-09-25T03:15:46+00:00,s3,digits,quantum_net,circuit_tamper,rx_half_pi,4.000000,1,,,,0.772222,0.450000,32.222222,0.449640,0.451012,0.451012,0.411737,2.119294,f002bf1,35640146527a
591d8c178ac9,2026-09-25T03:15:47+00:00,s3,breast_cancer,quantum_net,transpiler,qubit_swap,0.000000,4,,,,0.912281,0.912281,0.000000,,0.895833,0.833333,0.875000,20.984958,f002bf1,a2256ad8bad8
d8c90ecef1c4,2026-09-25T03:15:47+00:00,s3,breast_cancer,quantum_net,extraction,label_only,10.000000,4,,,,0.912281,0.877193,3.508772,0.894737,0.838294,0.690476,0.805556,0.786784,f002bf1,a16f03568d05
b005c7f7565c,2026-09-25T03:15:47+00:00,s3,breast_cancer,quantum_net,inversion,zeroth_order,100.000000,3,,,,0.912281,0.912281,0.000000,0.416968,0.890873,0.809524,0.871795,1.409099,f002bf1,633d1692f998
0372de3156f5,2026-09-25T03:15:48+00:00,s3,breast_cancer,quantum_net,extraction,label_only,25.000000,4,,,,0.912281,0.894737,1.754386,0.894737,0.867063,0.761905,0.842105,0.899619,f002bf1,672b99d6e7d7
1e4b1c9f62c1,2026-09-25T03:15:48+00:00,s3,breast_cancer,quantum_net,transpiler,qubit_swap,1.000000,4,,,,0.912281,0.929825,-1.754386,0.009615,0.904762,0.809524,0.894737,1.838263,f002bf1,db0040e8de69
9f45690a15a9,2026-09-25T03:15:49+00:00,s3,breast_cancer,quantum_net,extraction,label_only,50.000000,4,,,,0.912281,0.947368,-3.508772,0.947368,0.928571,0.857143,0.923077,0.741987,f002bf1,d54bc8e560d2
55556ee339e4,2026-09-25T03:15:49+00:00,s3,digits,quantum_net,circuit_tamper,rx_half_pi,8.000000,1,,,,0.772222,0.119444,65.277778,0.884892,0.118172,0.118172,0.124483,3.013740,f002bf1,1344266992ec
1a676fa3e55f,2026-09-25T03:15:50+00:00,s3,breast_cancer,quantum_net,extraction,label_only,100.000000,4,,,,0.912281,0.912281,0.000000,0.929825,0.880952,0.761905,0.864865,0.849245,f002bf1,82546cfe1e02
c7b581cb5965,2026-09-25T03:15:50+00:00,s3,breast_cancer,quantum_net,transpiler,qubit_swap,2.000000,4,,,,0.912281,0.833333,7.894737,0.096154,0.823413,0.785714,0.776471,1.178279,f002bf1,e5d4fa914d44
78aaba82f6d1,2026-09-25T03:15:50+00:00,s3,breast_cancer,quantum_net,membership,confidence_threshold,0.000000,4,,,,0.912281,0.912281,0.000000,,0.895833,0.833333,0.875000,20.875422,f002bf1,d6c5e22751f8
7fed16e5bb9e,2026-09-25T03:15:50+00:00,s3,digits,quantum_net,shot_bias,forged_bitstring,0.000000,1,,,,0.772222,0.772222,0.000000,,0.772115,0.772115,0.767487,66.472814,f002bf1,71d72636a53b
515d09263709,2026-09-25T03:15:50+00:00,s3,breast_cancer,quantum_net,transpiler,qubit_swap,3.000000,4,,,,0.912281,0.377193,53.508772,0.653846,0.506944,1.000000,0.541935,0.783858,f002bf1,aa545792fcf5
91572c73c208,2026-09-25T03:15:51+00:00,s3,breast_cancer,quantum_net,extraction,label_only,250.000000,4,,,,0.912281,0.921053,-0.877193,0.956140,0.892857,0.785714,0.880000,1.171639,f002bf1,0b16fc791f71
aa8717ed7a60,2026-09-25T03:15:52+00:00,s3,breast_cancer,quantum_net,transpiler,qubit_swap,4.000000,4,,,,0.912281,0.342105,57.017544,0.692308,0.464286,0.928571,0.509804,1.079263,f002bf1,ab5496999c8c
ed7f97e914eb,2026-09-25T03:15:53+00:00,s3,breast_cancer,quantum_net,inversion,zeroth_order,500.000000,3,,,,0.912281,0.912281,0.000000,0.575232,0.890873,0.809524,0.871795,5.163636,f002bf1,d3abfee8f91c
a693e58fd7e0,2026-09-25T03:15:53+00:00,s3,breast_cancer,quantum_net,membership,confidence_threshold,2.000000,4,,,,0.912281,0.912281,0.000000,0.473214,0.895833,0.833333,0.875000,2.781433,f002bf1,0e42a24c2848
57a7cc2aa7ad,2026-09-25T03:15:53+00:00,s3,digits,quantum_net,shot_bias,forged_bitstring,0.050000,1,,,,0.772222,0.788889,-1.666667,0.010791,0.789099,0.789099,0.784937,2.582706,f002bf1,c5e1f7e77087
d82053778e0e,2026-09-25T03:15:53+00:00,s3,breast_cancer,quantum_net,extraction,label_only,500.000000,4,,,,0.912281,0.912281,0.000000,0.964912,0.885913,0.785714,0.868421,2.468672,f002bf1,45aced5ce89d
1eaa7f235e63,2026-09-25T03:15:55+00:00,s3,digits,quantum_net,circuit_tamper,rx_half_pi,16.000000,1,,,,0.772222,0.013889,75.833333,0.989209,0.013889,0.013889,0.004219,5.233585,f002bf1,2664c96ad4f7
21233387e99a,2026-09-25T03:15:55+00:00,s3,digits,quantum_net,shot_bias,forged_bitstring,0.100000,1,,,,0.772222,0.747222,2.500000,0.071942,0.747733,0.747733,0.742690,1.884397,f002bf1,75327027e085
31e873474891,2026-09-25T03:15:55+00:00,s3,breast_cancer,quantum_net,membership,confidence_threshold,5.000000,4,,,,0.912281,0.912281,0.000000,0.472477,0.895833,0.833333,0.875000,2.031039,f002bf1,80ca5d88403e
349d00aa0975,2026-09-25T03:15:55+00:00,s3,breast_cancer,quantum_net,backdoor,trigger,0.000000,1,,,,0.938596,0.938596,0.000000,0.000000,0.921627,0.857143,0.911392,24.449887,f002bf1,ce116e691907
cd37efad587b,2026-09-25T03:15:56+00:00,s3,breast_cancer,quantum_net,extraction,label_only,1000.000000,4,,,,0.912281,0.921053,-0.877193,0.956140,0.892857,0.785714,0.880000,3.162888,f002bf1,d19e9a8c48aa
8bbb660c1f53,2026-09-25T03:15:57+00:00,s3,digits,quantum_net,shot_bias,forged_bitstring,0.200000,1,,,,0.772222,0.458333,31.388889,0.438849,0.459693,0.459693,0.464074,1.851476,f002bf1,d911a9c249d9
e10ff37dc157,2026-09-25T03:15:57+00:00,s3,breast_cancer,quantum_net,membership,confidence_threshold,10.000000,4,,,,0.912281,0.912281,0.000000,0.471154,0.895833,0.833333,0.875000,1.893151,f002bf1,a717fe068c5d
b51fff0af8bf,2026-09-25T03:15:58+00:00,s3,digits,quantum_net,shot_bias,forged_bitstring,0.300000,1,,,,0.772222,0.158333,61.388889,0.809353,0.159603,0.159603,0.106390,1.677763,f002bf1,0c06e3907f4e
6bbcb03bc5c7,2026-09-25T03:15:58+00:00,s3,breast_cancer,quantum_net,membership,confidence_threshold,20.000000,4,,,,0.912281,0.912281,0.000000,0.510638,0.895833,0.833333,0.875000,1.705565,f002bf1,8c978e6ec78b
9d127a6c636e,2026-09-25T03:16:00+00:00,s3,digits,quantum_net,shot_bias,forged_bitstring,0.400000,1,,,,0.772222,0.102778,66.944444,0.881295,0.102857,0.102857,0.023783,1.516102,f002bf1,39ed32c8caa4
098fb28e3d24,2026-09-25T03:16:06+00:00,s3,breast_cancer,quantum_net,inversion,zeroth_order,2000.000000,3,,,,0.912281,0.912281,0.000000,0.662636,0.890873,0.809524,0.871795,13.561931,f002bf1,6914ba7e9f28
d3412ee4c9c2,2026-09-25T03:16:15+00:00,s3,breast_cancer,quantum_net,backdoor,trigger,0.010000,1,,,,0.938596,0.947368,-0.877193,0.166667,0.933532,0.880952,0.925000,20.165436,f002bf1,76873176be48
9b4138ea6791,2026-09-25T03:16:18+00:00,s3,digits,quantum_net,noise,depolarizing_readout,0.020000,0,,,,0.650000,0.561111,8.888889,0.299145,0.561566,0.561566,0.572669,36.879955,f002bf1,af345ceabbc8
3284b0e1f409,2026-09-25T03:16:26+00:00,s3,breast_cancer,quantum_net,inversion,zeroth_order,0.000000,4,,,,0.912281,0.912281,0.000000,,0.895833,0.833333,0.875000,20.014839,f002bf1,8972c72a9990
17a3c59927d8,2026-09-25T03:16:26+00:00,s3,breast_cancer,quantum_net,inversion,zeroth_order,20.000000,4,,,,0.912281,0.912281,0.000000,0.366624,0.895833,0.833333,0.875000,0.511483,f002bf1,0668af1013d4
3cfd64482c03,2026-09-25T03:16:27+00:00,s3,breast_cancer,quantum_net,inversion,zeroth_order,100.000000,4,,,,0.912281,0.912281,0.000000,0.401267,0.895833,0.833333,0.875000,1.016874,f002bf1,633d1692f998
63a4145ad115,2026-09-25T03:16:30+00:00,s3,breast_cancer,quantum_net,inversion,zeroth_order,500.000000,4,,,,0.912281,0.912281,0.000000,0.585286,0.895833,0.833333,0.875000,3.153941,f002bf1,d3abfee8f91c
4f7aa71d9a7b,2026-09-25T03:16:35+00:00,s3,breast_cancer,quantum_net,backdoor,trigger,0.020000,1,,,,0.938596,0.842105,9.649123,0.214286,0.805556,0.666667,0.756757,20.631774,f002bf1,5a5f5c4a4838
b28d96124034,2026-09-25T03:16:39+00:00,s3,digits,quantum_net,transpiler,angle_drift,0.000000,0,,,,0.650000,0.650000,0.000000,,0.650167,0.650167,0.654860,64.410082,f002bf1,eb92dc8cba0a
16320a54bfac,2026-09-25T03:16:41+00:00,s3,digits,quantum_net,transpiler,angle_drift,0.050000,0,,,,0.650000,0.561111,8.888889,0.252137,0.561336,0.561336,0.573544,1.894362,f002bf1,3ccbb5be93d8
453d3c456249,2026-09-25T03:16:43+00:00,s3,digits,quantum_net,transpiler,angle_drift,0.100000,0,,,,0.650000,0.463889,18.611111,0.405983,0.463696,0.463696,0.481484,2.185202,f002bf1,4b530ac31245
6eb1faf81f1e,2026-09-25T03:16:43+00:00,s3,breast_cancer,quantum_net,inversion,zeroth_order,2000.000000,4,,,,0.912281,0.912281,0.000000,0.638498,0.895833,0.833333,0.875000,13.099218,f002bf1,6914ba7e9f28
15f63e11b6e4,2026-09-25T03:16:45+00:00,s3,digits,quantum_net,transpiler,angle_drift,0.200000,0,,,,0.650000,0.347222,30.277778,0.594017,0.346231,0.346231,0.336233,2.009561,f002bf1,ba718cf9bd0b
5479e0a76e04,2026-09-25T03:16:47+00:00,s3,digits,quantum_net,transpiler,angle_drift,0.400000,0,,,,0.650000,0.247222,40.277778,0.713675,0.245734,0.245734,0.205638,2.067179,f002bf1,276af6acec21
d125455004e8,2026-09-25T03:16:49+00:00,s3,digits,quantum_net,transpiler,angle_drift,0.800000,0,,,,0.650000,0.236111,41.388889,0.743590,0.235390,0.235390,0.163761,1.900393,f002bf1,2c10c0c76525
1655145cbe4b,2026-09-25T03:16:51+00:00,s3,digits,quantum_net,noise,depolarizing_readout,0.050000,0,,,,0.650000,0.444444,20.555556,0.452991,0.444631,0.444631,0.449800,33.754607,f002bf1,b6abf699e122
28edb007db00,2026-09-25T03:16:51+00:00,s3,digits,quantum_net,transpiler,qubit_swap,0.000000,0,,,,0.650000,0.650000,0.000000,,0.650167,0.650167,0.654860,60.962921,f002bf1,f820f4643a3e
b8cc6ac8a92c,2026-09-25T03:16:53+00:00,s3,digits,quantum_net,circuit_tamper,rx_half_pi,0.000000,2,,,,0.636111,0.636111,0.000000,,0.636216,0.636216,0.637438,59.405307,f002bf1,d28285cf6a86
d8c01001f2f5,2026-09-25T03:16:53+00:00,s3,digits,quantum_net,transpiler,qubit_swap,1.000000,0,,,,0.650000,0.427778,22.222222,0.457265,0.426830,0.426830,0.415142,2.004506,f002bf1,3279b5525507
c0f3cdc0352b,2026-09-25T03:16:54+00:00,s3,breast_cancer,quantum_net,backdoor,trigger,0.050000,1,,,,0.938596,0.885965,5.263158,0.738095,0.845238,0.690476,0.816901,19.260930,f002bf1,5bd53b0bedb7
605b9a6acb5a,2026-09-25T03:16:55+00:00,s3,digits,quantum_net,circuit_tamper,rx_half_pi,1.000000,2,,,,0.636111,0.277778,35.833333,0.641921,0.275154,0.275154,0.218636,1.818852,f002bf1,0b4a03aec6e1
f3d7fc5d1da6,2026-09-25T03:16:55+00:00,s3,digits,quantum_net,transpiler,qubit_swap,2.000000,0,,,,0.650000,0.333333,31.666667,0.611111,0.331776,0.331776,0.309421,1.909779,f002bf1,e45d50e19cb4
d365ef15aff4,2026-09-25T03:16:56+00:00,s3,digits,quantum_net,extraction,label_only,0.000000,0,,,,0.650000,0.650000,0.000000,,0.650167,0.650167,0.654860,60.430489,f002bf1,5f961d4639d9
c1f3facadc84,2026-09-25T03:16:57+00:00,s3,digits,quantum_net,circuit_tamper,rx_half_pi,2.000000,2,,,,0.636111,0.250000,38.611111,0.676856,0.249918,0.249918,0.257761,1.865522,f002bf1,7808426cf1a7
8c3a81b875fc,2026-09-25T03:16:57+00:00,s3,digits,quantum_net,extraction,label_only,10.000000,0,,,,0.650000,0.119444,53.055556,0.133333,0.117218,0.117218,0.042354,1.180385,f002bf1,4079c25116d9
1fe305c12e15,2026-09-25T03:16:57+00:00,s3,digits,quantum_net,transpiler,qubit_swap,3.000000,0,,,,0.650000,0.250000,40.000000,0.722222,0.248634,0.248634,0.213816,2.169741,f002bf1,01674681fa2b
f09688cf91a8,2026-09-25T03:16:57+00:00,s3,digits,quantum_net,membership,confidence_threshold,0.000000,0,,,,0.650000,0.650000,0.000000,,0.650167,0.650167,0.654860,60.188114,f002bf1,f9d2a1b9d5e6
01e3b32f69db,2026-09-25T03:16:58+00:00,s3,digits,quantum_net,extraction,label_only,25.000000,0,,,,0.650000,0.133333,51.666667,0.183333,0.134204,0.134204,0.071221,1.177378,f002bf1,0280d845796f
281e05d531bc,2026-09-25T03:16:59+00:00,s3,digits,quantum_net,circuit_tamper,rx_half_pi,4.000000,2,,,,0.636111,0.022222,61.388889,0.973799,0.022222,0.022222,0.008762,2.002832,f002bf1,35640146527a
b304926365d6,2026-09-25T03:16:59+00:00,s3,digits,quantum_net,shot_bias,forged_bitstring,0.000000,2,,,,0.636111,0.636111,0.000000,,0.636216,0.636216,0.637438,60.117721,f002bf1,71d72636a53b
6af8dcb5d906,2026-09-25T03:16:59+00:00,s3,digits,quantum_net,extraction,label_only,50.000000,0,,,,0.650000,0.147222,50.277778,0.211111,0.148031,0.148031,0.074067,1.018253,f002bf1,792f2e3c8340
11ba32dfdcf5,2026-09-25T03:16:59+00:00,s3,digits,quantum_net,transpiler,qubit_swap,4.000000,0,,,,0.650000,0.266667,38.333333,0.666667,0.264114,0.264114,0.192453,1.827014,f002bf1,89f9119b6cee
e176da6e2e33,2026-09-25T03:17:00+00:00,s3,digits,quantum_net,extraction,label_only,100.000000,0,,,,0.650000,0.166667,48.333333,0.241667,0.168235,0.168235,0.114412,1.102231,f002bf1,b1600ed5319d
ce45b4a64ddf,2026-09-25T03:17:00+00:00,s3,digits,quantum_net,circuit_tamper,rx_half_pi,8.000000,2,,,,0.636111,0.033333,60.277778,0.956332,0.033333,0.033333,0.022362,1.654534,f002bf1,1344266992ec
9794144a46c0,2026-09-25T03:17:01+00:00,s3,digits,quantum_net,shot_bias,forged_bitstring,0.050000,2,,,,0.636111,0.600000,3.611111,0.148472,0.600485,0.600485,0.579461,1.674877,f002bf1,c5e1f7e77087
0fa5f8f1b81b,2026-09-25T03:17:02+00:00,s3,digits,quantum_net,extraction,label_only,250.000000,0,,,,0.650000,0.261111,38.888889,0.338889,0.261364,0.261364,0.193269,1.766592,f002bf1,cb349bc0b59f
8c205cc550a1,2026-09-25T03:17:02+00:00,s3,digits,quantum_net,circuit_tamper,rx_half_pi,16.000000,2,,,,0.636111,0.097222,53.888889,0.930131,0.096321,0.096321,0.041784,2.126239,f002bf1,2664c96ad4f7
08ceb05863ea,2026-09-25T03:17:03+00:00,s3,digits,quantum_net,shot_bias,forged_bitstring,0.100000,2,,,,0.636111,0.433333,20.277778,0.410480,0.433458,0.433458,0.425283,2.315815,f002bf1,75327027e085
6e0de7074316,2026-09-25T03:17:03+00:00,s3,digits,quantum_net,membership,confidence_threshold,2.000000,0,,,,0.650000,0.650000,0.000000,0.502793,0.650167,0.650167,0.654860,5.709042,f002bf1,7c9224928918
2ff25da107f1,2026-09-25T03:17:04+00:00,s3,digits,quantum_net,extraction,label_only,500.000000,0,,,,0.650000,0.338889,31.111111,0.450000,0.339397,0.339397,0.297052,2.481285,f002bf1,6a43d9ca76bf
d30f5f13eb67,2026-09-25T03:17:07+00:00,s3,digits,quantum_net,shot_bias,forged_bitstring,0.200000,2,,,,0.636111,0.130556,50.555556,0.816594,0.131032,0.131032,0.072933,4.239026,f002bf1,d911a9c249d9
8b6ea7296add,2026-09-25T03:17:08+00:00,s3,digits,quantum_net,extraction,label_only,1000.000000,0,,,,0.650000,0.525000,12.500000,0.600000,0.525905,0.525905,0.495310,3.767792,f002bf1,55fc174d0ae1
0c3d228738a9,2026-09-25T03:17:09+00:00,s3,digits,quantum_net,membership,confidence_threshold,5.000000,0,,,,0.650000,0.650000,0.000000,0.507042,0.650167,0.650167,0.654860,5.682178,f002bf1,718c461b0582
48815e0d20ce,2026-09-25T03:17:09+00:00,s3,digits,quantum_net,shot_bias,forged_bitstring,0.300000,2,,,,0.636111,0.100000,53.611111,0.855895,0.100000,0.100000,0.018182,1.823459,f002bf1,0c06e3907f4e
1e181727f7d2,2026-09-25T03:17:11+00:00,s3,digits,quantum_net,shot_bias,forged_bitstring,0.400000,2,,,,0.636111,0.100000,53.611111,0.855895,0.100000,0.100000,0.018182,1.645720,f002bf1,39ed32c8caa4
efdead400a79,2026-09-25T03:17:13+00:00,s3,breast_cancer,quantum_net,backdoor,trigger,0.100000,1,,,,0.938596,0.842105,9.649123,0.714286,0.800595,0.642857,0.750000,19.874937,f002bf1,c47353df9204
2c32b0c2bb9f,2026-09-25T03:17:14+00:00,s3,digits,quantum_net,membership,confidence_threshold,10.000000,0,,,,0.650000,0.650000,0.000000,0.507143,0.650167,0.650167,0.654860,5.878285,f002bf1,f2bcb5e25f96
cc0812b2d43a,2026-09-25T03:17:21+00:00,s3,digits,quantum_net,membership,confidence_threshold,20.000000,0,,,,0.650000,0.650000,0.000000,0.525000,0.650167,0.650167,0.654860,6.635501,f002bf1,401efa40741e
2ae2646cd8a1,2026-09-25T03:17:25+00:00,s3,digits,quantum_net,noise,depolarizing_readout,0.100000,0,,,,0.650000,0.305556,34.444444,0.623932,0.305699,0.305699,0.281534,34.365220,f002bf1,620dfb29cace
dac5a135e2f8,2026-09-25T03:17:48+00:00,s3,digits,quantum_net,inversion,zeroth_order,0.000000,0,,,,0.650000,0.650000,0.000000,,0.650167,0.650167,0.654860,66.030839,f002bf1,d556433895cc
44ce9c04f49a,2026-09-25T03:17:51+00:00,s3,digits,quantum_net,inversion,zeroth_order,20.000000,0,,,,0.650000,0.650000,0.000000,0.105437,0.650167,0.650167,0.654860,2.979292,f002bf1,a869e317d5d3
ae0224085881,2026-09-25T03:17:55+00:00,s3,digits,quantum_net,transpiler,angle_drift,0.000000,1,,,,0.772222,0.772222,0.000000,,0.772115,0.772115,0.767487,67.866338,f002bf1,eb92dc8cba0a
bef6c79edc1a,2026-09-25T03:17:59+00:00,s3,digits,quantum_net,inversion,zeroth_order,100.000000,0,,,,0.650000,0.650000,0.000000,0.304220,0.650167,0.650167,0.654860,8.296389,f002bf1,7470ceb13cae
6233067da244,2026-09-25T03:18:03+00:00,s3,digits,quantum_net,transpiler,angle_drift,0.050000,1,,,,0.772222,0.758333,1.388889,0.100719,0.757692,0.757692,0.754229,7.338413,f002bf1,3ccbb5be93d8
a7120ed5b01a,2026-09-25T03:18:05+00:00,s3,digits,quantum_net,transpiler,angle_drift,0.100000,1,,,,0.772222,0.694444,7.777778,0.165468,0.693331,0.693331,0.684507,2.592861,f002bf1,4b530ac31245
4d48297285bb,2026-09-25T03:18:08+00:00,s3,digits,quantum_net,transpiler,angle_drift,0.200000,1,,,,0.772222,0.536111,23.611111,0.363309,0.534178,0.534178,0.512907,2.963197,f002bf1,ba718cf9bd0b
1a3dc3e9a508,2026-09-25T03:18:11+00:00,s3,digits,quantum_net,transpiler,angle_drift,0.400000,1,,,,0.772222,0.283333,48.888889,0.679856,0.280556,0.280556,0.194225,2.868139,f002bf1,276af6acec21
5795a72b3ef5,2026-09-25T03:18:11+00:00,s3,digits,quantum_net,transpiler,qubit_swap,0.000000,1,,,,0.772222,0.772222,0.000000,,0.772115,0.772115,0.767487,73.164150,f002bf1,f820f4643a3e
173a444e414a,2026-09-25T03:18:14+00:00,s3,digits,quantum_net,circuit_tamper,rx_half_pi,0.000000,3,,,,0.769444,0.769444,0.000000,,0.769734,0.769734,0.773184,72.737381,f002bf1,d28285cf6a86
4722e15cd292,2026-09-25T03:18:14+00:00,s3,digits,quantum_net,transpiler,angle_drift,0.800000,1,,,,0.772222,0.316667,45.555556,0.643885,0.314339,0.314339,0.224765,2.773712,f002bf1,2c10c0c76525
5b222a2e2c7c,2026-09-25T03:18:15+00:00,s3,digits,quantum_net,transpiler,qubit_swap,1.000000,1,,,,0.772222,0.516667,25.555556,0.402878,0.516958,0.516958,0.440933,3.423983,f002bf1,3279b5525507
be0e970cace6,2026-09-25T03:18:17+00:00,s3,digits,quantum_net,circuit_tamper,rx_half_pi,1.000000,3,,,,0.769444,0.358333,41.111111,0.584838,0.358037,0.358037,0.302664,2.894117,f002bf1,0b4a03aec6e1
c215860c5de8,2026-09-25T03:18:17+00:00,s3,digits,quantum_net,transpiler,qubit_swap,2.000000,1,,,,0.772222,0.350000,42.222222,0.615108,0.347973,0.347973,0.241108,2.580835,f002bf1,e45d50e19cb4
42880a74e790,2026-09-25T03:18:18+00:00,s3,breast_cancer,quantum_net,backdoor,trigger,0.000000,2,,,,0.938596,0.938596,0.000000,0.023810,0.936508,0.928571,0.917647,30.796078,f002bf1,ce116e691907
43e5cfa4ad58,2026-09-25T03:18:19+00:00,s3,digits,quantum_net,circuit_tamper,rx_half_pi,2.000000,3,,,,0.769444,0.186111,58.333333,0.776173,0.186190,0.186190,0.113122,2.543295,f002bf1,7808426cf1a7
56019c78820c,2026-09-25T03:18:21+00:00,s3,digits,quantum_net,circuit_tamper,rx_half_pi,4.000000,3,,,,0.769444,0.166667,60.277778,0.801444,0.166675,0.166675,0.090729,2.679790,f002bf1,35640146527a
22afab6addcf,2026-09-25T03:18:22+00:00,s3,digits,quantum_net,extraction,label_only,0.000000,1,,,,0.772222,0.772222,0.000000,,0.772115,0.772115,0.767487,75.261814,f002bf1,5f961d4639d9
105fa2626f31,2026-09-25T03:18:23+00:00,s3,digits,quantum_net,extraction,label_only,10.000000,1,,,,0.772222,0.097222,67.500000,0.058333,0.100000,0.100000,0.017857,1.649265,f002bf1,4079c25116d9
82585f1eeda3,2026-09-25T03:18:24+00:00,s3,digits,quantum_net,shot_bias,forged_bitstring,0.000000,3,,,,0.769444,0.769444,0.000000,,0.769734,0.769734,0.773184,74.884722,f002bf1,71d72636a53b
79bc53c987e2,2026-09-25T03:18:24+00:00,s3,digits,quantum_net,transpiler,qubit_swap,3.000000,1,,,,0.772222,0.358333,41.388889,0.600719,0.356381,0.356381,0.251412,7.260637,f002bf1,01674681fa2b
6838e21123ad,2026-09-25T03:18:24+00:00,s3,digits,quantum_net,circuit_tamper,rx_half_pi,8.000000,3,,,,0.769444,0.155556,61.388889,0.841155,0.153771,0.153771,0.091028,2.608390,f002bf1,1344266992ec
97b549a75f3a,2026-09-25T03:18:25+00:00,s3,digits,quantum_net,extraction,label_only,25.000000,1,,,,0.772222,0.097222,67.500000,0.088889,0.099603,0.099603,0.037390,1.450370,f002bf1,0280d845796f
099922ce03ad,2026-09-25T03:18:26+00:00,s3,digits,quantum_net,extraction,label_only,50.000000,1,,,,0.772222,0.186111,58.611111,0.227778,0.187857,0.187857,0.133731,1.339893,f002bf1,792f2e3c8340
ef04af044b03,2026-09-25T03:18:26+00:00,s3,digits,quantum_net,shot_bias,forged_bitstring,0.050000,3,,,,0.769444,0.755556,1.388889,0.050542,0.755378,0.755378,0.756851,2.804344,f002bf1,c5e1f7e77087
f4c81675f7b9,2026-09-25T03:18:27+00:00,s3,digits,quantum_net,transpiler,qubit_swap,4.000000,1,,,,0.772222,0.261111,51.111111,0.712230,0.260360,0.260360,0.175892,2.690092,f002bf1,89f9119b6cee
8d47a18f3ee9,2026-09-25T03:18:27+00:00,s3,digits,quantum_net,circuit_tamper,rx_half_pi,16.000000,3,,,,0.769444,0.155556,61.388889,0.837545,0.153904,0.153904,0.083469,2.751793,f002bf1,2664c96ad4f7
a44751273f0e,2026-09-25T03:18:28+00:00,s3,digits,quantum_net,extraction,label_only,100.000000,1,,,,0.772222,0.200000,57.222222,0.222222,0.201529,0.201529,0.168573,2.066239,f002bf1,b1600ed5319d
d05c4fd370e8,2026-09-25T03:18:28+00:00,s3,digits,quantum_net,inversion,zeroth_order,500.000000,0,,,,0.650000,0.650000,0.000000,0.429092,0.650167,0.650167,0.654860,29.814886,f002bf1,b02457d16904
676f724ce5fb,2026-09-25T03:18:29+00:00,s3,digits,quantum_net,shot_bias,forged_bitstring,0.100000,3,,,,0.769444,0.586111,18.333333,0.277978,0.585360,0.585360,0.602676,2.473416,f002bf1,75327027e085
00cc58ea378d,2026-09-25T03:18:31+00:00,s3,digits,quantum_net,extraction,label_only,250.000000,1,,,,0.772222,0.413889,35.833333,0.455556,0.415849,0.415849,0.378069,2.767915,f002bf1,cb349bc0b59f
554044090827,2026-09-25T03:18:32+00:00,s3,digits,quantum_net,shot_bias,forged_bitstring,0.200000,3,,,,0.769444,0.163889,60.555556,0.797834,0.163981,0.163981,0.123614,3.040605,f002bf1,d911a9c249d9
6d3183c15ebb,2026-09-25T03:18:35+00:00,s3,digits,quantum_net,shot_bias,forged_bitstring,0.300000,3,,,,0.769444,0.100000,66.944444,0.880866,0.100000,0.100000,0.018228,2.712847,f002bf1,0c06e3907f4e
7545bea47ec1,2026-09-25T03:18:35+00:00,s3,digits,quantum_net,extraction,label_only,500.000000,1,,,,0.772222,0.597222,17.500000,0.627778,0.598100,0.598100,0.573478,4.014569,f002bf1,6a43d9ca76bf
b622af6b8df2,2026-09-25T03:18:37+00:00,s3,digits,quantum_net,shot_bias,forged_bitstring,0.400000,3,,,,0.769444,0.100000,66.944444,0.880866,0.100000,0.100000,0.018182,2.253040,f002bf1,39ed32c8caa4
5b64b39ecd3d,2026-09-25T03:18:37+00:00,s3,digits,quantum_net,membership,confidence_threshold,0.000000,1,,,,0.772222,0.772222,0.000000,,0.772115,0.772115,0.767487,77.783870,f002bf1,f9d2a1b9d5e6
556e5ad31e5e,2026-09-25T03:18:41+00:00,s3,breast_cancer,quantum_net,backdoor,trigger,0.200000,1,,,,0.938596,0.736842,20.175439,0.833333,0.672619,0.428571,0.545455,53.246983,f002bf1,b6bdbe7f7b16
b926646b3d6f,2026-09-25T03:18:41+00:00,s3,digits,quantum_net,extraction,label_only,1000.000000,1,,,,0.772222,0.655556,11.666667,0.700000,0.656512,0.656512,0.632739,6.081514,f002bf1,55fc174d0ae1
062b445af81f,2026-09-25T03:18:43+00:00,s3,digits,quantum_net,noise,depolarizing_readout,0.000000,1,,,,0.772222,0.772222,0.000000,,0.772115,0.772115,0.767487,79.585938,f002bf1,593cb9168f40
b38b159444c9,2026-09-25T03:18:43+00:00,s3,breast_cancer,quantum_net,backdoor,trigger,0.020000,2,,,,0.938596,0.815789,12.280702,0.238095,0.799603,0.738095,0.746988,56.054583,f002bf1,5a5f5c4a4838
78055d8ec7d7,2026-09-25T03:18:45+00:00,s3,breast_cancer,quantum_net,backdoor,trigger,0.010000,2,,,,0.938596,0.868421,7.017544,0.238095,0.836310,0.714286,0.800000,57.221627,f002bf1,76873176be48
2f5003b80dbd,2026-09-25T03:18:45+00:00,s3,breast_cancer,quantum_net,backdoor,trigger,0.100000,2,,,,0.938596,0.754386,18.421053,0.976190,0.716270,0.571429,0.631579,26.749185,f002bf1,c47353df9204
c7546874e613,2026-09-25T03:18:45+00:00,s3,digits,quantum_net,membership,confidence_threshold,2.000000,1,,,,0.772222,0.772222,0.000000,0.501397,0.772115,0.772115,0.767487,8.054790,f002bf1,7c9224928918
8c19ca7f6083,2026-09-25T03:18:52+00:00,s3,digits,quantum_net,membership,confidence_threshold,5.000000,1,,,,0.772222,0.772222,0.000000,0.504225,0.772115,0.772115,0.767487,7.232143,f002bf1,718c461b0582
8afd9cfcca53,2026-09-25T03:18:59+00:00,s3,digits,quantum_net,membership,confidence_threshold,10.000000,1,,,,0.772222,0.772222,0.000000,0.501429,0.772115,0.772115,0.767487,7.237410,f002bf1,f2bcb5e25f96
7236ca55fa8a,2026-09-25T03:19:07+00:00,s3,breast_cancer,quantum_net,backdoor,trigger,0.000000,3,,,,0.912281,0.912281,0.000000,0.023810,0.890873,0.809524,0.871795,23.829582,f002bf1,ce116e691907
e1f884d5fd04,2026-09-25T03:19:08+00:00,s3,breast_cancer,quantum_net,backdoor,trigger,0.200000,2,,,,0.938596,0.763158,17.543860,0.952381,0.683532,0.380952,0.542373,24.368682,f002bf1,b6bdbe7f7b16
e9d86e42cbaa,2026-09-25T03:19:09+00:00,s3,digits,quantum_net,membership,confidence_threshold,20.000000,1,,,,0.772222,0.772222,0.000000,0.495588,0.772115,0.772115,0.767487,9.562298,f002bf1,401efa40741e
2bb0ee0f5eb0,2026-09-25T03:19:25+00:00,s3,digits,quantum_net,noise,depolarizing_readout,0.005000,1,,,,0.772222,0.772222,0.000000,0.068345,0.772190,0.772190,0.768420,43.202325,f002bf1,c1d47701646c
b726d37a0e40,2026-09-25T03:19:30+00:00,s3,breast_cancer,quantum_net,backdoor,trigger,0.100000,3,,,,0.912281,0.885965,2.631579,0.785714,0.855159,0.738095,0.826667,24.198188,f002bf1,c47353df9204
e094cbdf7759,2026-09-25T03:19:31+00:00,s3,digits,quantum_net,transpiler,angle_drift,0.000000,2,,,,0.636111,0.636111,0.000000,,0.636216,0.636216,0.637438,79.158493,f002bf1,eb92dc8cba0a
5f218042bb6a,2026-09-25T03:19:33+00:00,s3,breast_cancer,quantum_net,backdoor,trigger,0.020000,3,,,,0.912281,0.912281,0.000000,0.119048,0.890873,0.809524,0.871795,48.920974,f002bf1,5a5f5c4a4838
3703df6394c3,2026-09-25T03:19:33+00:00,s3,breast_cancer,quantum_net,backdoor,trigger,0.050000,2,,,,0.938596,0.894737,4.385965,0.857143,0.881944,0.833333,0.853659,53.347654,f002bf1,5bd53b0bedb7
c94d4fa18627,2026-09-25T03:19:34+00:00,s3,digits,quantum_net,transpiler,angle_drift,0.050000,2,,,,0.636111,0.627778,0.833333,0.165939,0.627553,0.627553,0.637178,2.665175,f002bf1,3ccbb5be93d8
40964d6bba3d,2026-09-25T03:19:37+00:00,s3,digits,quantum_net,transpiler,angle_drift,0.100000,2,,,,0.636111,0.497222,13.888889,0.371179,0.496261,0.496261,0.511863,2.615008,f002bf1,4b530ac31245
f50f63dc7960,2026-09-25T03:19:39+00:00,s3,digits,quantum_net,transpiler,angle_drift,0.200000,2,,,,0.636111,0.377778,25.833333,0.550218,0.375568,0.375568,0.375380,2.774802,f002bf1,ba718cf9bd0b
4bc3bc8277cd,2026-09-25T03:19:41+00:00,s3,digits,quantum_net,transpiler,qubit_swap,0.000000,2,,,,0.636111,0.636111,0.000000,,0.636216,0.636216,0.637438,75.496147,f002bf1,f820f4643a3e
b49beac8bf3f,2026-09-25T03:19:42+00:00,s3,digits,quantum_net,transpiler,angle_drift,0.400000,2,,,,0.636111,0.222222,41.388889,0.786026,0.219903,0.219903,0.191526,2.454404,f002bf1,276af6acec21
eace092c8c4c,2026-09-25T03:19:42+00:00,s3,digits,quantum_net,circuit_tamper,rx_half_pi,0.000000,4,,,,0.602778,0.602778,0.000000,,0.603479,0.603479,0.603997,76.656140,f002bf1,d28285cf6a86
645df07eba0f,2026-09-25T03:19:43+00:00,s3,digits,quantum_net,transpiler,qubit_swap,1.000000,2,,,,0.636111,0.413889,22.222222,0.502183,0.412081,0.412081,0.408786,2.281494,f002bf1,3279b5525507
9d34c7579bde,2026-09-25T03:19:44+00:00,s3,digits,quantum_net,transpiler,angle_drift,0.800000,2,,,,0.636111,0.188889,44.722222,0.812227,0.187580,0.187580,0.131579,2.356705,f002bf1,2c10c0c76525
f5055d91e539,2026-09-25T03:19:44+00:00,s3,digits,quantum_net,circuit_tamper,rx_half_pi,1.000000,4,,,,0.602778,0.488889,11.388889,0.341014,0.489477,0.489477,0.485725,2.174993,f002bf1,0b4a03aec6e1
719673862c4e,2026-09-25T03:19:45+00:00,s3,digits,quantum_net,transpiler,qubit_swap,2.000000,2,,,,0.636111,0.352778,28.333333,0.576419,0.352550,0.352550,0.346923,2.167343,f002bf1,e45d50e19cb4
4799fb141658,2026-09-25T03:19:47+00:00,s3,digits,quantum_net,circuit_tamper,rx_half_pi,2.000000,4,,,,0.602778,0.313889,28.888889,0.668203,0.314489,0.314489,0.238470,2.214584,f002bf1,7808426cf1a7
0ec7b8d51f61,2026-09-25T03:19:47+00:00,s3,digits,quantum_net,transpiler,qubit_swap,3.000000,2,,,,0.636111,0.275000,36.111111,0.689956,0.274567,0.274567,0.252883,2.144373,f002bf1,01674681fa2b
a1e2a377d30f,2026-09-25T03:19:49+00:00,s3,digits,quantum_net,circuit_tamper,rx_half_pi,4.000000,4,,,,0.602778,0.158333,44.444444,0.801843,0.160480,0.160480,0.060230,2.283431,f002bf1,35640146527a
538c1474d1d1,2026-09-25T03:19:49+00:00,s3,digits,quantum_net,shot_bias,forged_bitstring,0.000000,4,,,,0.602778,0.602778,0.000000,,0.603479,0.603479,0.603997,73.451506,f002bf1,71d72636a53b
d440ce9bcf9f,2026-09-25T03:19:50+00:00,s3,digits,quantum_net,transpiler,qubit_swap,4.000000,2,,,,0.636111,0.169444,46.666667,0.820961,0.169007,0.169007,0.141724,2.278143,f002bf1,89f9119b6cee
dbcf2ff2fdac,2026-09-25T03:19:51+00:00,s3,digits,quantum_net,circuit_tamper,rx_half_pi,8.000000,4,,,,0.602778,0.150000,45.277778,0.815668,0.152235,0.152235,0.091973,2.048906,f002bf1,1344266992ec
e78a45a9608e,2026-09-25T03:19:51+00:00,s3,digits,quantum_net,shot_bias,forged_bitstring,0.050000,4,,,,0.602778,0.516667,8.611111,0.281106,0.517514,0.517514,0.498430,2.049142,f002bf1,c5e1f7e77087
a173198d992a,2026-09-25T03:19:53+00:00,s3,digits,quantum_net,circuit_tamper,rx_half_pi,16.000000,4,,,,0.602778,0.100000,50.277778,0.889401,0.100000,0.100000,0.018462,2.259566,f002bf1,2664c96ad4f7
328f7380e395,2026-09-25T03:19:53+00:00,s3,digits,quantum_net,shot_bias,forged_bitstring,0.100000,4,,,,0.602778,0.327778,27.500000,0.594470,0.329359,0.329359,0.298941,2.242430,f002bf1,75327027e085
fea8c3b2f9ff,2026-09-25T03:19:55+00:00,s3,digits,quantum_net,extraction,label_only,0.000000,2,,,,0.636111,0.636111,0.000000,,0.636216,0.636216,0.637438,75.672948,f002bf1,5f961d4639d9
1a2a392e426f,2026-09-25T03:19:55+00:00,s3,breast_cancer,quantum_net,backdoor,trigger,0.000000,4,,,,0.912281,0.912281,0.000000,0.000000,0.895833,0.833333,0.875000,22.941312,f002bf1,ce116e691907
9d3d5f385a50,2026-09-25T03:19:55+00:00,s3,digits,quantum_net,shot_bias,forged_bitstring,0.200000,4,,,,0.602778,0.144444,45.833333,0.829493,0.145714,0.145714,0.081692,2.189302,f002bf1,d911a9c249d9
bcc27651addd,2026-09-25T03:19:56+00:00,s3,digits,quantum_net,extraction,label_only,10.000000,2,,,,0.636111,0.097222,53.888889,0.133333,0.100000,0.100000,0.017766,1.102408,f002bf1,4079c25116d9
2c55cbe52014,2026-09-25T03:19:57+00:00,s3,digits,quantum_net,shot_bias,forged_bitstring,0.300000,4,,,,0.602778,0.102778,50.000000,0.875576,0.102857,0.102857,0.023783,2.093106,f002bf1,0c06e3907f4e
2f8a8773a35d,2026-09-25T03:19:57+00:00,s3,digits,quantum_net,extraction,label_only,25.000000,2,,,,0.636111,0.108333,52.777778,0.136111,0.111032,0.111032,0.039149,1.424133,f002bf1,0280d845796f
57dc4706e41e,2026-09-25T03:19:58+00:00,s3,breast_cancer,quantum_net,backdoor,trigger,0.050000,3,,,,0.912281,0.912281,0.000000,0.238095,0.885913,0.785714,0.868421,50.648122,f002bf1,5bd53b0bedb7
98fa027a33b6,2026-09-25T03:19:59+00:00,s3,digits,quantum_net,extraction,label_only,50.000000,2,,,,0.636111,0.172222,46.388889,0.197222,0.174921,0.174921,0.092829,1.561158,f002bf1,792f2e3c8340
e4ece2c3a1fa,2026-09-25T03:19:59+00:00,s3,digits,quantum_net,shot_bias,forged_bitstring,0.400000,4,,,,0.602778,0.100000,50.277778,0.880184,0.100000,0.100000,0.018182,2.156987,f002bf1,39ed32c8caa4
6474fd625416,2026-09-25T03:20:00+00:00,s3,digits,quantum_net,extraction,label_only,100.000000,2,,,,0.636111,0.216667,41.944444,0.255556,0.219532,0.219532,0.148453,1.508959,f002bf1,b1600ed5319d
9da31c6f7c68,2026-09-25T03:20:03+00:00,s3,digits,quantum_net,extraction,label_only,250.000000,2,,,,0.636111,0.355556,28.055556,0.388889,0.357242,0.357242,0.323234,2.203544,f002bf1,cb349bc0b59f
f9339b42ee80,2026-09-25T03:20:06+00:00,s3,digits,quantum_net,noise,depolarizing_readout,0.010000,1,,,,0.772222,0.769444,0.277778,0.075540,0.769412,0.769412,0.767156,41.775304,f002bf1,3bf236377900
5400d6a8a461,2026-09-25T03:20:06+00:00,s3,digits,quantum_net,inversion,zeroth_order,2000.000000,0,,,,0.650000,0.650000,0.000000,0.484850,0.650167,0.650167,0.654860,100.075521,f002bf1,cc159c5eecea
71bc68bd4f04,2026-09-25T03:20:09+00:00,s3,digits,quantum_net,extraction,label_only,500.000000,2,,,,0.636111,0.536111,10.000000,0.544444,0.536692,0.536692,0.503549,6.744092,f002bf1,6a43d9ca76bf
d201e441f5b3,2026-09-25T03:20:14+00:00,s3,digits,quantum_net,extraction,label_only,1000.000000,2,,,,0.636111,0.633333,0.277778,0.591667,0.632838,0.632838,0.624528,4.144674,f002bf1,55fc174d0ae1
cf656e9a0035,2026-09-25T03:20:14+00:00,s3,breast_cancer,quantum_net,backdoor,trigger,0.020000,4,,,,0.912281,0.894737,1.754386,0.142857,0.881944,0.833333,0.853659,44.420103,f002bf1,5a5f5c4a4838
8d5d8a6c85ac,2026-09-25T03:20:16+00:00,s3,digits,quantum_net,membership,confidence_threshold,0.000000,2,,,,0.636111,0.636111,0.000000,,0.636216,0.636216,0.637438,68.637381,f002bf1,f9d2a1b9d5e6
98b47dd3b96e,2026-09-25T03:20:17+00:00,s3,breast_cancer,quantum_net,backdoor,trigger,0.100000,4,,,,0.912281,0.824561,8.771930,0.666667,0.776786,0.595238,0.714286,21.635943,f002bf1,c47353df9204
69396f474539,2026-09-25T03:20:19+00:00,s3,breast_cancer,quantum_net,backdoor,trigger,0.010000,3,,,,0.912281,0.947368,-3.508772,0.119048,0.943452,0.928571,0.928571,46.352235,f002bf1,76873176be48
684dd168ead0,2026-09-25T03:20:23+00:00,s3,digits,quantum_net,membership,confidence_threshold,2.000000,2,,,,0.636111,0.636111,0.000000,0.502793,0.636216,0.636216,0.637438,6.466211,f002bf1,7c9224928918
659562b40b23,2026-09-25T03:20:28+00:00,s3,digits,quantum_net,membership,confidence_threshold,5.000000,2,,,,0.636111,0.636111,0.000000,0.474648,0.636216,0.636216,0.637438,5.909891,f002bf1,718c461b0582
639e4109197b,2026-09-25T03:20:34+00:00,s3,digits,quantum_net,membership,confidence_threshold,10.000000,2,,,,0.636111,0.636111,0.000000,0.502857,0.636216,0.636216,0.637438,6.048788,f002bf1,f2bcb5e25f96
0be13dcf0b91,2026-09-25T03:20:39+00:00,s3,breast_cancer,quantum_net,backdoor,trigger,0.200000,3,,,,0.912281,0.798246,11.403509,0.880952,0.746032,0.547619,0.666667,21.333042,f002bf1,b6bdbe7f7b16
fdff5a9175a2,2026-09-25T03:20:40+00:00,s3,digits,quantum_net,noise,depolarizing_readout,0.020000,1,,,,0.772222,0.750000,2.222222,0.107914,0.750047,0.750047,0.750662,34.480513,f002bf1,af345ceabbc8
a2dc8d9c341f,2026-09-25T03:20:41+00:00,s3,breast_cancer,quantum_net,backdoor,trigger,0.010000,4,,,,0.912281,0.964912,-5.263158,0.071429,0.957341,0.928571,0.951220,43.518965,f002bf1,76873176be48
65b7b47897b7,2026-09-25T03:20:41+00:00,s3,digits,quantum_net,membership,confidence_threshold,20.000000,2,,,,0.636111,0.636111,0.000000,0.500000,0.636216,0.636216,0.637438,6.759555,f002bf1,401efa40741e
fddb6409d7c5,2026-09-25T03:20:50+00:00,s3,digits,quantum_net,transpiler,angle_drift,0.000000,3,,,,0.769444,0.769444,0.000000,,0.769734,0.769734,0.773184,67.220253,f002bf1,eb92dc8cba0a
a9e1b6457932,2026-09-25T03:20:52+00:00,s3,digits,quantum_net,transpiler,angle_drift,0.050000,3,,,,0.769444,0.741667,2.777778,0.093863,0.741634,0.741634,0.744032,2.205377,f002bf1,3ccbb5be93d8
a54c4ce29b26,2026-09-25T03:20:53+00:00,s3,digits,quantum_net,transpiler,qubit_swap,0.000000,3,,,,0.769444,0.769444,0.000000,,0.769734,0.769734,0.773184,64.263186,f002bf1,f820f4643a3e
9e66ed4c9490,2026-09-25T03:20:54+00:00,s3,digits,quantum_net,transpiler,angle_drift,0.100000,3,,,,0.769444,0.730556,3.888889,0.122744,0.730515,0.730515,0.731583,2.048039,f002bf1,4b530ac31245
09aa0a2caff3,2026-09-25T03:20:55+00:00,s3,digits,quantum_net,transpiler,qubit_swap,1.000000,3,,,,0.769444,0.661111,10.833333,0.245487,0.663228,0.663228,0.607824,1.984551,f002bf1,3279b5525507
ea68cf3bc668,2026-09-25T03:20:56+00:00,s3,digits,quantum_net,transpiler,angle_drift,0.200000,3,,,,0.769444,0.572222,19.722222,0.306859,0.572351,0.572351,0.582135,2.145869,f002bf1,ba718cf9bd0b
f61c68f0a60a,2026-09-25T03:20:56+00:00,s3,digits,quantum_net,transpiler,qubit_swap,2.000000,3,,,,0.769444,0.425000,34.444444,0.519856,0.424807,0.424807,0.376987,2.259223,f002bf1,e45d50e19cb4
e6cd137ae2e6,2026-09-25T03:20:58+00:00,s3,digits,quantum_net,transpiler,angle_drift,0.400000,3,,,,0.769444,0.333333,43.611111,0.595668,0.334453,0.334453,0.292408,2.365312,f002bf1,276af6acec21
e2c876d12dd8,2026-09-25T03:20:59+00:00,s3,digits,quantum_net,transpiler,qubit_swap,3.000000,3,,,,0.769444,0.183333,58.611111,0.797834,0.181536,0.181536,0.138036,2.074911,f002bf1,01674681fa2b
b78646e27e68,2026-09-25T03:21:00+00:00,s3,breast_cancer,quantum_net,backdoor,trigger,0.200000,4,,,,0.912281,0.859649,5.263158,0.738095,0.824405,0.690476,0.783784,19.966235,f002bf1,b6bdbe7f7b16
e8036dba24fd,2026-09-25T03:21:00+00:00,s3,digits,quantum_net,transpiler,angle_drift,0.800000,3,,,,0.769444,0.322222,44.722222,0.631769,0.324048,0.324048,0.239529,1.940579,f002bf1,2c10c0c76525
658a15d2678b,2026-09-25T03:21:00+00:00,s3,digits,quantum_net,transpiler,qubit_swap,4.000000,3,,,,0.769444,0.141667,62.777778,0.859206,0.140991,0.140991,0.103559,1.954572,f002bf1,89f9119b6cee
2719ddebf6ba,2026-09-25T03:21:06+00:00,s3,digits,quantum_net,inversion,zeroth_order,0.000000,1,,,,0.772222,0.772222,0.000000,,0.772115,0.772115,0.767487,60.537985,f002bf1,d556433895cc
fc626779f91f,2026-09-25T03:21:11+00:00,s3,digits,quantum_net,inversion,zeroth_order,20.000000,1,,,,0.772222,0.772222,0.000000,0.214533,0.772115,0.772115,0.767487,5.366398,f002bf1,a869e317d5d3
1dece7b09f1d,2026-09-25T03:21:15+00:00,s3,digits,quantum_net,noise,depolarizing_readout,0.050000,1,,,,0.772222,0.641667,13.055556,0.237410,0.641609,0.641609,0.647892,35.121841,f002bf1,b6abf699e122
351163a53f31,2026-09-25T03:21:15+00:00,s3,digits,quantum_net,extraction,label_only,0.000000,3,,,,0.769444,0.769444,0.000000,,0.769734,0.769734,0.773184,62.179711,f002bf1,5f961d4639d9
69354556614b,2026-09-25T03:21:15+00:00,s3,digits,quantum_net,inversion,zeroth_order,100.000000,1,,,,0.772222,0.772222,0.000000,0.334624,0.772115,0.772115,0.767487,3.983363,f002bf1,7470ceb13cae
a5a08d452aa1,2026-09-25T03:21:16+00:00,s3,digits,quantum_net,extraction,label_only,10.000000,3,,,,0.769444,0.100000,66.944444,0.127778,0.101825,0.101825,0.044256,0.966269,f002bf1,4079c25116d9
3d01132dbaef,2026-09-25T03:21:16+00:00,s3,digits,quantum_net,backdoor,trigger,0.000000,0,,,,0.650000,0.650000,0.000000,0.040123,0.650167,0.650167,0.654860,63.100271,f002bf1,0e1703fb9cef
2397d51c6c07,2026-09-25T03:21:17+00:00,s3,digits,quantum_net,extraction,label_only,25.000000,3,,,,0.769444,0.111111,65.833333,0.127778,0.113254,0.113254,0.063142,1.142229,f002bf1,0280d845796f
cfa786578bd2,2026-09-25T03:21:18+00:00,s3,digits,quantum_net,extraction,label_only,50.000000,3,,,,0.769444,0.225000,54.444444,0.233333,0.227540,0.227540,0.161434,1.186459,f002bf1,792f2e3c8340
8bebc3b15b7b,2026-09-25T03:21:19+00:00,s3,breast_cancer,quantum_net,backdoor,trigger,0.050000,4,,,,0.912281,0.877193,3.508772,0.690476,0.848214,0.738095,0.815789,39.708016,f002bf1,5bd53b0bedb7
9c8cc23b534e,2026-09-25T03:21:19+00:00,s3,digits,quantum_net,extraction,label_only,100.000000,3,,,,0.769444,0.233333,53.611111,0.261111,0.235247,0.235247,0.192178,1.223179,f002bf1,b1600ed5319d
4d562943dc9a,2026-09-25T03:21:21+00:00,s3,digits,quantum_net,extraction,label_only,250.000000,3,,,,0.769444,0.311111,45.833333,0.358333,0.313831,0.313831,0.270624,1.682422,f002bf1,cb349bc0b59f
593c481b3fc9,2026-09-25T03:21:23+00:00,s3,digits,quantum_net,extraction,label_only,500.000000,3,,,,0.769444,0.500000,26.944444,0.563889,0.502295,0.502295,0.471921,2.294386,f002bf1,6a43d9ca76bf
51292b8831cc,2026-09-25T03:21:26+00:00,s3,digits,quantum_net,extraction,label_only,1000.000000,3,,,,0.769444,0.541667,22.777778,0.622222,0.541939,0.541939,0.516205,3.759394,f002bf1,55fc174d0ae1
d8f5f9277e37,2026-09-25T03:21:31+00:00,s3,digits,quantum_net,inversion,zeroth_order,500.000000,1,,,,0.772222,0.772222,0.000000,0.592510,0.772115,0.772115,0.767487,16.013640,f002bf1,b02457d16904
6c7e7e5830cb,2026-09-25T03:21:40+00:00,s3,digits,quantum_net,membership,confidence_threshold,0.000000,3,,,,0.769444,0.769444,0.000000,,0.769734,0.769734,0.773184,60.016877,f002bf1,f9d2a1b9d5e6
8ebfb6e59da4,2026-09-25T03:21:46+00:00,s3,digits,quantum_net,membership,confidence_threshold,2.000000,3,,,,0.769444,0.769444,0.000000,0.480447,0.769734,0.769734,0.773184,5.934917,f002bf1,7c9224928918
e4ea8d943a32,2026-09-25T03:21:47+00:00,s3,digits,quantum_net,noise,depolarizing_readout,0.100000,1,,,,0.772222,0.338889,43.333333,0.607914,0.337426,0.337426,0.284664,33.278738,f002bf1,620dfb29cace
82424a101c1b,2026-09-25T03:21:52+00:00,s3,digits,quantum_net,membership,confidence_threshold,5.000000,3,,,,0.769444,0.769444,0.000000,0.480282,0.769734,0.769734,0.773184,6.180986,f002bf1,718c461b0582
7afb7bec2ecb,2026-09-25T03:21:58+00:00,s3,digits,quantum_net,membership,confidence_threshold,10.000000,3,,,,0.769444,0.769444,0.000000,0.474286,0.769734,0.769734,0.773184,6.006237,f002bf1,f2bcb5e25f96
38b5fe99f941,2026-09-25T03:21:59+00:00,s3,digits,quantum_net,transpiler,qubit_swap,0.000000,4,,,,0.602778,0.602778,0.000000,,0.603479,0.603479,0.603997,60.021318,f002bf1,f820f4643a3e
ec824fa3e94d,2026-09-25T03:22:01+00:00,s3,digits,quantum_net,transpiler,angle_drift,0.000000,4,,,,0.602778,0.602778,0.000000,,0.603479,0.603479,0.603997,62.130306,f002bf1,eb92dc8cba0a
19c80e96fe0b,2026-09-25T03:22:01+00:00,s3,digits,quantum_net,transpiler,qubit_swap,1.000000,4,,,,0.602778,0.430556,17.222222,0.433180,0.431160,0.431160,0.376586,2.185227,f002bf1,3279b5525507
711a63fe113d,2026-09-25T03:22:03+00:00,s3,digits,quantum_net,transpiler,angle_drift,0.050000,4,,,,0.602778,0.544444,5.833333,0.285714,0.545270,0.545270,0.547954,2.211941,f002bf1,3ccbb5be93d8
470b5617bcc8,2026-09-25T03:22:04+00:00,s3,digits,quantum_net,transpiler,qubit_swap,2.000000,4,,,,0.602778,0.283333,31.944444,0.635945,0.285586,0.285586,0.236546,2.078176,f002bf1,e45d50e19cb4
538be1da5d47,2026-09-25T03:22:04+00:00,s3,digits,quantum_net,membership,confidence_threshold,20.000000,3,,,,0.769444,0.769444,0.000000,0.473529,0.769734,0.769734,0.773184,6.422808,f002bf1,401efa40741e
0c466f769d10,2026-09-25T03:22:06+00:00,s3,digits,quantum_net,transpiler,angle_drift,0.100000,4,,,,0.602778,0.444444,15.833333,0.419355,0.444543,0.444543,0.438140,2.155019,f002bf1,4b530ac31245
b4de144af26f,2026-09-25T03:22:06+00:00,s3,digits,quantum_net,transpiler,qubit_swap,3.000000,4,,,,0.602778,0.150000,45.277778,0.815668,0.148874,0.148874,0.111691,2.175751,f002bf1,01674681fa2b
fcb4cd44aa64,2026-09-25T03:22:08+00:00,s3,digits,quantum_net,transpiler,angle_drift,0.200000,4,,,,0.602778,0.266667,33.611111,0.682028,0.266017,0.266017,0.232252,2.162848,f002bf1,ba718cf9bd0b
bdec585b64be,2026-09-25T03:22:08+00:00,s3,digits,quantum_net,transpiler,qubit_swap,4.000000,4,,,,0.602778,0.063889,53.888889,0.926267,0.063589,0.063589,0.051287,2.067055,f002bf1,89f9119b6cee
eb8bcf6f75dd,2026-09-25T03:22:10+00:00,s3,digits,quantum_net,transpiler,angle_drift,0.400000,4,,,,0.602778,0.147222,45.555556,0.861751,0.147222,0.147222,0.059495,2.204487,f002bf1,276af6acec21
4a802f8e78ca,2026-09-25T03:22:12+00:00,s3,digits,quantum_net,transpiler,angle_drift,0.800000,4,,,,0.602778,0.155556,44.722222,0.866359,0.155556,0.155556,0.052746,2.158839,f002bf1,2c10c0c76525
5a629bc519ed,2026-09-25T03:22:13+00:00,s3,digits,quantum_net,backdoor,trigger,0.020000,0,,,,0.650000,0.688889,-3.888889,0.040123,0.689157,0.689157,0.695707,118.544479,f002bf1,9c8f025d4469
2e26d38a634c,2026-09-25T03:22:14+00:00,s3,wine,quantum_net,transpiler,qubit_swap,0.000000,0,,,,0.944444,0.944444,0.000000,,0.948413,0.948413,0.948413,6.376299,f002bf1,6bac036fab75
79cde6ccf677,2026-09-25T03:22:14+00:00,s3,wine,quantum_net,transpiler,qubit_swap,1.000000,0,,,,0.944444,0.944444,0.000000,0.029412,0.948413,0.948413,0.948413,0.233711,f002bf1,9884fe950f16
972910575665,2026-09-25T03:22:15+00:00,s3,wine,quantum_net,transpiler,qubit_swap,2.000000,0,,,,0.944444,0.611111,33.333333,0.382353,0.601587,0.601587,0.602469,0.230935,f002bf1,943ddcb0d850
0e8c6c441e1b,2026-09-25T03:22:15+00:00,s3,wine,quantum_net,transpiler,qubit_swap,3.000000,0,,,,0.944444,0.305556,63.888889,0.705882,0.265873,0.265873,0.193818,0.243515,f002bf1,ffb88c5ab73d
7a6425d14e8e,2026-09-25T03:22:15+00:00,s3,wine,quantum_net,transpiler,qubit_swap,4.000000,0,,,,0.944444,0.277778,66.666667,0.735294,0.238095,0.238095,0.166667,0.281542,f002bf1,8b263a4dcd1a
fd4c5ee65881,2026-09-25T03:22:15+00:00,s3,digits,quantum_net,backdoor,trigger,0.100000,0,,,,0.650000,0.688889,-3.888889,0.567901,0.687591,0.687591,0.686842,60.490160,f002bf1,1954823e614c
aa58fc3a914a,2026-09-25T03:22:18+00:00,s3,wine,quantum_net,transpiler,angle_drift,0.000000,0,,,,0.944444,0.944444,0.000000,,0.948413,0.948413,0.948413,6.113043,f002bf1,3dc0b9267471
c7b30332afe2,2026-09-25T03:22:18+00:00,s3,wine,quantum_net,transpiler,angle_drift,0.050000,0,,,,0.944444,0.972222,-2.777778,0.000000,0.976190,0.976190,0.974321,0.220234,f002bf1,08c240d8fb93
482525b611e9,2026-09-25T03:22:19+00:00,s3,wine,quantum_net,transpiler,angle_drift,0.100000,0,,,,0.944444,0.972222,-2.777778,0.000000,0.976190,0.976190,0.974321,0.217703,f002bf1,ba04d6a73f42
de82ead4a4de,2026-09-25T03:22:19+00:00,s3,wine,quantum_net,transpiler,angle_drift,0.200000,0,,,,0.944444,0.944444,0.000000,0.029412,0.952381,0.952381,0.948718,0.220157,f002bf1,20e4f6b859b4
82e4c2ff2686,2026-09-25T03:22:19+00:00,s3,wine,quantum_net,transpiler,angle_drift,0.400000,0,,,,0.944444,0.833333,11.111111,0.147059,0.847619,0.847619,0.841652,0.212612,f002bf1,5cb3218fd9d5
f20ed02e7c39,2026-09-25T03:22:19+00:00,s3,wine,quantum_net,transpiler,angle_drift,0.800000,0,,,,0.944444,0.527778,41.666667,0.470588,0.528571,0.528571,0.495807,0.280620,f002bf1,c8fe43de53c4
a75977c3ad95,2026-09-25T03:22:21+00:00,s3,wine,quantum_net,transpiler,qubit_swap,0.000000,1,,,,0.916667,0.916667,0.000000,,0.915079,0.915079,0.920196,6.177223,f002bf1,6bac036fab75
86665b5854e6,2026-09-25T03:22:22+00:00,s3,wine,quantum_net,transpiler,qubit_swap,1.000000,1,,,,0.916667,0.888889,2.777778,0.030303,0.891270,0.891270,0.894837,0.267045,f002bf1,9884fe950f16
2c3cde576dc7,2026-09-25T03:22:22+00:00,s3,wine,quantum_net,transpiler,qubit_swap,2.000000,1,,,,0.916667,0.888889,2.777778,0.030303,0.891270,0.891270,0.894837,0.248139,f002bf1,943ddcb0d850
869c813d2670,2026-09-25T03:22:22+00:00,s3,wine,quantum_net,transpiler,qubit_swap,3.000000,1,,,,0.916667,0.888889,2.777778,0.060606,0.891270,0.891270,0.894837,0.249759,f002bf1,ffb88c5ab73d
6a26ff3e83c4,2026-09-25T03:22:22+00:00,s3,wine,quantum_net,transpiler,qubit_swap,4.000000,1,,,,0.916667,0.611111,30.555556,0.363636,0.607937,0.607937,0.580251,0.257847,f002bf1,8b263a4dcd1a
be6574c7923d,2026-09-25T03:22:26+00:00,s3,wine,quantum_net,transpiler,angle_drift,0.000000,1,,,,0.916667,0.916667,0.000000,,0.915079,0.915079,0.920196,6.553748,f002bf1,3dc0b9267471
79bd31ca2a25,2026-09-25T03:22:26+00:00,s3,wine,quantum_net,transpiler,angle_drift,0.050000,1,,,,0.916667,0.916667,0.000000,0.000000,0.915079,0.915079,0.920196,0.238206,f002bf1,08c240d8fb93
a8b6a8ca8d2c,2026-09-25T03:22:26+00:00,s3,wine,quantum_net,transpiler,angle_drift,0.100000,1,,,,0.916667,0.916667,0.000000,0.030303,0.919048,0.919048,0.919778,0.240744,f002bf1,ba04d6a73f42
6c6c6dfe8557,2026-09-25T03:22:27+00:00,s3,wine,quantum_net,transpiler,angle_drift,0.200000,1,,,,0.916667,0.833333,8.333333,0.121212,0.847619,0.847619,0.841652,0.235512,f002bf1,20e4f6b859b4
0569e1a06920,2026-09-25T03:22:27+00:00,s3,wine,quantum_net,transpiler,angle_drift,0.400000,1,,,,0.916667,0.611111,30.555556,0.363636,0.647619,0.647619,0.592593,0.227927,f002bf1,5cb3218fd9d5
2933675dd683,2026-09-25T03:22:27+00:00,s3,wine,quantum_net,transpiler,angle_drift,0.800000,1,,,,0.916667,0.361111,55.555556,0.636364,0.366667,0.366667,0.238384,0.229134,f002bf1,c8fe43de53c4
734ae8a99b26,2026-09-25T03:22:28+00:00,s3,digits,quantum_net,extraction,label_only,0.000000,4,,,,0.602778,0.602778,0.000000,,0.603479,0.603479,0.603997,61.892536,f002bf1,5f961d4639d9
c00ea5c8021d,2026-09-25T03:22:28+00:00,s3,wine,quantum_net,transpiler,qubit_swap,0.000000,2,,,,0.944444,0.944444,0.000000,,0.948413,0.948413,0.948413,5.842388,f002bf1,6bac036fab75
c1a262c04d52,2026-09-25T03:22:29+00:00,s3,wine,quantum_net,transpiler,qubit_swap,1.000000,2,,,,0.944444,0.861111,8.333333,0.088235,0.865079,0.865079,0.866871,0.215366,f002bf1,9884fe950f16
c853bea7eaa7,2026-09-25T03:22:29+00:00,s3,digits,quantum_net,extraction,label_only,10.000000,4,,,,0.602778,0.138889,46.388889,0.144444,0.141587,0.141587,0.051399,1.046992,f002bf1,4079c25116d9
b544af0fa973,2026-09-25T03:22:29+00:00,s3,wine,quantum_net,transpiler,qubit_swap,2.000000,2,,,,0.944444,0.916667,2.777778,0.029412,0.924603,0.924603,0.922963,0.213598,f002bf1,943ddcb0d850
8fef35068491,2026-09-25T03:22:29+00:00,s3,wine,quantum_net,transpiler,qubit_swap,3.000000,2,,,,0.944444,0.694444,25.000000,0.323529,0.661905,0.661905,0.632479,0.224771,f002bf1,ffb88c5ab73d
b34f8249818a,2026-09-25T03:22:29+00:00,s3,wine,quantum_net,transpiler,qubit_swap,4.000000,2,,,,0.944444,0.666667,27.777778,0.323529,0.624603,0.624603,0.583333,0.223995,f002bf1,8b263a4dcd1a
0b3f56c6dced,2026-09-25T03:22:30+00:00,s3,digits,quantum_net,extraction,label_only,25.000000,4,,,,0.602778,0.138889,46.388889,0.141667,0.141433,0.141433,0.060192,1.083414,f002bf1,0280d845796f
1690b4853c83,2026-09-25T03:22:30+00:00,s3,digits,quantum_net,extraction,label_only,50.000000,4,,,,0.602778,0.155556,44.722222,0.147222,0.157698,0.157698,0.087829,1.328655,f002bf1,792f2e3c8340
f27b907ba33d,2026-09-25T03:22:32+00:00,s3,digits,quantum_net,extraction,label_only,100.000000,4,,,,0.602778,0.238889,36.388889,0.227778,0.241036,0.241036,0.144777,1.305699,f002bf1,b1600ed5319d
90af3464f95e,2026-09-25T03:22:33+00:00,s3,wine,quantum_net,transpiler,angle_drift,0.000000,2,,,,0.944444,0.944444,0.000000,,0.948413,0.948413,0.948413,6.418513,f002bf1,3dc0b9267471
ce371d86fa6b,2026-09-25T03:22:33+00:00,s3,wine,quantum_net,transpiler,angle_drift,0.050000,2,,,,0.944444,0.944444,0.000000,0.029412,0.952381,0.952381,0.948718,0.273024,f002bf1,08c240d8fb93
7cf45bc3cad5,2026-09-25T03:22:33+00:00,s3,wine,quantum_net,transpiler,angle_drift,0.100000,2,,,,0.944444,0.944444,0.000000,0.000000,0.948413,0.948413,0.948413,0.232305,f002bf1,ba04d6a73f42
6667f2b3b7ac,2026-09-25T03:22:34+00:00,s3,digits,quantum_net,inversion,zeroth_order,2000.000000,1,,,,0.772222,0.772222,0.000000,0.613831,0.772115,0.772115,0.767487,64.276259,f002bf1,cc159c5eecea
91d8f5dbec8a,2026-09-25T03:22:34+00:00,s3,digits,quantum_net,extraction,label_only,250.000000,4,,,,0.602778,0.363889,23.888889,0.355556,0.368333,0.368333,0.279577,1.851378,f002bf1,cb349bc0b59f
1e0b27a166f1,2026-09-25T03:22:34+00:00,s3,wine,quantum_net,transpiler,angle_drift,0.200000,2,,,,0.944444,0.916667,2.777778,0.029412,0.924603,0.924603,0.922963,0.227971,f002bf1,20e4f6b859b4
18f45716e6f0,2026-09-25T03:22:34+00:00,s3,wine,quantum_net,transpiler,angle_drift,0.400000,2,,,,0.944444,0.916667,2.777778,0.029412,0.924603,0.924603,0.922963,0.223256,f002bf1,5cb3218fd9d5
56d7f9901f07,2026-09-25T03:22:34+00:00,s3,wine,quantum_net,transpiler,angle_drift,0.800000,2,,,,0.944444,0.666667,27.777778,0.294118,0.653175,0.653175,0.652381,0.269488,f002bf1,c8fe43de53c4
804a8eaf20e6,2026-09-25T03:22:35+00:00,s3,wine,quantum_net,transpiler,qubit_swap,0.000000,3,,,,0.972222,0.972222,0.000000,,0.972222,0.972222,0.974013,6.726605,f002bf1,6bac036fab75
70b89ded6d82,2026-09-25T03:22:36+00:00,s3,wine,quantum_net,transpiler,qubit_swap,1.000000,3,,,,0.972222,0.861111,11.111111,0.114286,0.838889,0.838889,0.851669,0.274848,f002bf1,9884fe950f16
3ebddccd9614,2026-09-25T03:22:36+00:00,s3,wine,quantum_net,transpiler,qubit_swap,2.000000,3,,,,0.972222,0.722222,25.000000,0.285714,0.666667,0.666667,0.578947,0.262675,f002bf1,943ddcb0d850
6bc777376ec6,2026-09-25T03:22:36+00:00,s3,wine,quantum_net,transpiler,qubit_swap,3.000000,3,,,,0.972222,0.666667,30.555556,0.314286,0.611111,0.611111,0.536364,0.284077,f002bf1,ffb88c5ab73d
e0b4988f80b1,2026-09-25T03:22:36+00:00,s3,digits,quantum_net,extraction,label_only,500.000000,4,,,,0.602778,0.536111,6.666667,0.494444,0.539951,0.539951,0.467103,2.700650,f002bf1,6a43d9ca76bf
95585e692e45,2026-09-25T03:22:36+00:00,s3,wine,quantum_net,transpiler,qubit_swap,4.000000,3,,,,0.972222,0.444444,52.777778,0.542857,0.407937,0.407937,0.373271,0.283000,f002bf1,8b263a4dcd1a
ccfce28fef2c,2026-09-25T03:22:41+00:00,s3,digits,quantum_net,extraction,label_only,1000.000000,4,,,,0.602778,0.588889,1.388889,0.475000,0.591223,0.591223,0.554241,4.275056,f002bf1,55fc174d0ae1
4889ddd1a514,2026-09-25T03:22:41+00:00,s3,wine,quantum_net,transpiler,angle_drift,0.000000,3,,,,0.972222,0.972222,0.000000,,0.972222,0.972222,0.974013,6.529964,f002bf1,3dc0b9267471
533dba82d1d2,2026-09-25T03:22:41+00:00,s3,wine,quantum_net,transpiler,angle_drift,0.050000,3,,,,0.972222,0.972222,0.000000,0.000000,0.972222,0.972222,0.974013,0.234223,f002bf1,08c240d8fb93
6039f35dd2ef,2026-09-25T03:22:41+00:00,s3,wine,quantum_net,transpiler,angle_drift,0.100000,3,,,,0.972222,0.972222,0.000000,0.000000,0.972222,0.972222,0.974013,0.218649,f002bf1,ba04d6a73f42
d1772d04ffdd,2026-09-25T03:22:41+00:00,s3,wine,quantum_net,transpiler,angle_drift,0.200000,3,,,,0.972222,0.944444,2.777778,0.028571,0.944444,0.944444,0.947475,0.227058,f002bf1,20e4f6b859b4
a9f27f9f9d8d,2026-09-25T03:22:42+00:00,s3,wine,quantum_net,transpiler,angle_drift,0.400000,3,,,,0.972222,0.888889,8.333333,0.085714,0.888889,0.888889,0.891667,0.262889,f002bf1,5cb3218fd9d5
85274ffbaec3,2026-09-25T03:22:42+00:00,s3,wine,quantum_net,transpiler,angle_drift,0.800000,3,,,,0.972222,0.722222,25.000000,0.257143,0.722222,0.722222,0.674185,0.244300,f002bf1,c8fe43de53c4
fb502cbf061d,2026-09-25T03:22:43+00:00,s3,wine,quantum_net,transpiler,qubit_swap,0.000000,4,,,,0.916667,0.916667,0.000000,,0.924603,0.924603,0.919312,6.807582,f002bf1,6bac036fab75
866983e6022f,2026-09-25T03:22:43+00:00,s3,wine,quantum_net,transpiler,qubit_swap,1.000000,4,,,,0.916667,0.888889,2.777778,0.060606,0.891270,0.891270,0.891270,0.251879,f002bf1,9884fe950f16
a8c81bb66ac8,2026-09-25T03:22:44+00:00,s3,wine,quantum_net,transpiler,qubit_swap,2.000000,4,,,,0.916667,0.944444,-2.777778,0.000000,0.948413,0.948413,0.948413,0.260796,f002bf1,943ddcb0d850
689552d7faba,2026-09-25T03:22:44+00:00,s3,wine,quantum_net,transpiler,qubit_swap,3.000000,4,,,,0.916667,0.694444,22.222222,0.272727,0.684127,0.684127,0.699941,0.278083,f002bf1,ffb88c5ab73d
c31bca5f7de9,2026-09-25T03:22:44+00:00,s3,wine,quantum_net,transpiler,qubit_swap,4.000000,4,,,,0.916667,0.638889,27.777778,0.333333,0.628571,0.628571,0.644818,0.340159,f002bf1,8b263a4dcd1a
34a8866c88f9,2026-09-25T03:22:48+00:00,s3,wine,quantum_net,extraction,label_only,0.000000,0,,,,0.944444,0.944444,0.000000,,0.948413,0.948413,0.948413,6.967044,f002bf1,dd00a3f2adaf
b468270ac465,2026-09-25T03:22:48+00:00,s3,wine,quantum_net,extraction,label_only,10.000000,0,,,,0.944444,0.472222,47.222222,0.472222,0.442857,0.442857,0.383069,0.226304,f002bf1,cbc803c179b9
62d440b687f1,2026-09-25T03:22:48+00:00,s3,wine,quantum_net,extraction,label_only,25.000000,0,,,,0.944444,0.444444,50.000000,0.444444,0.400000,0.400000,0.305556,0.213607,f002bf1,743116fbc5a8
9644a1078101,2026-09-25T03:22:48+00:00,s3,wine,quantum_net,extraction,label_only,50.000000,0,,,,0.944444,0.611111,33.333333,0.611111,0.609524,0.609524,0.532456,0.294615,f002bf1,56180cee231e
6d548dce9d7c,2026-09-25T03:22:49+00:00,s3,wine,quantum_net,extraction,label_only,100.000000,0,,,,0.944444,0.944444,0.000000,0.944444,0.944444,0.944444,0.947475,0.364266,f002bf1,e1f3c07910c4
1b49189db9d1,2026-09-25T03:22:49+00:00,s3,wine,quantum_net,transpiler,angle_drift,0.000000,4,,,,0.916667,0.916667,0.000000,,0.924603,0.924603,0.919312,6.872774,f002bf1,3dc0b9267471
bee2a3c5f98d,2026-09-25T03:22:49+00:00,s3,digits,quantum_net,noise,depolarizing_readout,0.000000,2,,,,0.636111,0.636111,0.000000,,0.636216,0.636216,0.637438,63.107629,f002bf1,593cb9168f40
018859da8261,2026-09-25T03:22:49+00:00,s3,wine,quantum_net,transpiler,angle_drift,0.050000,4,,,,0.916667,0.972222,-5.555556,0.000000,0.976190,0.976190,0.974321,0.263256,f002bf1,08c240d8fb93
a962b94c8d82,2026-09-25T03:22:49+00:00,s3,wine,quantum_net,transpiler,angle_drift,0.100000,4,,,,0.916667,0.944444,-2.777778,0.000000,0.948413,0.948413,0.948413,0.272119,f002bf1,ba04d6a73f42
2bb63c425bad,2026-09-25T03:22:49+00:00,s3,wine,quantum_net,extraction,label_only,250.000000,0,,,,0.944444,0.972222,-2.777778,0.972222,0.972222,0.972222,0.974013,0.793902,f002bf1,cb3e043df6f0
97ff87332bf8,2026-09-25T03:22:50+00:00,s3,wine,quantum_net,transpiler,angle_drift,0.200000,4,,,,0.916667,0.916667,0.000000,0.060606,0.919048,0.919048,0.916296,0.247647,f002bf1,20e4f6b859b4
2f70fcfa9ba6,2026-09-25T03:22:50+00:00,s3,wine,quantum_net,transpiler,angle_drift,0.400000,4,,,,0.916667,0.750000,16.666667,0.212121,0.757143,0.757143,0.748455,0.263046,f002bf1,5cb3218fd9d5
d2f475db3e1d,2026-09-25T03:22:50+00:00,s3,wine,quantum_net,transpiler,angle_drift,0.800000,4,,,,0.916667,0.416667,50.000000,0.575758,0.404762,0.404762,0.296216,0.226791,f002bf1,c8fe43de53c4
e32c9a41fa54,2026-09-25T03:22:51+00:00,s3,wine,quantum_net,extraction,label_only,500.000000,0,,,,0.944444,0.944444,0.000000,1.000000,0.948413,0.948413,0.948413,1.412148,f002bf1,27290610d391
9787b4b4ad56,2026-09-25T03:22:53+00:00,s3,wine,quantum_net,extraction,label_only,1000.000000,0,,,,0.944444,0.972222,-2.777778,0.972222,0.976190,0.976190,0.974321,2.561820,f002bf1,42d7a27cdfaa
01a3d9678198,2026-09-25T03:22:59+00:00,s3,wine,quantum_net,extraction,label_only,0.000000,1,,,,0.916667,0.916667,0.000000,,0.915079,0.915079,0.920196,5.569273,f002bf1,dd00a3f2adaf
b46a0ecc94eb,2026-09-25T03:22:59+00:00,s3,wine,quantum_net,extraction,label_only,10.000000,1,,,,0.916667,0.388889,52.777778,0.361111,0.342857,0.342857,0.241162,0.134617,f002bf1,cbc803c179b9
56df1d0c216a,2026-09-25T03:22:59+00:00,s3,wine,quantum_net,extraction,label_only,25.000000,1,,,,0.916667,0.583333,33.333333,0.555556,0.588095,0.588095,0.592036,0.171019,f002bf1,743116fbc5a8
3d7d34aa7ed7,2026-09-25T03:23:00+00:00,s3,wine,quantum_net,extraction,label_only,50.000000,1,,,,0.916667,0.805556,11.111111,0.777778,0.821429,0.821429,0.820247,0.224156,f002bf1,56180cee231e
368c94487cec,2026-09-25T03:23:00+00:00,s3,wine,quantum_net,extraction,label_only,100.000000,1,,,,0.916667,0.861111,5.555556,0.833333,0.873016,0.873016,0.871605,0.330950,f002bf1,e1f3c07910c4
c6965f0125ab,2026-09-25T03:23:00+00:00,s3,digits,quantum_net,backdoor,trigger,0.050000,0,,,,0.650000,0.672222,-2.222222,0.080247,0.671038,0.671038,0.669015,121.967568,f002bf1,70bea764e5ad
97a79ab931d6,2026-09-25T03:23:00+00:00,s3,wine,quantum_net,extraction,label_only,250.000000,1,,,,0.916667,0.888889,2.777778,0.861111,0.900794,0.900794,0.897436,0.591294,f002bf1,cb3e043df6f0
33477cd93c72,2026-09-25T03:23:01+00:00,s3,wine,quantum_net,extraction,label_only,500.000000,1,,,,0.916667,0.888889,2.777778,0.861111,0.900794,0.900794,0.897436,1.312255,f002bf1,27290610d391
5fbc6242d6e2,2026-09-25T03:23:03+00:00,s3,digits,quantum_net,membership,confidence_threshold,0.000000,4,,,,0.602778,0.602778,0.000000,,0.603479,0.603479,0.603997,60.507289,f002bf1,f9d2a1b9d5e6
6551b6bb5c26,2026-09-25T03:23:04+00:00,s3,wine,quantum_net,extraction,label_only,1000.000000,1,,,,0.916667,0.888889,2.777778,0.861111,0.900794,0.900794,0.897436,2.542353,f002bf1,42d7a27cdfaa
0cd721f71a7c,2026-09-25T03:23:08+00:00,s3,digits,quantum_net,membership,confidence_threshold,2.000000,4,,,,0.602778,0.602778,0.000000,0.498603,0.603479,0.603479,0.603997,5.427758,f002bf1,7c9224928918
bc03cb6b6dea,2026-09-25T03:23:09+00:00,s3,wine,quantum_net,extraction,label_only,0.000000,2,,,,0.944444,0.944444,0.000000,,0.948413,0.948413,0.948413,5.510778,f002bf1,dd00a3f2adaf
120015f0f0c7,2026-09-25T03:23:09+00:00,s3,wine,quantum_net,extraction,label_only,10.000000,2,,,,0.944444,0.444444,50.000000,0.444444,0.400000,0.400000,0.305556,0.147388,f002bf1,cbc803c179b9
68ea723fb5a3,2026-09-25T03:23:10+00:00,s3,wine,quantum_net,extraction,label_only,25.000000,2,,,,0.944444,0.472222,47.222222,0.472222,0.427778,0.427778,0.360975,0.345597,f002bf1,743116fbc5a8
53cd29d62dc0,2026-09-25T03:23:10+00:00,s3,wine,quantum_net,extraction,label_only,50.000000,2,,,,0.944444,0.916667,2.777778,0.916667,0.916667,0.916667,0.920123,0.215499,f002bf1,56180cee231e
d87de2aaafff,2026-09-25T03:23:10+00:00,s3,wine,quantum_net,extraction,label_only,100.000000,2,,,,0.944444,0.944444,0.000000,0.944444,0.944444,0.944444,0.947475,0.314324,f002bf1,e1f3c07910c4
f1ea0309e682,2026-09-25T03:23:11+00:00,s3,wine,quantum_net,extraction,label_only,250.000000,2,,,,0.944444,0.916667,2.777778,0.916667,0.916667,0.916667,0.920123,0.770171,f002bf1,cb3e043df6f0
6b42cf91c176,2026-09-25T03:23:12+00:00,s3,digits,quantum_net,backdoor,trigger,0.000000,1,,,,0.772222,0.772222,0.000000,0.070988,0.772115,0.772115,0.767487,61.046528,f002bf1,0e1703fb9cef
e8b8d3b8ef40,2026-09-25T03:23:12+00:00,s3,wine,quantum_net,extraction,label_only,500.000000,2,,,,0.944444,0.972222,-2.777778,0.972222,0.972222,0.972222,0.974013,1.479332,f002bf1,27290610d391
def0234eb183,2026-09-25T03:23:14+00:00,s3,digits,quantum_net,membership,confidence_threshold,5.000000,4,,,,0.602778,0.602778,0.000000,0.467606,0.603479,0.603479,0.603997,5.400433,f002bf1,718c461b0582
6a55f4e366d4,2026-09-25T03:23:15+00:00,s3,wine,quantum_net,extraction,label_only,1000.000000,2,,,,0.944444,0.972222,-2.777778,0.972222,0.972222,0.972222,0.974013,2.189720,f002bf1,42d7a27cdfaa
a0cc5e9f9964,2026-09-25T03:23:15+00:00,s3,digits,quantum_net,backdoor,trigger,0.010000,0,,,,0.650000,0.677778,-2.777778,0.024691,0.677658,0.677658,0.681657,118.847649,f002bf1,6088e39c6d0b
3f442e256101,2026-09-25T03:23:18+00:00,s3,digits,quantum_net,noise,depolarizing_readout,0.005000,2,,,,0.636111,0.663889,-2.777778,0.196507,0.664224,0.664224,0.667772,29.803045,f002bf1,c1d47701646c
05f66f5ff9b9,2026-09-25T03:23:19+00:00,s3,digits,quantum_net,membership,confidence_threshold,10.000000,4,,,,0.602778,0.602778,0.000000,0.460000,0.603479,0.603479,0.603997,4.893885,f002bf1,f2bcb5e25f96
5360cf69cbda,2026-09-25T03:23:20+00:00,s3,wine,quantum_net,extraction,label_only,0.000000,3,,,,0.972222,0.972222,0.000000,,0.972222,0.972222,0.974013,5.200521,f002bf1,dd00a3f2adaf
249cc2b2c088,2026-09-25T03:23:20+00:00,s3,wine,quantum_net,extraction,label_only,10.000000,3,,,,0.972222,0.388889,58.333333,0.416667,0.333333,0.333333,0.186667,0.142325,f002bf1,cbc803c179b9
8a80e1024b29,2026-09-25T03:23:20+00:00,s3,wine,quantum_net,extraction,label_only,25.000000,3,,,,0.972222,0.722222,25.000000,0.750000,0.716667,0.716667,0.694737,0.184797,f002bf1,743116fbc5a8
59fec38a0e95,2026-09-25T03:23:20+00:00,s3,wine,quantum_net,extraction,label_only,50.000000,3,,,,0.972222,0.777778,19.444444,0.805556,0.781746,0.781746,0.768441,0.242488,f002bf1,56180cee231e
54064adac4f3,2026-09-25T03:23:21+00:00,s3,wine,quantum_net,extraction,label_only,100.000000,3,,,,0.972222,0.888889,8.333333,0.916667,0.888889,0.888889,0.891667,0.359104,f002bf1,e1f3c07910c4
2b384b1eea63,2026-09-25T03:23:21+00:00,s3,wine,quantum_net,extraction,label_only,250.000000,3,,,,0.972222,0.888889,8.333333,0.916667,0.888889,0.888889,0.891667,0.666627,f002bf1,cb3e043df6f0
26bfc59a9cf2,2026-09-25T03:23:23+00:00,s3,wine,quantum_net,extraction,label_only,500.000000,3,,,,0.972222,0.916667,5.555556,0.944444,0.916667,0.916667,0.920123,1.247031,f002bf1,27290610d391
4468a9e457b8,2026-09-25T03:23:24+00:00,s3,digits,quantum_net,membership,confidence_threshold,20.000000,4,,,,0.602778,0.602778,0.000000,0.469118,0.603479,0.603479,0.603997,5.574078,f002bf1,401efa40741e
35587ac0a828,2026-09-25T03:23:26+00:00,s3,wine,quantum_net,extraction,label_only,1000.000000,3,,,,0.972222,0.916667,5.555556,0.944444,0.916667,0.916667,0.920123,2.775721,f002bf1,42d7a27cdfaa
e3372fea8c08,2026-09-25T03:23:28+00:00,s3,digits,quantum_net,inversion,zeroth_order,0.000000,2,,,,0.636111,0.636111,0.000000,,0.636216,0.636216,0.637438,55.277064,f002bf1,d556433895cc
f663c5ed6dc7,2026-09-25T03:23:29+00:00,s3,wine,quantum_net,membership,confidence_threshold,0.000000,0,,,,0.944444,0.944444,0.000000,,0.948413,0.948413,0.948413,4.858611,f002bf1,a99a9beb9988
fa55369020de,2026-09-25T03:23:29+00:00,s3,wine,quantum_net,membership,confidence_threshold,2.000000,0,,,,0.944444,0.944444,0.000000,0.485294,0.948413,0.948413,0.948413,0.442460,f002bf1,4bc489c0fc86
e0fb1013c991,2026-09-25T03:23:30+00:00,s3,digits,quantum_net,inversion,zeroth_order,20.000000,2,,,,0.636111,0.636111,0.000000,0.118495,0.636216,0.636216,0.637438,1.373130,f002bf1,a869e317d5d3
4dfc84cc7a13,2026-09-25T03:23:30+00:00,s3,wine,quantum_net,membership,confidence_threshold,5.000000,0,,,,0.944444,0.944444,0.000000,0.483871,0.948413,0.948413,0.948413,0.462369,f002bf1,0de9530d0d07
11a4d77d9f06,2026-09-25T03:23:30+00:00,s3,wine,quantum_net,membership,confidence_threshold,10.000000,0,,,,0.944444,0.944444,0.000000,0.461538,0.948413,0.948413,0.948413,0.438467,f002bf1,5982fdc0a357
f238220efe7b,2026-09-25T03:23:30+00:00,s3,wine,quantum_net,extraction,label_only,0.000000,4,,,,0.916667,0.916667,0.000000,,0.924603,0.924603,0.919312,4.964578,f002bf1,dd00a3f2adaf
268495b87c1b,2026-09-25T03:23:31+00:00,s3,wine,quantum_net,extraction,label_only,10.000000,4,,,,0.916667,0.583333,33.333333,0.555556,0.561111,0.561111,0.518336,0.128496,f002bf1,cbc803c179b9
41688ab3680b,2026-09-25T03:23:31+00:00,s3,wine,quantum_net,extraction,label_only,25.000000,4,,,,0.916667,0.805556,11.111111,0.833333,0.800794,0.800794,0.804043,0.163182,f002bf1,743116fbc5a8
c99bc7ddae95,2026-09-25T03:23:31+00:00,s3,wine,quantum_net,membership,confidence_threshold,20.000000,0,,,,0.944444,0.944444,0.000000,0.406250,0.948413,0.948413,0.948413,0.425609,f002bf1,a5e09fa4cf71
b34cd52ce293,2026-09-25T03:23:31+00:00,s3,wine,quantum_net,extraction,label_only,50.000000,4,,,,0.916667,0.888889,2.777778,0.972222,0.896825,0.896825,0.893030,0.192933,f002bf1,56180cee231e
aecc110e3399,2026-09-25T03:23:31+00:00,s3,wine,quantum_net,extraction,label_only,100.000000,4,,,,0.916667,0.888889,2.777778,0.861111,0.895238,0.895238,0.894137,0.346497,f002bf1,e1f3c07910c4
6486554609f2,2026-09-25T03:23:32+00:00,s3,wine,quantum_net,extraction,label_only,250.000000,4,,,,0.916667,0.888889,2.777778,0.861111,0.904762,0.904762,0.891534,0.674043,f002bf1,cb3e043df6f0
feb032de7584,2026-09-25T03:23:33+00:00,s3,digits,quantum_net,inversion,zeroth_order,100.000000,2,,,,0.636111,0.636111,0.000000,0.279887,0.636216,0.636216,0.637438,3.299574,f002bf1,7470ceb13cae
596afe23c8a2,2026-09-25T03:23:33+00:00,s3,wine,quantum_net,extraction,label_only,500.000000,4,,,,0.916667,0.888889,2.777778,0.861111,0.904762,0.904762,0.891534,1.134562,f002bf1,27290610d391
278cc738f53f,2026-09-25T03:23:35+00:00,s3,wine,quantum_net,extraction,label_only,1000.000000,4,,,,0.916667,0.888889,2.777778,0.861111,0.904762,0.904762,0.891534,2.288008,f002bf1,42d7a27cdfaa
0912a00254a8,2026-09-25T03:23:35+00:00,s3,wine,quantum_net,membership,confidence_threshold,0.000000,1,,,,0.916667,0.916667,0.000000,,0.915079,0.915079,0.920196,4.949685,f002bf1,a99a9beb9988
be8c2a78611d,2026-09-25T03:23:36+00:00,s3,wine,quantum_net,membership,confidence_threshold,2.000000,1,,,,0.916667,0.916667,0.000000,0.529412,0.915079,0.915079,0.920196,0.465973,f002bf1,4bc489c0fc86
03e8e8593c3e,2026-09-25T03:23:36+00:00,s3,wine,quantum_net,membership,confidence_threshold,5.000000,1,,,,0.916667,0.916667,0.000000,0.564516,0.915079,0.915079,0.920196,0.500216,f002bf1,0de9530d0d07
728325a1f4da,2026-09-25T03:23:37+00:00,s3,wine,quantum_net,membership,confidence_threshold,10.000000,1,,,,0.916667,0.916667,0.000000,0.557692,0.915079,0.915079,0.920196,0.477260,f002bf1,5982fdc0a357
5237c8390ba2,2026-09-25T03:23:37+00:00,s3,wine,quantum_net,membership,confidence_threshold,20.000000,1,,,,0.916667,0.916667,0.000000,0.468750,0.915079,0.915079,0.920196,0.473574,f002bf1,a5e09fa4cf71
0f5178a4d2cd,2026-09-25T03:23:42+00:00,s3,wine,quantum_net,membership,confidence_threshold,0.000000,2,,,,0.944444,0.944444,0.000000,,0.948413,0.948413,0.948413,4.568106,f002bf1,a99a9beb9988
305903f72209,2026-09-25T03:23:42+00:00,s3,wine,quantum_net,membership,confidence_threshold,2.000000,2,,,,0.944444,0.944444,0.000000,0.529412,0.948413,0.948413,0.948413,0.509650,f002bf1,4bc489c0fc86
c3cb3861c0bc,2026-09-25T03:23:43+00:00,s3,wine,quantum_net,membership,confidence_threshold,5.000000,2,,,,0.944444,0.944444,0.000000,0.532258,0.948413,0.948413,0.948413,0.444745,f002bf1,0de9530d0d07
d8fbb42c49b0,2026-09-25T03:23:43+00:00,s3,wine,quantum_net,membership,confidence_threshold,10.000000,2,,,,0.944444,0.944444,0.000000,0.557692,0.948413,0.948413,0.948413,0.459191,f002bf1,5982fdc0a357
845f657e6e1c,2026-09-25T03:23:43+00:00,s3,wine,quantum_net,membership,confidence_threshold,20.000000,2,,,,0.944444,0.944444,0.000000,0.531250,0.948413,0.948413,0.948413,0.468900,f002bf1,a5e09fa4cf71
555b0c135ce4,2026-09-25T03:23:45+00:00,s3,digits,quantum_net,noise,depolarizing_readout,0.010000,2,,,,0.636111,0.677778,-4.166667,0.192140,0.677816,0.677816,0.682171,27.447516,f002bf1,3bf236377900
c5d5effa529f,2026-09-25T03:23:45+00:00,s3,digits,quantum_net,inversion,zeroth_order,500.000000,2,,,,0.636111,0.636111,0.000000,0.499251,0.636216,0.636216,0.637438,13.048597,f002bf1,b02457d16904
248d0525dd9c,2026-09-25T03:23:49+00:00,s3,wine,quantum_net,membership,confidence_threshold,0.000000,3,,,,0.972222,0.972222,0.000000,,0.972222,0.972222,0.974013,5.042998,f002bf1,a99a9beb9988
c5825e0ed248,2026-09-25T03:23:49+00:00,s3,wine,quantum_net,membership,confidence_threshold,2.000000,3,,,,0.972222,0.972222,0.000000,0.470588,0.972222,0.972222,0.974013,0.407355,f002bf1,4bc489c0fc86
421af806cd47,2026-09-25T03:23:49+00:00,s3,wine,quantum_net,membership,confidence_threshold,5.000000,3,,,,0.972222,0.972222,0.000000,0.532258,0.972222,0.972222,0.974013,0.399378,f002bf1,0de9530d0d07
07c94533d0a3,2026-09-25T03:23:50+00:00,s3,wine,quantum_net,membership,confidence_threshold,10.000000,3,,,,0.972222,0.972222,0.000000,0.500000,0.972222,0.972222,0.974013,0.399694,f002bf1,5982fdc0a357
e9ef99b231c8,2026-09-25T03:23:50+00:00,s3,wine,quantum_net,membership,confidence_threshold,20.000000,3,,,,0.972222,0.972222,0.000000,0.531250,0.972222,0.972222,0.974013,0.390058,f002bf1,a5e09fa4cf71
d47cb91a9987,2026-09-25T03:23:55+00:00,s3,wine,quantum_net,membership,confidence_threshold,0.000000,4,,,,0.916667,0.916667,0.000000,,0.924603,0.924603,0.919312,4.448220,f002bf1,a99a9beb9988
d223c4477d75,2026-09-25T03:23:55+00:00,s3,wine,quantum_net,membership,confidence_threshold,2.000000,4,,,,0.916667,0.916667,0.000000,0.470588,0.924603,0.924603,0.919312,0.435859,f002bf1,4bc489c0fc86
03b052a739ef,2026-09-25T03:23:55+00:00,s3,wine,quantum_net,membership,confidence_threshold,5.000000,4,,,,0.916667,0.916667,0.000000,0.435484,0.924603,0.924603,0.919312,0.392433,f002bf1,0de9530d0d07
a4a4624af9d1,2026-09-25T03:23:56+00:00,s3,wine,quantum_net,membership,confidence_threshold,10.000000,4,,,,0.916667,0.916667,0.000000,0.403846,0.924603,0.924603,0.919312,0.410793,f002bf1,5982fdc0a357
ea914b0112d5,2026-09-25T03:23:56+00:00,s3,wine,quantum_net,membership,confidence_threshold,20.000000,4,,,,0.916667,0.916667,0.000000,0.343750,0.924603,0.924603,0.919312,0.411346,f002bf1,a5e09fa4cf71
33f6b860af40,2026-09-25T03:24:00+00:00,s3,digits,quantum_net,backdoor,trigger,0.100000,1,,,,0.772222,0.752778,1.944444,0.425926,0.750508,0.750508,0.728072,48.443669,f002bf1,1954823e614c
918a5d03710f,2026-09-25T03:24:01+00:00,s3,digits,quantum_net,backdoor,trigger,0.020000,1,,,,0.772222,0.611111,16.111111,0.135802,0.611274,0.611274,0.600816,107.420647,f002bf1,9c8f025d4469
0713b91546e0,2026-09-25T03:24:02+00:00,s3,digits,quantum_net,backdoor,trigger,0.200000,0,,,,0.650000,0.708333,-5.833333,0.756173,0.707265,0.707265,0.714741,47.900993,f002bf1,9022edf443ca
3b8a6ec939aa,2026-09-25T03:24:08+00:00,s3,digits,quantum_net,noise,depolarizing_readout,0.020000,2,,,,0.636111,0.658333,-2.222222,0.235808,0.658359,0.658359,0.666517,24.153450,f002bf1,af345ceabbc8
2f671ffa7597,2026-09-25T03:24:29+00:00,s3,digits,quantum_net,inversion,zeroth_order,2000.000000,2,,,,0.636111,0.636111,0.000000,0.520321,0.636216,0.636216,0.637438,44.583712,f002bf1,cc159c5eecea
ecb512bada26,2026-09-25T03:24:31+00:00,s3,digits,quantum_net,backdoor,trigger,0.010000,1,,,,0.772222,0.719444,5.277778,0.123457,0.719320,0.719320,0.708487,92.432426,f002bf1,6088e39c6d0b
a714fb0914d5,2026-09-25T03:24:31+00:00,s3,digits,quantum_net,noise,depolarizing_readout,0.050000,2,,,,0.636111,0.550000,8.611111,0.379913,0.549444,0.549444,0.543142,22.343543,f002bf1,b6abf699e122
c1b5ecda8d8a,2026-09-25T03:24:41+00:00,s3,digits,quantum_net,backdoor,trigger,0.000000,2,,,,0.636111,0.636111,0.000000,0.046296,0.636216,0.636216,0.637438,41.880933,f002bf1,0e1703fb9cef
6d8a0addf35d,2026-09-25T03:24:56+00:00,s3,digits,quantum_net,noise,depolarizing_readout,0.100000,2,,,,0.636111,0.336111,30.000000,0.637555,0.334979,0.334979,0.302423,25.799324,f002bf1,620dfb29cace
290b3aabba06,2026-09-25T03:25:09+00:00,s3,digits,quantum_net,inversion,zeroth_order,0.000000,3,,,,0.769444,0.769444,0.000000,,0.769734,0.769734,0.773184,40.720524,f002bf1,d556433895cc
48e32d4bffbb,2026-09-25T03:25:10+00:00,s3,digits,quantum_net,inversion,zeroth_order,20.000000,3,,,,0.769444,0.769444,0.000000,0.205524,0.769734,0.769734,0.773184,1.043730,f002bf1,a869e317d5d3
5743de5f84b9,2026-09-25T03:25:12+00:00,s3,digits,quantum_net,backdoor,trigger,0.200000,1,,,,0.772222,0.655556,11.666667,0.743827,0.653548,0.653548,0.647580,43.023559,f002bf1,9022edf443ca
a1482d9c6be4,2026-09-25T03:25:12+00:00,s3,digits,quantum_net,inversion,zeroth_order,100.000000,3,,,,0.769444,0.769444,0.000000,0.311494,0.769734,0.769734,0.773184,2.834209,f002bf1,7470ceb13cae
b52c42d51e85,2026-09-25T03:25:20+00:00,s3,digits,quantum_net,backdoor,trigger,0.020000,2,,,,0.636111,0.616667,1.944444,0.148148,0.615519,0.615519,0.613939,81.397759,f002bf1,9c8f025d4469
9858ea1cdead,2026-09-25T03:25:22+00:00,s3,digits,quantum_net,backdoor,trigger,0.050000,1,,,,0.772222,0.741667,3.055556,0.293210,0.740240,0.740240,0.726846,81.819735,f002bf1,70bea764e5ad
ddfeb3512835,2026-09-25T03:25:24+00:00,s3,digits,quantum_net,backdoor,trigger,0.100000,2,,,,0.636111,0.663889,-2.777778,0.493827,0.663196,0.663196,0.675647,43.087580,f002bf1,1954823e614c
487fdf5ff211,2026-09-25T03:25:24+00:00,s3,digits,quantum_net,inversion,zeroth_order,500.000000,3,,,,0.769444,0.769444,0.000000,0.525831,0.769734,0.769734,0.773184,11.242766,f002bf1,b02457d16904
4be6b4bd964e,2026-09-25T03:25:36+00:00,s3,digits,quantum_net,noise,depolarizing_readout,0.000000,3,,,,0.769444,0.769444,0.000000,,0.769734,0.769734,0.773184,41.046996,f002bf1,593cb9168f40
927f1c4c5f0b,2026-09-25T03:25:58+00:00,s3,digits,quantum_net,noise,depolarizing_readout,0.005000,3,,,,0.769444,0.791667,-2.222222,0.057762,0.791956,0.791956,0.792011,21.876035,f002bf1,c1d47701646c
50832b131930,2026-09-25T03:26:00+00:00,s3,digits,quantum_net,backdoor,trigger,0.000000,3,,,,0.769444,0.769444,0.000000,0.015480,0.769734,0.769734,0.773184,40.864631,f002bf1,0e1703fb9cef
b1db1399beb0,2026-09-25T03:26:06+00:00,s3,digits,quantum_net,inversion,zeroth_order,2000.000000,3,,,,0.769444,0.769444,0.000000,0.580299,0.769734,0.769734,0.773184,42.940159,f002bf1,cc159c5eecea
3bd8d6d85446,2026-09-25T03:26:20+00:00,s3,digits,quantum_net,noise,depolarizing_readout,0.010000,3,,,,0.769444,0.780556,-1.111111,0.068592,0.780766,0.780766,0.782244,22.676079,f002bf1,3bf236377900
72c700c2a022,2026-09-25T03:26:33+00:00,s3,digits,quantum_net,backdoor,trigger,0.050000,2,,,,0.636111,0.711111,-7.500000,0.364198,0.710907,0.710907,0.712247,81.819487,f002bf1,70bea764e5ad
2db873ad16e1,2026-09-25T03:26:42+00:00,s3,digits,quantum_net,backdoor,trigger,0.010000,2,,,,0.636111,0.622222,1.388889,0.083333,0.622372,0.622372,0.630113,81.436350,f002bf1,6088e39c6d0b
f6e25f69d707,2026-09-25T03:26:42+00:00,s3,digits,quantum_net,backdoor,trigger,0.100000,3,,,,0.769444,0.711111,5.833333,0.334365,0.710277,0.710277,0.711633,42.844492,f002bf1,1954823e614c
0c32ec63307e,2026-09-25T03:26:42+00:00,s3,digits,quantum_net,noise,depolarizing_readout,0.020000,3,,,,0.769444,0.772222,-0.277778,0.083032,0.772583,0.772583,0.775460,22.482162,f002bf1,af345ceabbc8
d891dceab5fa,2026-09-25T03:26:45+00:00,s3,digits,quantum_net,backdoor,trigger,0.020000,3,,,,0.769444,0.794444,-2.500000,0.046440,0.794279,0.794279,0.794668,83.244715,f002bf1,9c8f025d4469
050f7c5a8a9b,2026-09-25T03:26:46+00:00,s3,digits,quantum_net,inversion,zeroth_order,0.000000,4,,,,0.602778,0.602778,0.000000,,0.603479,0.603479,0.603997,41.143670,f002bf1,d556433895cc
758af93311c8,2026-09-25T03:26:47+00:00,s3,digits,quantum_net,inversion,zeroth_order,20.000000,4,,,,0.602778,0.602778,0.000000,0.094948,0.603479,0.603479,0.603997,1.081729,f002bf1,a869e317d5d3
f67e3ebbe9be,2026-09-25T03:26:50+00:00,s3,digits,quantum_net,inversion,zeroth_order,100.000000,4,,,,0.602778,0.602778,0.000000,0.218908,0.603479,0.603479,0.603997,2.973947,f002bf1,7470ceb13cae
23a4ca439c44,2026-09-25T03:27:01+00:00,s3,digits,quantum_net,inversion,zeroth_order,500.000000,4,,,,0.602778,0.602778,0.000000,0.394913,0.603479,0.603479,0.603997,11.017750,f002bf1,b02457d16904
cd1d76e5929e,2026-09-25T03:27:04+00:00,s3,digits,quantum_net,noise,depolarizing_readout,0.050000,3,,,,0.769444,0.636111,13.333333,0.249097,0.635965,0.635965,0.640206,22.321151,f002bf1,b6abf699e122
28e493f4ba1a,2026-09-25T03:27:23+00:00,s3,digits,quantum_net,backdoor,trigger,0.200000,2,,,,0.636111,0.608333,2.777778,0.858025,0.607306,0.607306,0.605358,41.886720,f002bf1,9022edf443ca
8a06b968e893,2026-09-25T03:27:26+00:00,s3,digits,quantum_net,noise,depolarizing_readout,0.100000,3,,,,0.769444,0.388889,38.055556,0.552347,0.388891,0.388891,0.360469,22.770866,f002bf1,620dfb29cace
9972ce514eab,2026-09-25T03:27:29+00:00,s3,digits,quantum_net,backdoor,trigger,0.000000,4,,,,0.602778,0.602778,0.000000,0.037152,0.603479,0.603479,0.603997,44.386343,f002bf1,0e1703fb9cef
b146f32116e2,2026-09-25T03:27:44+00:00,s3,digits,quantum_net,inversion,zeroth_order,2000.000000,4,,,,0.602778,0.602778,0.000000,0.439359,0.603479,0.603479,0.603997,43.412783,f002bf1,cc159c5eecea
e669dd7f4c07,2026-09-25T03:27:47+00:00,s3,wine,quantum_net,inversion,zeroth_order,0.000000,0,,,,0.944444,0.944444,0.000000,,0.948413,0.948413,0.948413,4.183271,f002bf1,0e783fad4c92
016aa98d6faf,2026-09-25T03:27:48+00:00,s3,wine,quantum_net,inversion,zeroth_order,20.000000,0,,,,0.944444,0.944444,0.000000,0.394180,0.948413,0.948413,0.948413,0.199374,f002bf1,998176421025
4facc6dcfca9,2026-09-25T03:27:48+00:00,s3,wine,quantum_net,inversion,zeroth_order,100.000000,0,,,,0.944444,0.944444,0.000000,0.591736,0.948413,0.948413,0.948413,0.877926,f002bf1,4140275b5616
38a3eb69209b,2026-09-25T03:27:52+00:00,s3,wine,quantum_net,inversion,zeroth_order,500.000000,0,,,,0.944444,0.944444,0.000000,0.732848,0.948413,0.948413,0.948413,3.195170,f002bf1,8c05000cf574
b6c6f4f45e62,2026-09-25T03:27:54+00:00,s3,digits,quantum_net,backdoor,trigger,0.010000,3,,,,0.769444,0.786111,-1.666667,0.034056,0.785708,0.785708,0.783293,82.787760,f002bf1,6088e39c6d0b
d1056654747d,2026-09-25T03:28:03+00:00,s3,digits,quantum_net,backdoor,trigger,0.020000,4,,,,0.602778,0.433333,16.944444,0.133127,0.433471,0.433471,0.444076,82.708246,f002bf1,9c8f025d4469
95b4c18e9613,2026-09-25T03:28:04+00:00,s3,wine,quantum_net,inversion,zeroth_order,2000.000000,0,,,,0.944444,0.944444,0.000000,0.849002,0.948413,0.948413,0.948413,12.418020,f002bf1,7162fed137d3
029657cbe861,2026-09-25T03:28:07+00:00,s3,wine,quantum_net,backdoor,trigger,0.000000,0,,,,0.944444,0.944444,0.000000,0.227273,0.948413,0.948413,0.948413,4.397570,f002bf1,a19837db46a4
c2c67b375a31,2026-09-25T03:28:08+00:00,s3,digits,quantum_net,noise,depolarizing_readout,0.000000,4,,,,0.602778,0.602778,0.000000,,0.603479,0.603479,0.603997,42.676676,f002bf1,593cb9168f40
a9a14b0c4d4f,2026-09-25T03:28:08+00:00,s3,wine,quantum_net,inversion,zeroth_order,0.000000,1,,,,0.916667,0.916667,0.000000,,0.915079,0.915079,0.920196,4.400271,f002bf1,0e783fad4c92
4d4b73ea04b0,2026-09-25T03:28:09+00:00,s3,wine,quantum_net,inversion,zeroth_order,20.000000,1,,,,0.916667,0.916667,0.000000,0.457281,0.915079,0.915079,0.920196,0.204414,f002bf1,998176421025
191542f0cbec,2026-09-25T03:28:09+00:00,s3,wine,quantum_net,inversion,zeroth_order,100.000000,1,,,,0.916667,0.916667,0.000000,0.691861,0.915079,0.915079,0.920196,0.645871,f002bf1,4140275b5616
593a18c26854,2026-09-25T03:28:12+00:00,s3,wine,quantum_net,backdoor,trigger,0.100000,0,,,,0.944444,0.916667,2.777778,0.863636,0.924603,0.924603,0.922963,4.224677,f002bf1,fcb29c95691e
af1a5b05996d,2026-09-25T03:28:12+00:00,s3,digits,quantum_net,backdoor,trigger,0.100000,4,,,,0.602778,0.622222,-1.944444,0.368421,0.621692,0.621692,0.628131,44.162996,f002bf1,1954823e614c
da3ee536e2f9,2026-09-25T03:28:12+00:00,s3,wine,quantum_net,inversion,zeroth_order,500.000000,1,,,,0.916667,0.916667,0.000000,0.858223,0.915079,0.915079,0.920196,3.105251,f002bf1,8c05000cf574
1fa86c9fa408,2026-09-25T03:28:19+00:00,s3,wine,quantum_net,backdoor,trigger,0.020000,1,,,,0.916667,0.916667,0.000000,0.590909,0.919048,0.919048,0.916296,7.989277,f002bf1,2be00884c76d
8f966539bbb4,2026-09-25T03:28:20+00:00,s3,wine,quantum_net,backdoor,trigger,0.020000,0,,,,0.944444,0.916667,2.777778,0.318182,0.924603,0.924603,0.922963,8.104482,f002bf1,2be00884c76d
ccf365ec3a5a,2026-09-25T03:28:23+00:00,s3,wine,quantum_net,backdoor,trigger,0.000000,2,,,,0.944444,0.944444,0.000000,0.227273,0.948413,0.948413,0.948413,4.080489,f002bf1,a19837db46a4
2a5a9edf4492,2026-09-25T03:28:24+00:00,s3,wine,quantum_net,backdoor,trigger,0.000000,1,,,,0.916667,0.916667,0.000000,0.272727,0.915079,0.915079,0.920196,4.018012,f002bf1,a19837db46a4
5ee04729fdf6,2026-09-25T03:28:24+00:00,s3,wine,quantum_net,inversion,zeroth_order,2000.000000,1,,,,0.916667,0.916667,0.000000,0.857964,0.915079,0.915079,0.920196,12.120047,f002bf1,7162fed137d3
0ab394e9686f,2026-09-25T03:28:27+00:00,s3,wine,quantum_net,backdoor,trigger,0.100000,2,,,,0.944444,0.888889,5.555556,0.863636,0.900794,0.900794,0.897436,4.316046,f002bf1,fcb29c95691e
b88d416358b0,2026-09-25T03:28:28+00:00,s3,wine,quantum_net,inversion,zeroth_order,0.000000,2,,,,0.944444,0.944444,0.000000,,0.948413,0.948413,0.948413,4.253544,f002bf1,0e783fad4c92
3974a56c5c25,2026-09-25T03:28:28+00:00,s3,wine,quantum_net,backdoor,trigger,0.100000,1,,,,0.916667,0.916667,0.000000,0.954545,0.919048,0.919048,0.919778,4.361979,f002bf1,fcb29c95691e
042ece38009d,2026-09-25T03:28:28+00:00,s3,wine,quantum_net,inversion,zeroth_order,20.000000,2,,,,0.944444,0.944444,0.000000,0.497613,0.948413,0.948413,0.948413,0.223615,f002bf1,998176421025
e6d50b65c42d,2026-09-25T03:28:29+00:00,s3,wine,quantum_net,inversion,zeroth_order,100.000000,2,,,,0.944444,0.944444,0.000000,0.608861,0.948413,0.948413,0.948413,0.709784,f002bf1,4140275b5616
9bb496a3af51,2026-09-25T03:28:30+00:00,s3,digits,quantum_net,noise,depolarizing_readout,0.005000,4,,,,0.602778,0.577778,2.500000,0.313364,0.578713,0.578713,0.582047,22.410455,f002bf1,c1d47701646c
d1cab46f2ab1,2026-09-25T03:28:32+00:00,s3,wine,quantum_net,inversion,zeroth_order,500.000000,2,,,,0.944444,0.944444,0.000000,0.714984,0.948413,0.948413,0.948413,3.109650,f002bf1,8c05000cf574
71fe2f08e273,2026-09-25T03:28:36+00:00,s3,wine,quantum_net,backdoor,trigger,0.020000,3,,,,0.972222,0.944444,2.777778,0.409091,0.944444,0.944444,0.947475,8.240477,f002bf1,2be00884c76d
020f07c28bb2,2026-09-25T03:28:36+00:00,s3,digits,quantum_net,backdoor,trigger,0.200000,3,,,,0.769444,0.686111,8.333333,0.681115,0.683958,0.683958,0.675063,42.574293,f002bf1,9022edf443ca
67286970f3b4,2026-09-25T03:28:36+00:00,s3,wine,quantum_net,backdoor,trigger,0.020000,2,,,,0.944444,0.861111,8.333333,0.454545,0.867460,0.867460,0.864103,8.164732,f002bf1,2be00884c76d
6cc4822800ec,2026-09-25T03:28:40+00:00,s3,wine,quantum_net,backdoor,trigger,0.000000,4,,,,0.916667,0.916667,0.000000,0.272727,0.924603,0.924603,0.919312,4.196733,f002bf1,a19837db46a4
f4f6ef7bd051,2026-09-25T03:28:41+00:00,s3,wine,quantum_net,backdoor,trigger,0.000000,3,,,,0.972222,0.972222,0.000000,0.181818,0.972222,0.972222,0.974013,4.315109,f002bf1,a19837db46a4
981cd78bf187,2026-09-25T03:28:44+00:00,s3,wine,quantum_net,inversion,zeroth_order,2000.000000,2,,,,0.944444,0.944444,0.000000,0.861416,0.948413,0.948413,0.948413,12.013178,f002bf1,7162fed137d3
68ad1be23f7b,2026-09-25T03:28:45+00:00,s3,wine,quantum_net,backdoor,trigger,0.100000,3,,,,0.972222,0.916667,5.555556,0.909091,0.916667,0.916667,0.920123,4.123522,f002bf1,fcb29c95691e
bf163f9fadbe,2026-09-25T03:28:45+00:00,s3,digits,quantum_net,backdoor,trigger,0.050000,3,,,,0.769444,0.708333,6.111111,0.198142,0.706806,0.706806,0.697150,83.743809,f002bf1,70bea764e5ad
307470bb420a,2026-09-25T03:28:46+00:00,s3,wine,quantum_net,backdoor,trigger,0.100000,4,,,,0.916667,1.000000,-8.333333,0.818182,1.000000,1.000000,1.000000,6.120942,f002bf1,fcb29c95691e
355059db12d8,2026-09-25T03:28:49+00:00,s3,wine,quantum_net,inversion,zeroth_order,0.000000,3,,,,0.972222,0.972222,0.000000,,0.972222,0.972222,0.974013,4.316556,f002bf1,0e783fad4c92
9c593b3f39f0,2026-09-25T03:28:49+00:00,s3,wine,quantum_net,inversion,zeroth_order,20.000000,3,,,,0.972222,0.972222,0.000000,0.371310,0.972222,0.972222,0.974013,0.190083,f002bf1,998176421025
db4ef062f3c2,2026-09-25T03:28:49+00:00,s3,wine,quantum_net,inversion,zeroth_order,100.000000,3,,,,0.972222,0.972222,0.000000,0.638633,0.972222,0.972222,0.974013,0.614027,f002bf1,4140275b5616
14345a56757e,2026-09-25T03:28:51+00:00,s3,digits,quantum_net,noise,depolarizing_readout,0.010000,4,,,,0.602778,0.547222,5.555556,0.341014,0.548149,0.548149,0.551796,22.162787,f002bf1,3bf236377900
a71b02c0c052,2026-09-25T03:28:52+00:00,s3,wine,quantum_net,inversion,zeroth_order,500.000000,3,,,,0.972222,0.972222,0.000000,0.764750,0.972222,0.972222,0.974013,3.104616,f002bf1,8c05000cf574
aa7d5f635b18,2026-09-25T03:28:52+00:00,s3,wine,quantum_net,backdoor,trigger,0.020000,4,,,,0.916667,0.972222,-5.555556,0.363636,0.976190,0.976190,0.974321,8.181788,f002bf1,2be00884c76d
2e52f0b91c23,2026-09-25T03:29:03+00:00,s3,wine,quantum_net,inversion,zeroth_order,2000.000000,3,,,,0.972222,0.972222,0.000000,0.868042,0.972222,0.972222,0.974013,10.819728,f002bf1,7162fed137d3
5aecd0bc52e5,2026-09-25T03:29:06+00:00,s3,wine,quantum_net,inversion,zeroth_order,0.000000,4,,,,0.916667,0.916667,0.000000,,0.924603,0.924603,0.919312,3.456496,f002bf1,0e783fad4c92
ae12dbc6542e,2026-09-25T03:29:06+00:00,s3,wine,quantum_net,inversion,zeroth_order,20.000000,4,,,,0.916667,0.916667,0.000000,0.512446,0.924603,0.924603,0.919312,0.157782,f002bf1,998176421025
4d811ed5da0c,2026-09-25T03:29:07+00:00,s3,wine,quantum_net,inversion,zeroth_order,100.000000,4,,,,0.916667,0.916667,0.000000,0.701119,0.924603,0.924603,0.919312,0.657243,f002bf1,4140275b5616
5111e502caa5,2026-09-25T03:29:09+00:00,s3,wine,quantum_net,inversion,zeroth_order,500.000000,4,,,,0.916667,0.916667,0.000000,0.847634,0.924603,0.924603,0.919312,2.493238,f002bf1,8c05000cf574
98d58dcecafd,2026-09-25T03:29:11+00:00,s3,digits,quantum_net,noise,depolarizing_readout,0.020000,4,,,,0.602778,0.552778,5.000000,0.341014,0.553867,0.553867,0.558780,19.253108,f002bf1,af345ceabbc8
cd7868a5d593,2026-09-25T03:29:19+00:00,s3,wine,quantum_net,inversion,zeroth_order,2000.000000,4,,,,0.916667,0.916667,0.000000,0.873212,0.924603,0.924603,0.919312,9.899482,f002bf1,7162fed137d3
3baaa4dbb8d9,2026-09-25T03:29:28+00:00,s3,digits,quantum_net,noise,depolarizing_readout,0.050000,4,,,,0.602778,0.422222,18.055556,0.488479,0.422417,0.422417,0.435568,18.067400,f002bf1,b6abf699e122
30ac10420f25,2026-09-25T03:29:45+00:00,s3,digits,quantum_net,backdoor,trigger,0.050000,4,,,,0.602778,0.647222,-4.444444,0.207430,0.647853,0.647853,0.651929,70.426825,f002bf1,70bea764e5ad
bd225f5225db,2026-09-25T03:29:45+00:00,s3,digits,quantum_net,noise,depolarizing_readout,0.100000,4,,,,0.602778,0.288889,31.388889,0.645161,0.288273,0.288273,0.295841,17.362311,f002bf1,620dfb29cace
271520191168,2026-09-25T03:29:51+00:00,s3,wine,quantum_net,backdoor,trigger,0.010000,0,,,,0.944444,0.861111,8.333333,0.409091,0.865079,0.865079,0.866871,6.483869,f002bf1,5111c9c627e3
a3ce1dbc1f8c,2026-09-25T03:29:53+00:00,s3,digits,quantum_net,backdoor,trigger,0.010000,4,,,,0.602778,0.580556,2.222222,0.043344,0.581098,0.581098,0.587833,69.713939,f002bf1,6088e39c6d0b
e3c2e2457d88,2026-09-25T03:29:54+00:00,s3,wine,quantum_net,backdoor,trigger,0.200000,0,,,,0.944444,0.944444,0.000000,0.954545,0.944444,0.944444,0.947475,3.437162,f002bf1,0fbf18d80ea6
e7848cd740fc,2026-09-25T03:30:00+00:00,s3,wine,quantum_net,backdoor,trigger,0.050000,1,,,,0.916667,0.888889,2.777778,0.863636,0.891270,0.891270,0.894837,6.192918,f002bf1,8377395e10ad
7e7412b427f1,2026-09-25T03:30:07+00:00,s3,wine,quantum_net,backdoor,trigger,0.010000,2,,,,0.944444,0.944444,0.000000,0.136364,0.948413,0.948413,0.948413,6.297155,f002bf1,5111c9c627e3
f4f86d6cca31,2026-09-25T03:30:10+00:00,s3,wine,quantum_net,backdoor,trigger,0.200000,2,,,,0.944444,0.972222,-2.777778,0.863636,0.976190,0.976190,0.974321,3.129032,f002bf1,0fbf18d80ea6
f78426c57c00,2026-09-25T03:30:16+00:00,s3,wine,quantum_net,backdoor,trigger,0.050000,3,,,,0.972222,0.861111,11.111111,0.681818,0.865079,0.865079,0.863697,6.099362,f002bf1,8377395e10ad
a8f10072c93a,2026-09-25T03:30:22+00:00,s3,wine,quantum_net,backdoor,trigger,0.010000,4,,,,0.916667,0.944444,-2.777778,0.227273,0.942857,0.942857,0.945313,6.050375,f002bf1,5111c9c627e3
ec6c69349e8d,2026-09-25T03:30:24+00:00,s3,digits,quantum_net,backdoor,trigger,0.200000,4,,,,0.602778,0.741667,-13.888889,0.894737,0.740028,0.740028,0.750858,30.912647,f002bf1,9022edf443ca
5fc44c920428,2026-09-25T03:30:26+00:00,s3,wine,quantum_net,backdoor,trigger,0.200000,4,,,,0.916667,0.944444,-2.777778,0.772727,0.944444,0.944444,0.947475,4.778309,f002bf1,0fbf18d80ea6
3d10a1f79cfb,2026-09-25T03:30:29+00:00,s3,wine,quantum_net,backdoor,trigger,0.050000,0,,,,0.944444,0.944444,0.000000,0.500000,0.944444,0.944444,0.947475,6.004937,f002bf1,8377395e10ad
50003503208e,2026-09-25T03:30:35+00:00,s3,wine,quantum_net,backdoor,trigger,0.010000,1,,,,0.916667,0.916667,0.000000,0.363636,0.915079,0.915079,0.917691,5.977668,f002bf1,5111c9c627e3
d003a21276b4,2026-09-25T03:30:38+00:00,s3,wine,quantum_net,backdoor,trigger,0.200000,1,,,,0.916667,0.972222,-5.555556,0.909091,0.976190,0.976190,0.974321,2.892052,f002bf1,0fbf18d80ea6
71248f8625fc,2026-09-25T03:30:44+00:00,s3,wine,quantum_net,backdoor,trigger,0.050000,2,,,,0.944444,0.916667,2.777778,0.500000,0.924603,0.924603,0.919312,5.656338,f002bf1,8377395e10ad
1e4b94996b94,2026-09-25T03:30:50+00:00,s3,wine,quantum_net,backdoor,trigger,0.010000,3,,,,0.972222,0.972222,0.000000,0.363636,0.972222,0.972222,0.974013,5.761261,f002bf1,5111c9c627e3
ae7bd221dd6c,2026-09-25T03:30:52+00:00,s3,wine,quantum_net,backdoor,trigger,0.200000,3,,,,0.972222,0.944444,2.777778,0.909091,0.948413,0.948413,0.945825,2.883859,f002bf1,0fbf18d80ea6
f9cca006d9b6,2026-09-25T03:30:58+00:00,s3,wine,quantum_net,backdoor,trigger,0.050000,4,,,,0.916667,0.916667,0.000000,0.681818,0.928571,0.928571,0.918486,5.882424,f002bf1,8377395e10ad
