scenario,dataset,model,attack,attack_mode,partition,intensity,clean_accuracy_mean,clean_accuracy_std,clean_accuracy_min,clean_accuracy_max,attacked_accuracy_mean,attacked_accuracy_std,attacked_accuracy_min,attacked_accuracy_max,accuracy_drop_pp_mean,accuracy_drop_pp_std,accuracy_drop_pp_min,accuracy_drop_pp_max,attack_success_rate_mean,attack_success_rate_std,attack_success_rate_min,attack_success_rate_max,balanced_accuracy_mean,balanced_accuracy_std,balanced_accuracy_min,balanced_accuracy_max,positive_recall_mean,positive_recall_std,positive_recall_min,positive_recall_max,f1_mean,f1_std,f1_min,f1_max,n,seeds
s1,breast_cancer,logistic_regression,backdoor,trigger,-,0.000000,0.970175,0.020195,0.938596,0.991228,0.970175,0.020195,0.938596,0.991228,0.000000,0.000000,0.000000,0.000000,0.009524,0.021296,0.000000,0.047619,0.963492,0.028037,0.916667,0.988095,0.938095,0.059761,0.833333,0.976190,0.957894,0.030356,0.909091,0.987952,5,"0,1,2,3,4"
s1,breast_cancer,logistic_regression,backdoor,trigger,-,0.010000,0.970175,0.020195,0.938596,0.991228,0.961403,0.030132,0.921053,0.991228,0.877193,1.754386,-0.877193,3.508772,0.542857,0.129756,0.380952,0.738095,0.951587,0.036716,0.897817,0.988095,0.914286,0.064330,0.809524,0.976190,0.945061,0.044144,0.883117,0.987952,5,"0,1,2,3,4"
s1,breast_cancer,logistic_regression,backdoor,trigger,-,0.020000,0.970175,0.020195,0.938596,0.991228,0.964912,0.024023,0.938596,1.000000,0.526316,1.593500,-0.877193,2.631579,0.742857,0.107010,0.642857,0.880952,0.956349,0.031214,0.916667,1.000000,0.923809,0.061630,0.833333,1.000000,0.950253,0.034942,0.909091,1.000000,5,"0,1,2,3,4"
s1,breast_cancer,logistic_regression,backdoor,trigger,-,0.050000,0.970175,0.020195,0.938596,0.991228,0.952632,0.029487,0.912281,0.973684,1.754386,1.961463,-0.877193,4.385965,0.838095,0.063888,0.785714,0.928571,0.942659,0.035683,0.890873,0.969246,0.904762,0.060703,0.809524,0.952381,0.932981,0.043249,0.871795,0.963855,5,"0,1,2,3,4"
s1,breast_cancer,logistic_regression,backdoor,trigger,-,0.100000,0.970175,0.020195,0.938596,0.991228,0.954386,0.028694,0.912281,0.982456,1.578947,1.687314,-0.877193,3.508772,0.885714,0.070228,0.809524,0.952381,0.941071,0.039043,0.880952,0.981151,0.890476,0.080037,0.761905,0.976190,0.933520,0.044917,0.864865,0.976190,5,"0,1,2,3,4"
s1,breast_cancer,logistic_regression,backdoor,trigger,-,0.200000,0.970175,0.020195,0.938596,0.991228,0.905263,0.022706,0.877193,0.929825,6.491228,2.287439,4.385965,9.649123,0.938095,0.062088,0.833333,1.000000,0.874405,0.030364,0.838294,0.904762,0.757143,0.061630,0.690476,0.809524,0.853798,0.039922,0.805556,0.894737,5,"0,1,2,3,4"
s1,breast_cancer,logistic_regression,evasion,fgsm,-,0.000000,0.970175,0.020195,0.938596,0.991228,0.970175,0.020195,0.938596,0.991228,0.000000,0.000000,0.000000,0.000000,,,,,0.963492,0.028037,0.916667,0.988095,0.938095,0.059761,0.833333,0.976190,0.957894,0.030356,0.909091,0.987952,5,"0,1,2,3,4"
s1,breast_cancer,logistic_regression,evasion,fgsm,-,0.100000,0.970175,0.020195,0.938596,0.991228,0.898246,0.035955,0.859649,0.929825,7.192983,2.587348,5.263158,11.403509,0.074258,0.026936,0.053571,0.117117,0.889682,0.041951,0.829365,0.929563,0.857143,0.082478,0.714286,0.928571,0.860413,0.052075,0.789474,0.906977,5,"0,1,2,3,4"
s1,breast_cancer,logistic_regression,evasion,fgsm,-,0.250000,0.970175,0.020195,0.938596,0.991228,0.742105,0.030765,0.692982,0.771930,22.807018,3.922926,17.543860,28.070175,0.234728,0.037900,0.186916,0.288288,0.748214,0.022441,0.717262,0.779762,0.771429,0.059761,0.666667,0.809524,0.688107,0.023712,0.660194,0.723404,5,"0,1,2,3,4"
s1,breast_cancer,logistic_regression,evasion,fgsm,-,0.500000,0.970175,0.020195,0.938596,0.991228,0.338596,0.041424,0.289474,0.385965,63.157895,5.752139,55.263158,69.298246,0.650361,0.048430,0.588785,0.705357,0.372222,0.038329,0.328373,0.422619,0.500000,0.055838,0.452381,0.595238,0.357516,0.032501,0.330579,0.413223,5,"0,1,2,3,4"
s1,breast_cancer,logistic_regression,evasion,fgsm,-,1.000000,0.970175,0.020195,0.938596,0.991228,0.061404,0.020572,0.043860,0.087719,90.877193,3.431159,85.087719,93.859649,0.936533,0.021992,0.906542,0.955357,0.083334,0.027919,0.059524,0.119048,0.166667,0.055838,0.119048,0.238095,0.115140,0.036289,0.084034,0.161290,5,"0,1,2,3,4"
s1,breast_cancer,logistic_regression,extraction,label_only,-,0.000000,0.970175,0.020195,0.938596,0.991228,0.970175,0.020195,0.938596,0.991228,0.000000,0.000000,0.000000,0.000000,,,,,0.963492,0.028037,0.916667,0.988095,0.938095,0.059761,0.833333,0.976190,0.957894,0.030356,0.909091,0.987952,5,"0,1,2,3,4"
s1,breast_cancer,logistic_regression,extraction,label_only,-,10.000000,0.970175,0.020195,0.938596,0.991228,0.749123,0.097798,0.631579,0.868421,22.105263,10.028430,12.280702,34.210526,0.750877,0.097404,0.640351,0.877193,0.695238,0.167824,0.500000,0.890873,0.490476,0.454444,0.000000,0.976190,0.479901,0.372457,0.000000,0.845361,5,"0,1,2,3,4"
s1,breast_cancer,logistic_regression,extraction,label_only,-,25.000000,0.970175,0.020195,0.938596,0.991228,0.908772,0.038034,0.850877,0.956140,6.140351,3.563175,2.631579,11.403509,0.928070,0.031260,0.885965,0.956140,0.900992,0.038865,0.847222,0.945437,0.871429,0.081788,0.809524,1.000000,0.876073,0.048911,0.804598,0.938272,5,"0,1,2,3,4"
s1,breast_cancer,logistic_regression,extraction,label_only,-,50.000000,0.970175,0.020195,0.938596,0.991228,0.943860,0.031990,0.894737,0.973684,2.631579,3.563175,-1.754386,7.894737,0.952631,0.020194,0.921053,0.973684,0.943651,0.030379,0.896825,0.972222,0.942857,0.049373,0.880952,1.000000,0.925971,0.040229,0.863636,0.963855,5,"0,1,2,3,4"
s1,breast_cancer,logistic_regression,extraction,label_only,-,100.000000,0.970175,0.020195,0.938596,0.991228,0.964912,0.021487,0.938596,0.991228,0.526316,2.019450,-1.754386,3.508772,0.980702,0.011437,0.964912,0.991228,0.957341,0.025176,0.926587,0.988095,0.928571,0.044544,0.880952,0.976190,0.951005,0.030299,0.913580,0.987952,5,"0,1,2,3,4"
s1,breast_cancer,logistic_regression,extraction,label_only,-,250.000000,0.970175,0.020195,0.938596,0.991228,0.966666,0.016873,0.938596,0.982456,0.350877,0.480458,0.000000,0.877193,0.992982,0.007339,0.982456,1.000000,0.960714,0.024886,0.916667,0.976190,0.938095,0.059761,0.833333,0.976190,0.953350,0.025950,0.909091,0.975610,5,"0,1,2,3,4"
s1,breast_cancer,logistic_regression,extraction,label_only,-,500.000000,0.970175,0.020195,0.938596,0.991228,0.971930,0.019017,0.947368,0.991228,-0.175439,1.301087,-1.754386,1.754386,0.987719,0.011769,0.973684,1.000000,0.966865,0.023671,0.933532,0.988095,0.947619,0.042592,0.880952,0.976190,0.961018,0.027088,0.925000,0.987952,5,"0,1,2,3,4"
s1,breast_cancer,logistic_regression,extraction,label_only,-,1000.000000,0.970175,0.020195,0.938596,0.991228,0.968421,0.017100,0.947368,0.991228,0.175439,1.143720,-0.877193,1.754386,0.991228,0.006203,0.982456,1.000000,0.962103,0.023100,0.928571,0.988095,0.938095,0.049372,0.857143,0.976190,0.955870,0.025030,0.923077,0.987952,5,"0,1,2,3,4"
s1,breast_cancer,logistic_regression,inversion,zeroth_order,-,0.000000,0.970175,0.020195,0.938596,0.991228,0.970175,0.020195,0.938596,0.991228,0.000000,0.000000,0.000000,0.000000,,,,,0.963492,0.028037,0.916667,0.988095,0.938095,0.059761,0.833333,0.976190,0.957894,0.030356,0.909091,0.987952,5,"0,1,2,3,4"
s1,breast_cancer,logistic_regression,inversion,zeroth_order,-,20.000000,0.970175,0.020195,0.938596,0.991228,0.970175,0.020195,0.938596,0.991228,0.000000,0.000000,0.000000,0.000000,0.405374,0.046211,0.338001,0.461807,0.963492,0.028037,0.916667,0.988095,0.938095,0.059761,0.833333,0.976190,0.957894,0.030356,0.909091,0.987952,5,"0,1,2,3,4"
s1,breast_cancer,logistic_regression,inversion,zeroth_order,-,100.000000,0.970175,0.020195,0.938596,0.991228,0.970175,0.020195,0.938596,0.991228,0.000000,0.000000,0.000000,0.000000,0.526048,0.084309,0.399645,0.593869,0.963492,0.028037,0.916667,0.988095,0.938095,0.059761,0.833333,0.976190,0.957894,0.030356,0.909091,0.987952,5,"0,1,2,3,4"
s1,breast_cancer,logistic_regression,inversion,zeroth_order,-,500.000000,0.970175,0.020195,0.938596,0.991228,0.970175,0.020195,0.938596,0.991228,0.000000,0.000000,0.000000,0.000000,0.677130,0.045212,0.608203,0.716893,0.963492,0.028037,0.916667,0.988095,0.938095,0.059761,0.833333,0.976190,0.957894,0.030356,0.909091,0.987952,5,"0,1,2,3,4"
s1,breast_cancer,logistic_regression,inversion,zeroth_order,-,2000.000000,0.970175,0.020195,0.938596,0.991228,0.970175,0.020195,0.938596,0.991228,0.000000,0.000000,0.000000,0.000000,0.705368,0.032843,0.654139,0.740012,0.963492,0.028037,0.916667,0.988095,0.938095,0.059761,0.833333,0.976190,0.957894,0.030356,0.909091,0.987952,5,"0,1,2,3,4"
s1,breast_cancer,logistic_regression,membership,confidence_threshold,-,0.000000,0.970175,0.020195,0.938596,0.991228,0.970175,0.020195,0.938596,0.991228,0.000000,0.000000,0.000000,0.000000,,,,,0.963492,0.028037,0.916667,0.988095,0.938095,0.059761,0.833333,0.976190,0.957894,0.030356,0.909091,0.987952,5,"0,1,2,3,4"
s1,breast_cancer,logistic_regression,membership,confidence_threshold,-,2.000000,0.970175,0.020195,0.938596,0.991228,0.970175,0.020195,0.938596,0.991228,0.000000,0.000000,0.000000,0.000000,0.506250,0.022894,0.477679,0.535714,0.963492,0.028037,0.916667,0.988095,0.938095,0.059761,0.833333,0.976190,0.957894,0.030356,0.909091,0.987952,5,"0,1,2,3,4"
s1,breast_cancer,logistic_regression,membership,confidence_threshold,-,5.000000,0.970175,0.020195,0.938596,0.991228,0.970175,0.020195,0.938596,0.991228,0.000000,0.000000,0.000000,0.000000,0.511927,0.022142,0.495413,0.545872,0.963492,0.028037,0.916667,0.988095,0.938095,0.059761,0.833333,0.976190,0.957894,0.030356,0.909091,0.987952,5,"0,1,2,3,4"
s1,breast_cancer,logistic_regression,membership,confidence_threshold,-,10.000000,0.970175,0.020195,0.938596,0.991228,0.970175,0.020195,0.938596,0.991228,0.000000,0.000000,0.000000,0.000000,0.522115,0.015800,0.500000,0.543269,0.963492,0.028037,0.916667,0.988095,0.938095,0.059761,0.833333,0.976190,0.957894,0.030356,0.909091,0.987952,5,"0,1,2,3,4"
s1,breast_cancer,logistic_regression,membership,confidence_threshold,-,20.000000,0.970175,0.020195,0.938596,0.991228,0.970175,0.020195,0.938596,0.991228,0.000000,0.000000,0.000000,0.000000,0.512766,0.021475,0.484043,0.542553,0.963492,0.028037,0.916667,0.988095,0.938095,0.059761,0.833333,0.976190,0.957894,0.030356,0.909091,0.987952,5,"0,1,2,3,4"
s1,breast_cancer,logistic_regression,poisoning,symmetric,-,0.000000,0.970175,0.020195,0.938596,0.991228,0.970175,0.020195,0.938596,0.991228,0.000000,0.000000,0.000000,0.000000,,,,,0.963492,0.028037,0.916667,0.988095,0.938095,0.059761,0.833333,0.976190,0.957894,0.030356,0.909091,0.987952,5,"0,1,2,3,4"
s1,breast_cancer,logistic_regression,poisoning,symmetric,-,0.050000,0.970175,0.020195,0.938596,0.991228,0.950877,0.018190,0.929825,0.973684,1.929825,1.901709,-0.877193,4.385965,,,,,0.942262,0.019370,0.924603,0.964286,0.909524,0.035315,0.857143,0.952381,0.931769,0.024811,0.904762,0.962963,5,"0,1,2,3,4"
s1,breast_cancer,logistic_regression,poisoning,symmetric,-,0.100000,0.970175,0.020195,0.938596,0.991228,0.949123,0.019017,0.921053,0.964912,2.105263,0.784585,0.877193,2.631579,,,,,0.936905,0.027677,0.892857,0.957341,0.890476,0.062088,0.785714,0.928571,0.927156,0.030516,0.880000,0.951220,5,"0,1,2,3,4"
s1,breast_cancer,logistic_regression,poisoning,symmetric,-,0.200000,0.970175,0.020195,0.938596,0.991228,0.929825,0.029093,0.903509,0.964912,4.035088,2.815229,1.754386,7.894737,,,,,0.919643,0.029161,0.893849,0.952381,0.880952,0.037646,0.833333,0.928571,0.902779,0.039241,0.867470,0.950000,5,"0,1,2,3,4"
s1,breast_cancer,logistic_regression,poisoning,symmetric,-,0.300000,0.970175,0.020195,0.938596,0.991228,0.887719,0.019017,0.859649,0.903509,8.245614,3.258627,3.508772,12.280702,,,,,0.871429,0.016082,0.854167,0.893849,0.809524,0.033672,0.785714,0.857143,0.841944,0.022197,0.813953,0.867470,5,"0,1,2,3,4"
s1,breast_cancer,logistic_regression,poisoning,symmetric,-,0.400000,0.970175,0.020195,0.938596,0.991228,0.743860,0.016873,0.728070,0.771930,22.631579,2.732002,19.298246,25.438596,,,,,0.730754,0.021087,0.700397,0.759921,0.680953,0.052164,0.595238,0.714286,0.661423,0.028828,0.617284,0.697674,5,"0,1,2,3,4"
s1,breast_cancer,logistic_regression,poisoning,targeted,-,0.000000,0.970175,0.020195,0.938596,0.991228,0.970175,0.020195,0.938596,0.991228,0.000000,0.000000,0.000000,0.000000,0.061905,0.059761,0.023810,0.166667,0.963492,0.028037,0.916667,0.988095,0.938095,0.059761,0.833333,0.976190,0.957894,0.030356,0.909091,0.987952,5,"0,1,2,3,4"
s1,breast_cancer,logistic_regression,poisoning,targeted,-,0.050000,0.970175,0.020195,0.938596,0.991228,0.950877,0.014678,0.938596,0.973684,1.929825,1.143720,0.000000,2.631579,0.119048,0.037646,0.071429,0.166667,0.936310,0.019204,0.916667,0.964286,0.880952,0.037646,0.833333,0.928571,0.929344,0.022143,0.909091,0.962963,5,"0,1,2,3,4"
s1,breast_cancer,logistic_regression,poisoning,targeted,-,0.100000,0.970175,0.020195,0.938596,0.991228,0.943859,0.010001,0.929825,0.956140,2.631579,1.641078,0.877193,4.385965,0.142857,0.029160,0.119048,0.190476,0.925794,0.013628,0.904762,0.940476,0.857143,0.029160,0.809524,0.880952,0.918183,0.015886,0.894737,0.936709,5,"0,1,2,3,4"
s1,breast_cancer,logistic_regression,poisoning,targeted,-,0.200000,0.970175,0.020195,0.938596,0.991228,0.915790,0.022018,0.877193,0.929825,5.438597,0.960917,4.385965,6.140351,0.228571,0.059761,0.190476,0.333333,0.885714,0.029881,0.833333,0.904762,0.771429,0.059761,0.666667,0.809524,0.869895,0.039761,0.800000,0.894737,5,"0,1,2,3,4"
s1,breast_cancer,logistic_regression,poisoning,targeted,-,0.300000,0.970175,0.020195,0.938596,0.991228,0.870175,0.034757,0.824561,0.903509,10.000000,3.076435,6.140351,14.035088,0.352381,0.094341,0.261905,0.476190,0.823810,0.047171,0.761905,0.869048,0.647619,0.094341,0.523810,0.738095,0.782864,0.071250,0.687500,0.849315,5,"0,1,2,3,4"
s1,breast_cancer,logistic_regression,poisoning,targeted,-,0.400000,0.970175,0.020195,0.938596,0.991228,0.807018,0.020572,0.789474,0.833333,16.315790,2.370045,13.157895,19.298246,0.523810,0.055839,0.452381,0.571429,0.738095,0.027919,0.714286,0.773810,0.476190,0.055839,0.428571,0.547619,0.643629,0.050654,0.600000,0.707692,5,"0,1,2,3,4"
s1,digits,logistic_regression,backdoor,trigger,-,0.000000,0.970000,0.007454,0.963889,0.980556,0.970000,0.007454,0.963889,0.980556,0.000000,0.000000,0.000000,0.000000,0.095180,0.028080,0.061728,0.135802,0.969941,0.007471,0.963876,0.980547,0.969941,0.007471,0.963876,0.980547,0.970025,0.007467,0.963871,0.980609,5,"0,1,2,3,4"
s1,digits,logistic_regression,backdoor,trigger,-,0.010000,0.970000,0.007454,0.963889,0.980556,0.962778,0.005760,0.952778,0.966667,0.722222,0.668977,0.000000,1.388889,0.662642,0.099793,0.512346,0.767802,0.962591,0.005734,0.952598,0.966495,0.962591,0.005734,0.952598,0.966495,0.962712,0.005854,0.952490,0.966550,5,"0,1,2,3,4"
s1,digits,logistic_regression,backdoor,trigger,-,0.020000,0.970000,0.007454,0.963889,0.980556,0.958333,0.007349,0.950000,0.969444,1.166667,0.534316,0.555556,1.944444,0.743531,0.065995,0.681115,0.839009,0.958082,0.007340,0.949899,0.969352,0.958082,0.007340,0.949899,0.969352,0.958244,0.007414,0.949619,0.969433,5,"0,1,2,3,4"
s1,digits,logistic_regression,backdoor,trigger,-,0.050000,0.970000,0.007454,0.963889,0.980556,0.953889,0.007505,0.944444,0.963889,1.611111,1.201208,0.000000,3.055556,0.901105,0.015975,0.879257,0.913580,0.953635,0.007333,0.944494,0.963567,0.953635,0.007333,0.944494,0.963567,0.953987,0.007387,0.944584,0.964018,5,"0,1,2,3,4"
s1,digits,logistic_regression,backdoor,trigger,-,0.100000,0.970000,0.007454,0.963889,0.980556,0.953889,0.011883,0.941667,0.966667,1.611111,1.278985,0.000000,3.333333,0.951177,0.013869,0.932099,0.966049,0.953666,0.011860,0.941332,0.966186,0.953666,0.011860,0.941332,0.966186,0.954101,0.011725,0.941959,0.966567,5,"0,1,2,3,4"
s1,digits,logistic_regression,backdoor,trigger,-,0.200000,0.970000,0.007454,0.963889,0.980556,0.947778,0.005343,0.938889,0.952778,2.222222,0.555556,1.388889,2.777778,0.980849,0.011824,0.962963,0.990741,0.947491,0.005294,0.938700,0.952368,0.947491,0.005294,0.938700,0.952368,0.948278,0.005416,0.939370,0.953379,5,"0,1,2,3,4"
s1,digits,logistic_regression,evasion,fgsm,-,0.000000,0.970000,0.007454,0.963889,0.980556,0.970000,0.007454,0.963889,0.980556,0.000000,0.000000,0.000000,0.000000,,,,,0.969941,0.007471,0.963876,0.980547,0.969941,0.007471,0.963876,0.980547,0.970025,0.007467,0.963871,0.980609,5,"0,1,2,3,4"
s1,digits,logistic_regression,evasion,fgsm,-,0.100000,0.970000,0.007454,0.963889,0.980556,0.862222,0.015290,0.850000,0.888889,10.777778,1.380530,8.611111,12.222222,0.111111,0.014130,0.088319,0.124646,0.861886,0.015542,0.849013,0.888837,0.861886,0.015542,0.849013,0.888837,0.862423,0.015520,0.850425,0.889552,5,"0,1,2,3,4"
s1,digits,logistic_regression,evasion,fgsm,-,0.250000,0.970000,0.007454,0.963889,0.980556,0.472222,0.028532,0.436111,0.502778,49.777778,2.199537,47.222222,52.777778,0.513314,0.026049,0.484330,0.547550,0.472175,0.029072,0.435940,0.503185,0.472175,0.029072,0.435940,0.503185,0.483484,0.025422,0.454209,0.512213,5,"0,1,2,3,4"
s1,digits,logistic_regression,evasion,fgsm,-,0.500000,0.970000,0.007454,0.963889,0.980556,0.033889,0.010830,0.016667,0.044444,93.611111,1.162028,91.944444,94.722222,0.965077,0.011159,0.953890,0.982709,0.033921,0.010863,0.016667,0.044524,0.033921,0.010863,0.016667,0.044524,0.043288,0.011829,0.023767,0.054041,5,"0,1,2,3,4"
s1,digits,logistic_regression,evasion,fgsm,-,1.000000,0.970000,0.007454,0.963889,0.980556,0.000000,0.000000,0.000000,0.000000,97.000000,0.745356,96.388889,98.055556,1.000000,0.000000,1.000000,1.000000,0.000000,0.000000,0.000000,0.000000,0.000000,0.000000,0.000000,0.000000,0.000000,0.000000,0.000000,0.000000,5,"0,1,2,3,4"
s1,digits,logistic_regression,extraction,label_only,-,0.000000,0.970000,0.007454,0.963889,0.980556,0.970000,0.007454,0.963889,0.980556,0.000000,0.000000,0.000000,0.000000,,,,,0.969941,0.007471,0.963876,0.980547,0.969941,0.007471,0.963876,0.980547,0.970025,0.007467,0.963871,0.980609,5,"0,1,2,3,4"
s1,digits,logistic_regression,extraction,label_only,-,10.000000,0.970000,0.007454,0.963889,0.980556,0.176111,0.041323,0.119444,0.233333,79.388889,3.499338,74.722222,84.444444,0.172778,0.045871,0.113889,0.238889,0.177694,0.041442,0.121358,0.235064,0.177694,0.041442,0.121358,0.235064,0.097459,0.032508,0.059567,0.130929,5,"0,1,2,3,4"
s1,digits,logistic_regression,extraction,label_only,-,25.000000,0.970000,0.007454,0.963889,0.980556,0.276111,0.080522,0.147222,0.347222,69.388889,7.746465,61.944444,81.666667,0.274444,0.081612,0.147222,0.347222,0.277434,0.079587,0.149704,0.344972,0.277434,0.079587,0.149704,0.344972,0.200172,0.055445,0.118337,0.254055,5,"0,1,2,3,4"
s1,digits,logistic_regression,extraction,label_only,-,50.000000,0.970000,0.007454,0.963889,0.980556,0.413889,0.086847,0.294444,0.525000,55.611111,8.596313,44.166667,66.944444,0.411667,0.083735,0.288889,0.508333,0.416190,0.085899,0.298584,0.525461,0.416190,0.085899,0.298584,0.525461,0.352053,0.083521,0.241139,0.459925,5,"0,1,2,3,4"
s1,digits,logistic_regression,extraction,label_only,-,100.000000,0.970000,0.007454,0.963889,0.980556,0.541666,0.043257,0.483333,0.597222,42.833333,4.454849,36.666667,48.055556,0.542222,0.043674,0.486111,0.602778,0.543625,0.042284,0.486223,0.597992,0.543625,0.042284,0.486223,0.597992,0.502405,0.041344,0.453264,0.549422,5,"0,1,2,3,4"
s1,digits,logistic_regression,extraction,label_only,-,250.000000,0.970000,0.007454,0.963889,0.980556,0.827222,0.032714,0.791667,0.869444,14.277778,3.296088,10.555556,17.500000,0.827222,0.030391,0.797222,0.863889,0.828248,0.032526,0.792763,0.870478,0.828248,0.032526,0.792763,0.870478,0.825890,0.032195,0.795160,0.868618,5,"0,1,2,3,4"
s1,digits,logistic_regression,extraction,label_only,-,500.000000,0.970000,0.007454,0.963889,0.980556,0.930000,0.020544,0.894444,0.947222,4.000000,2.139069,1.666667,7.222222,0.941667,0.028123,0.891667,0.958333,0.929996,0.020551,0.894352,0.947051,0.929996,0.020551,0.894352,0.947051,0.929950,0.020728,0.893929,0.946855,5,"0,1,2,3,4"
s1,digits,logistic_regression,extraction,label_only,-,1000.000000,0.970000,0.007454,0.963889,0.980556,0.956111,0.007955,0.944444,0.966667,1.388889,1.057746,0.000000,2.500000,0.975000,0.005556,0.966667,0.980556,0.956093,0.007955,0.944193,0.966424,0.956093,0.007955,0.944193,0.966424,0.956187,0.008117,0.944286,0.967075,5,"0,1,2,3,4"
s1,digits,logistic_regression,inversion,zeroth_order,-,0.000000,0.970000,0.007454,0.963889,0.980556,0.970000,0.007454,0.963889,0.980556,0.000000,0.000000,0.000000,0.000000,,,,,0.969941,0.007471,0.963876,0.980547,0.969941,0.007471,0.963876,0.980547,0.970025,0.007467,0.963871,0.980609,5,"0,1,2,3,4"
s1,digits,logistic_regression,inversion,zeroth_order,-,20.000000,0.970000,0.007454,0.963889,0.980556,0.970000,0.007454,0.963889,0.980556,0.000000,0.000000,0.000000,0.000000,0.270342,0.040190,0.225172,0.308736,0.969941,0.007471,0.963876,0.980547,0.969941,0.007471,0.963876,0.980547,0.970025,0.007467,0.963871,0.980609,5,"0,1,2,3,4"
s1,digits,logistic_regression,inversion,zeroth_order,-,100.000000,0.970000,0.007454,0.963889,0.980556,0.970000,0.007454,0.963889,0.980556,0.000000,0.000000,0.000000,0.000000,0.395246,0.022113,0.366685,0.425926,0.969941,0.007471,0.963876,0.980547,0.969941,0.007471,0.963876,0.980547,0.970025,0.007467,0.963871,0.980609,5,"0,1,2,3,4"
s1,digits,logistic_regression,inversion,zeroth_order,-,500.000000,0.970000,0.007454,0.963889,0.980556,0.970000,0.007454,0.963889,0.980556,0.000000,0.000000,0.000000,0.000000,0.562322,0.013233,0.543879,0.578337,0.969941,0.007471,0.963876,0.980547,0.969941,0.007471,0.963876,0.980547,0.970025,0.007467,0.963871,0.980609,5,"0,1,2,3,4"
s1,digits,logistic_regression,inversion,zeroth_order,-,2000.000000,0.970000,0.007454,0.963889,0.980556,0.970000,0.007454,0.963889,0.980556,0.000000,0.000000,0.000000,0.000000,0.647820,0.014525,0.629788,0.664675,0.969941,0.007471,0.963876,0.980547,0.969941,0.007471,0.963876,0.980547,0.970025,0.007467,0.963871,0.980609,5,"0,1,2,3,4"
s1,digits,logistic_regression,membership,confidence_threshold,-,0.000000,0.970000,0.007454,0.963889,0.980556,0.970000,0.007454,0.963889,0.980556,0.000000,0.000000,0.000000,0.000000,,,,,0.969941,0.007471,0.963876,0.980547,0.969941,0.007471,0.963876,0.980547,0.970025,0.007467,0.963871,0.980609,5,"0,1,2,3,4"
s1,digits,logistic_regression,membership,confidence_threshold,-,2.000000,0.970000,0.007454,0.963889,0.980556,0.970000,0.007454,0.963889,0.980556,0.000000,0.000000,0.000000,0.000000,0.519553,0.025236,0.477654,0.541899,0.969941,0.007471,0.963876,0.980547,0.969941,0.007471,0.963876,0.980547,0.970025,0.007467,0.963871,0.980609,5,"0,1,2,3,4"
s1,digits,logistic_regression,membership,confidence_threshold,-,5.000000,0.970000,0.007454,0.963889,0.980556,0.970000,0.007454,0.963889,0.980556,0.000000,0.000000,0.000000,0.000000,0.518592,0.017799,0.498592,0.539437,0.969941,0.007471,0.963876,0.980547,0.969941,0.007471,0.963876,0.980547,0.970025,0.007467,0.963871,0.980609,5,"0,1,2,3,4"
s1,digits,logistic_regression,membership,confidence_threshold,-,10.000000,0.970000,0.007454,0.963889,0.980556,0.970000,0.007454,0.963889,0.980556,0.000000,0.000000,0.000000,0.000000,0.522286,0.017514,0.497143,0.542857,0.969941,0.007471,0.963876,0.980547,0.969941,0.007471,0.963876,0.980547,0.970025,0.007467,0.963871,0.980609,5,"0,1,2,3,4"
s1,digits,logistic_regression,membership,confidence_threshold,-,20.000000,0.970000,0.007454,0.963889,0.980556,0.970000,0.007454,0.963889,0.980556,0.000000,0.000000,0.000000,0.000000,0.515000,0.017004,0.497059,0.533824,0.969941,0.007471,0.963876,0.980547,0.969941,0.007471,0.963876,0.980547,0.970025,0.007467,0.963871,0.980609,5,"0,1,2,3,4"
s1,digits,logistic_regression,poisoning,symmetric,-,0.000000,0.970000,0.007454,0.963889,0.980556,0.970000,0.007454,0.963889,0.980556,0.000000,0.000000,0.000000,0.000000,,,,,0.969941,0.007471,0.963876,0.980547,0.969941,0.007471,0.963876,0.980547,0.970025,0.007467,0.963871,0.980609,5,"0,1,2,3,4"
s1,digits,logistic_regression,poisoning,symmetric,-,0.050000,0.970000,0.007454,0.963889,0.980556,0.928333,0.011007,0.913889,0.941667,4.166667,1.521452,2.777778,6.666667,,,,,0.928151,0.011016,0.913621,0.941641,0.928151,0.011016,0.913621,0.941641,0.928174,0.010809,0.913358,0.941051,5,"0,1,2,3,4"
s1,digits,logistic_regression,poisoning,symmetric,-,0.100000,0.970000,0.007454,0.963889,0.980556,0.916111,0.009501,0.902778,0.927778,5.388889,0.847109,4.444444,6.388889,,,,,0.915982,0.009687,0.902497,0.927973,0.915982,0.009687,0.902497,0.927973,0.915796,0.009772,0.901933,0.927443,5,"0,1,2,3,4"
s1,digits,logistic_regression,poisoning,symmetric,-,0.200000,0.970000,0.007454,0.963889,0.980556,0.900000,0.013749,0.880556,0.916667,7.000000,1.793765,5.555556,10.000000,,,,,0.899729,0.013442,0.880659,0.916015,0.899729,0.013442,0.880659,0.916015,0.899617,0.013788,0.880034,0.916500,5,"0,1,2,3,4"
s1,digits,logistic_regression,poisoning,symmetric,-,0.300000,0.970000,0.007454,0.963889,0.980556,0.887778,0.021118,0.852778,0.908333,8.222222,1.763397,6.666667,11.111111,,,,,0.887473,0.021206,0.852259,0.907986,0.887473,0.021206,0.852259,0.907986,0.887877,0.021530,0.851890,0.908348,5,"0,1,2,3,4"
s1,digits,logistic_regression,poisoning,symmetric,-,0.400000,0.970000,0.007454,0.963889,0.980556,0.858333,0.012108,0.844444,0.872222,11.166667,0.770802,10.277778,12.222222,,,,,0.858001,0.011821,0.844376,0.871403,0.858001,0.011821,0.844376,0.871403,0.857412,0.011434,0.844939,0.870649,5,"0,1,2,3,4"
s1,digits,logistic_regression,poisoning,targeted,-,0.000000,0.970000,0.007454,0.963889,0.980556,0.970000,0.007454,0.963889,0.980556,0.000000,0.000000,0.000000,0.000000,0.000000,0.000000,0.000000,0.000000,0.969941,0.007471,0.963876,0.980547,0.969941,0.007471,0.963876,0.980547,0.970025,0.007467,0.963871,0.980609,5,"0,1,2,3,4"
s1,digits,logistic_regression,poisoning,targeted,-,0.050000,0.970000,0.007454,0.963889,0.980556,0.960556,0.008194,0.947222,0.966667,0.944445,0.576012,0.277778,1.666667,0.011111,0.015215,0.000000,0.027778,0.960401,0.008244,0.946971,0.966579,0.960401,0.008244,0.946971,0.966579,0.960490,0.008358,0.946895,0.966749,5,"0,1,2,3,4"
s1,digits,logistic_regression,poisoning,targeted,-,0.100000,0.970000,0.007454,0.963889,0.980556,0.959444,0.008915,0.947222,0.969444,1.055556,0.456436,0.555556,1.666667,0.061111,0.023240,0.027778,0.083333,0.959353,0.008935,0.947130,0.969436,0.959353,0.008935,0.947130,0.969436,0.959835,0.008744,0.947926,0.969655,5,"0,1,2,3,4"
s1,digits,logistic_regression,poisoning,targeted,-,0.200000,0.970000,0.007454,0.963889,0.980556,0.953889,0.011720,0.936111,0.966667,1.611111,0.989918,0.555556,2.777778,0.100000,0.082402,0.027778,0.222222,0.953782,0.011716,0.936094,0.966737,0.953782,0.011716,0.936094,0.966737,0.954126,0.011624,0.936533,0.966755,5,"0,1,2,3,4"
s1,digits,logistic_regression,poisoning,targeted,-,0.300000,0.970000,0.007454,0.963889,0.980556,0.948889,0.010865,0.938889,0.966667,2.111111,0.869582,0.833333,3.055556,0.161111,0.049690,0.083333,0.194444,0.948782,0.011035,0.938642,0.966813,0.948782,0.011035,0.938642,0.966813,0.949536,0.010753,0.938983,0.967054,5,"0,1,2,3,4"
s1,digits,logistic_regression,poisoning,targeted,-,0.400000,0.970000,0.007454,0.963889,0.980556,0.937222,0.014380,0.916667,0.950000,3.277778,1.135156,1.666667,4.722222,0.283333,0.113515,0.138889,0.444444,0.937116,0.014347,0.916650,0.949753,0.937116,0.014347,0.916650,0.949753,0.937514,0.014841,0.916278,0.950998,5,"0,1,2,3,4"
s1,wine,logistic_regression,backdoor,trigger,-,0.000000,0.988889,0.015215,0.972222,1.000000,0.988889,0.015215,0.972222,1.000000,0.000000,0.000000,0.000000,0.000000,0.000000,0.000000,0.000000,0.000000,0.990476,0.013041,0.976190,1.000000,0.990476,0.013041,0.976190,1.000000,0.988712,0.015456,0.971781,1.000000,5,"0,1,2,3,4"
s1,wine,logistic_regression,backdoor,trigger,-,0.010000,0.988889,0.015215,0.972222,1.000000,0.977778,0.012423,0.972222,1.000000,1.111111,1.521452,0.000000,2.777778,0.409091,0.233992,0.136364,0.636364,0.980158,0.011224,0.972222,1.000000,0.980158,0.011224,0.972222,1.000000,0.978379,0.012146,0.971781,1.000000,5,"0,1,2,3,4"
s1,wine,logistic_regression,backdoor,trigger,-,0.020000,0.988889,0.015215,0.972222,1.000000,0.961111,0.031671,0.916667,1.000000,2.777778,3.402069,0.000000,8.333333,0.609091,0.194448,0.409091,0.818182,0.963492,0.031170,0.916667,1.000000,0.963492,0.031170,0.916667,1.000000,0.962722,0.030721,0.920123,1.000000,5,"0,1,2,3,4"
s1,wine,logistic_regression,backdoor,trigger,-,0.050000,0.988889,0.015215,0.972222,1.000000,0.961111,0.015215,0.944444,0.972222,2.777778,1.964186,0.000000,5.555556,0.745454,0.060984,0.681818,0.818182,0.964286,0.012858,0.948413,0.976190,0.964286,0.012858,0.948413,0.976190,0.962665,0.015682,0.945153,0.974321,5,"0,1,2,3,4"
s1,wine,logistic_regression,backdoor,trigger,-,0.100000,0.988889,0.015215,0.972222,1.000000,0.961111,0.015215,0.944444,0.972222,2.777778,1.964186,0.000000,5.555556,0.818182,0.115887,0.681818,1.000000,0.964286,0.012858,0.948413,0.976190,0.964286,0.012858,0.948413,0.976190,0.962157,0.015245,0.945153,0.974013,5,"0,1,2,3,4"
s1,wine,logistic_regression,backdoor,trigger,-,0.200000,0.988889,0.015215,0.972222,1.000000,0.950000,0.023240,0.916667,0.972222,3.888889,3.167154,0.000000,8.333333,0.954545,0.055670,0.863636,1.000000,0.953174,0.022518,0.920635,0.976190,0.953174,0.022518,0.920635,0.976190,0.952061,0.023004,0.919341,0.974321,5,"0,1,2,3,4"
s1,wine,logistic_regression,evasion,fgsm,-,0.000000,0.988889,0.015215,0.972222,1.000000,0.988889,0.015215,0.972222,1.000000,0.000000,0.000000,0.000000,0.000000,,,,,0.990476,0.013041,0.976190,1.000000,0.990476,0.013041,0.976190,1.000000,0.988712,0.015456,0.971781,1.000000,5,"0,1,2,3,4"
s1,wine,logistic_regression,evasion,fgsm,-,0.100000,0.988889,0.015215,0.972222,1.000000,0.966666,0.023241,0.944444,1.000000,2.222222,2.324056,0.000000,5.555556,0.022381,0.023291,0.000000,0.055556,0.971428,0.019920,0.952381,1.000000,0.971428,0.019920,0.952381,1.000000,0.966335,0.023374,0.944056,1.000000,5,"0,1,2,3,4"
s1,wine,logistic_regression,evasion,fgsm,-,0.250000,0.988889,0.015215,0.972222,1.000000,0.838889,0.060221,0.750000,0.888889,15.000000,4.648111,11.111111,22.222222,0.152222,0.049386,0.111111,0.228571,0.846032,0.058703,0.753175,0.900794,0.846032,0.058703,0.753175,0.900794,0.842318,0.061435,0.749888,0.894533,5,"0,1,2,3,4"
s1,wine,logistic_regression,evasion,fgsm,-,0.500000,0.988889,0.015215,0.972222,1.000000,0.583333,0.070819,0.527778,0.694444,40.555555,6.972167,30.555556,47.222222,0.410159,0.070137,0.305556,0.472222,0.587461,0.068126,0.530159,0.693651,0.587461,0.068126,0.530159,0.693651,0.589776,0.073064,0.523457,0.703092,5,"0,1,2,3,4"
s1,wine,logistic_regression,evasion,fgsm,-,1.000000,0.988889,0.015215,0.972222,1.000000,0.044445,0.015215,0.027778,0.055556,94.444444,1.964185,91.666667,97.222222,0.955079,0.015304,0.942857,0.972222,0.043651,0.014580,0.027778,0.055556,0.043651,0.014580,0.027778,0.055556,0.041018,0.013439,0.024691,0.055556,5,"0,1,2,3,4"
s1,wine,logistic_regression,extraction,label_only,-,0.000000,0.988889,0.015215,0.972222,1.000000,0.988889,0.015215,0.972222,1.000000,0.000000,0.000000,0.000000,0.000000,,,,,0.990476,0.013041,0.976190,1.000000,0.990476,0.013041,0.976190,1.000000,0.988712,0.015456,0.971781,1.000000,5,"0,1,2,3,4"
s1,wine,logistic_regression,extraction,label_only,-,10.000000,0.988889,0.015215,0.972222,1.000000,0.683333,0.186959,0.416667,0.861111,30.555556,19.344984,11.111111,58.333333,0.677778,0.180662,0.416667,0.861111,0.650318,0.210143,0.366667,0.871429,0.650318,0.210143,0.366667,0.871429,0.593892,0.259061,0.259188,0.862963,5,"0,1,2,3,4"
s1,wine,logistic_regression,extraction,label_only,-,25.000000,0.988889,0.015215,0.972222,1.000000,0.827778,0.127898,0.638889,1.000000,16.111111,12.939794,0.000000,36.111111,0.827778,0.127898,0.638889,1.000000,0.805397,0.146349,0.587302,1.000000,0.805397,0.146349,0.587302,1.000000,0.789319,0.183537,0.492997,1.000000,5,"0,1,2,3,4"
s1,wine,logistic_regression,extraction,label_only,-,50.000000,0.988889,0.015215,0.972222,1.000000,0.944444,0.070820,0.833333,1.000000,4.444445,5.760123,0.000000,13.888889,0.944444,0.070820,0.833333,1.000000,0.944762,0.072890,0.828571,1.000000,0.944762,0.072890,0.828571,1.000000,0.945362,0.070982,0.832711,1.000000,5,"0,1,2,3,4"
s1,wine,logistic_regression,extraction,label_only,-,100.000000,0.988889,0.015215,0.972222,1.000000,0.977778,0.012423,0.972222,1.000000,1.111111,1.521452,0.000000,2.777778,0.983333,0.015215,0.972222,1.000000,0.980952,0.010648,0.976190,1.000000,0.980952,0.010648,0.976190,1.000000,0.978441,0.012119,0.971781,1.000000,5,"0,1,2,3,4"
s1,wine,logistic_regression,extraction,label_only,-,250.000000,0.988889,0.015215,0.972222,1.000000,0.988889,0.015215,0.972222,1.000000,0.000000,0.000000,0.000000,0.000000,0.994444,0.012423,0.972222,1.000000,0.990476,0.013041,0.976190,1.000000,0.990476,0.013041,0.976190,1.000000,0.989220,0.014788,0.971781,1.000000,5,"0,1,2,3,4"
s1,wine,logistic_regression,extraction,label_only,-,500.000000,0.988889,0.015215,0.972222,1.000000,0.994444,0.012423,0.972222,1.000000,-0.555556,1.242260,-2.777778,0.000000,0.994444,0.012423,0.972222,1.000000,0.995238,0.010648,0.976190,1.000000,0.995238,0.010648,0.976190,1.000000,0.994356,0.012620,0.971781,1.000000,5,"0,1,2,3,4"
s1,wine,logistic_regression,extraction,label_only,-,1000.000000,0.988889,0.015215,0.972222,1.000000,0.988889,0.015215,0.972222,1.000000,0.000000,0.000000,0.000000,0.000000,1.000000,0.000000,1.000000,1.000000,0.990476,0.013041,0.976190,1.000000,0.990476,0.013041,0.976190,1.000000,0.988712,0.015456,0.971781,1.000000,5,"0,1,2,3,4"
s1,wine,logistic_regression,inversion,zeroth_order,-,0.000000,0.988889,0.015215,0.972222,1.000000,0.988889,0.015215,0.972222,1.000000,0.000000,0.000000,0.000000,0.000000,,,,,0.990476,0.013041,0.976190,1.000000,0.990476,0.013041,0.976190,1.000000,0.988712,0.015456,0.971781,1.000000,5,"0,1,2,3,4"
s1,wine,logistic_regression,inversion,zeroth_order,-,20.000000,0.988889,0.015215,0.972222,1.000000,0.988889,0.015215,0.972222,1.000000,0.000000,0.000000,0.000000,0.000000,0.471170,0.046598,0.417276,0.542878,0.990476,0.013041,0.976190,1.000000,0.990476,0.013041,0.976190,1.000000,0.988712,0.015456,0.971781,1.000000,5,"0,1,2,3,4"
s1,wine,logistic_regression,inversion,zeroth_order,-,100.000000,0.988889,0.015215,0.972222,1.000000,0.988889,0.015215,0.972222,1.000000,0.000000,0.000000,0.000000,0.000000,0.714974,0.038080,0.668154,0.768769,0.990476,0.013041,0.976190,1.000000,0.990476,0.013041,0.976190,1.000000,0.988712,0.015456,0.971781,1.000000,5,"0,1,2,3,4"
s1,wine,logistic_regression,inversion,zeroth_order,-,500.000000,0.988889,0.015215,0.972222,1.000000,0.988889,0.015215,0.972222,1.000000,0.000000,0.000000,0.000000,0.000000,0.855762,0.023739,0.832601,0.888898,0.990476,0.013041,0.976190,1.000000,0.990476,0.013041,0.976190,1.000000,0.988712,0.015456,0.971781,1.000000,5,"0,1,2,3,4"
s1,wine,logistic_regression,inversion,zeroth_order,-,2000.000000,0.988889,0.015215,0.972222,1.000000,0.988889,0.015215,0.972222,1.000000,0.000000,0.000000,0.000000,0.000000,0.879934,0.016724,0.859403,0.896280,0.990476,0.013041,0.976190,1.000000,0.990476,0.013041,0.976190,1.000000,0.988712,0.015456,0.971781,1.000000,5,"0,1,2,3,4"
s1,wine,logistic_regression,membership,confidence_threshold,-,0.000000,0.988889,0.015215,0.972222,1.000000,0.988889,0.015215,0.972222,1.000000,0.000000,0.000000,0.000000,0.000000,,,,,0.990476,0.013041,0.976190,1.000000,0.990476,0.013041,0.976190,1.000000,0.988712,0.015456,0.971781,1.000000,5,"0,1,2,3,4"
s1,wine,logistic_regression,membership,confidence_threshold,-,2.000000,0.988889,0.015215,0.972222,1.000000,0.988889,0.015215,0.972222,1.000000,0.000000,0.000000,0.000000,0.000000,0.500000,0.034489,0.441176,0.529412,0.990476,0.013041,0.976190,1.000000,0.990476,0.013041,0.976190,1.000000,0.988712,0.015456,0.971781,1.000000,5,"0,1,2,3,4"
s1,wine,logistic_regression,membership,confidence_threshold,-,5.000000,0.988889,0.015215,0.972222,1.000000,0.988889,0.015215,0.972222,1.000000,0.000000,0.000000,0.000000,0.000000,0.474194,0.046467,0.403226,0.516129,0.990476,0.013041,0.976190,1.000000,0.990476,0.013041,0.976190,1.000000,0.988712,0.015456,0.971781,1.000000,5,"0,1,2,3,4"
s1,wine,logistic_regression,membership,confidence_threshold,-,10.000000,0.988889,0.015215,0.972222,1.000000,0.988889,0.015215,0.972222,1.000000,0.000000,0.000000,0.000000,0.000000,0.488462,0.046314,0.423077,0.538462,0.990476,0.013041,0.976190,1.000000,0.990476,0.013041,0.976190,1.000000,0.988712,0.015456,0.971781,1.000000,5,"0,1,2,3,4"
s1,wine,logistic_regression,membership,confidence_threshold,-,20.000000,0.988889,0.015215,0.972222,1.000000,0.988889,0.015215,0.972222,1.000000,0.000000,0.000000,0.000000,0.000000,0.431250,0.060111,0.343750,0.500000,0.990476,0.013041,0.976190,1.000000,0.990476,0.013041,0.976190,1.000000,0.988712,0.015456,0.971781,1.000000,5,"0,1,2,3,4"
s1,wine,logistic_regression,poisoning,symmetric,-,0.000000,0.988889,0.015215,0.972222,1.000000,0.988889,0.015215,0.972222,1.000000,0.000000,0.000000,0.000000,0.000000,,,,,0.990476,0.013041,0.976190,1.000000,0.990476,0.013041,0.976190,1.000000,0.988712,0.015456,0.971781,1.000000,5,"0,1,2,3,4"
s1,wine,logistic_regression,poisoning,symmetric,-,0.050000,0.988889,0.015215,0.972222,1.000000,0.972222,0.034021,0.916667,1.000000,1.666667,4.212709,-2.777778,8.333333,,,,,0.974603,0.032433,0.920635,1.000000,0.974603,0.032433,0.920635,1.000000,0.972581,0.032937,0.919341,1.000000,5,"0,1,2,3,4"
s1,wine,logistic_regression,poisoning,symmetric,-,0.100000,0.988889,0.015215,0.972222,1.000000,0.977778,0.012423,0.972222,1.000000,1.111111,1.521452,0.000000,2.777778,,,,,0.979047,0.012418,0.966667,1.000000,0.979047,0.012418,0.966667,1.000000,0.978277,0.012236,0.970962,1.000000,5,"0,1,2,3,4"
s1,wine,logistic_regression,poisoning,symmetric,-,0.200000,0.988889,0.015215,0.972222,1.000000,0.905556,0.015215,0.888889,0.916667,8.333333,0.000000,8.333333,8.333333,,,,,0.911270,0.016821,0.891270,0.928571,0.911270,0.016821,0.891270,0.928571,0.907965,0.014592,0.889744,0.922039,5,"0,1,2,3,4"
s1,wine,logistic_regression,poisoning,symmetric,-,0.300000,0.988889,0.015215,0.972222,1.000000,0.838889,0.030429,0.805556,0.861111,15.000000,3.167154,11.111111,19.444444,,,,,0.846191,0.029708,0.814286,0.880952,0.846191,0.029708,0.814286,0.880952,0.837707,0.032045,0.800265,0.865492,5,"0,1,2,3,4"
s1,wine,logistic_regression,poisoning,symmetric,-,0.400000,0.988889,0.015215,0.972222,1.000000,0.855555,0.053431,0.805556,0.944444,13.333334,6.022079,2.777778,16.666667,,,,,0.853016,0.054809,0.810317,0.948413,0.853016,0.054809,0.810317,0.948413,0.855207,0.055529,0.804390,0.948413,5,"0,1,2,3,4"
s1,wine,logistic_regression,poisoning,targeted,-,0.000000,0.988889,0.015215,0.972222,1.000000,0.988889,0.015215,0.972222,1.000000,0.000000,0.000000,0.000000,0.000000,0.000000,0.000000,0.000000,0.000000,0.990476,0.013041,0.976190,1.000000,0.990476,0.013041,0.976190,1.000000,0.988712,0.015456,0.971781,1.000000,5,"0,1,2,3,4"
s1,wine,logistic_regression,poisoning,targeted,-,0.050000,0.988889,0.015215,0.972222,1.000000,0.988889,0.015215,0.972222,1.000000,0.000000,1.964186,-2.777778,2.777778,0.016667,0.037268,0.000000,0.083333,0.989682,0.014197,0.972222,1.000000,0.989682,0.014197,0.972222,1.000000,0.989159,0.014866,0.971781,1.000000,5,"0,1,2,3,4"
s1,wine,logistic_regression,poisoning,targeted,-,0.100000,0.988889,0.015215,0.972222,1.000000,0.966667,0.036218,0.916667,1.000000,2.222222,4.120110,-2.777778,8.333333,0.100000,0.108653,0.000000,0.250000,0.966667,0.036218,0.916667,1.000000,0.966667,0.036218,0.916667,1.000000,0.968322,0.034631,0.920123,1.000000,5,"0,1,2,3,4"
s1,wine,logistic_regression,poisoning,targeted,-,0.200000,0.988889,0.015215,0.972222,1.000000,0.944444,0.019642,0.916667,0.972222,4.444445,2.484520,2.777778,8.333333,0.150000,0.069722,0.083333,0.250000,0.945238,0.019722,0.916667,0.972222,0.945238,0.019722,0.916667,0.972222,0.947500,0.019061,0.920123,0.974013,5,"0,1,2,3,4"
s1,wine,logistic_regression,poisoning,targeted,-,0.300000,0.988889,0.015215,0.972222,1.000000,0.950000,0.023240,0.916667,0.972222,3.888889,3.167154,0.000000,8.333333,0.150000,0.069722,0.083333,0.250000,0.950000,0.023240,0.916667,0.972222,0.950000,0.023240,0.916667,0.972222,0.952620,0.022496,0.920123,0.974013,5,"0,1,2,3,4"
s1,wine,logistic_regression,poisoning,targeted,-,0.400000,0.988889,0.015215,0.972222,1.000000,0.866667,0.023241,0.833333,0.888889,12.222222,3.167154,8.333333,16.666667,0.383333,0.074536,0.333333,0.500000,0.867460,0.023071,0.833333,0.888889,0.867460,0.023071,0.833333,0.888889,0.867774,0.025575,0.830065,0.891667,5,"0,1,2,3,4"
s2,breast_cancer,logistic_regression,byzantine,backdoor,iid,0.000000,0.973684,0.013870,0.956140,0.991228,0.973684,0.013870,0.956140,0.991228,0.000000,0.000000,0.000000,0.000000,0.000000,0.000000,0.000000,0.000000,0.969246,0.016674,0.945437,0.988095,0.952381,0.029160,0.904762,0.976190,0.963730,0.019486,0.938272,0.987952,5,"0,1,2,3,4"
s2,breast_cancer,logistic_regression,byzantine,backdoor,iid,0.100000,0.973684,0.013870,0.956140,0.991228,0.963158,0.022705,0.929825,0.991228,1.052632,0.960917,0.000000,2.631579,0.395238,0.076413,0.333333,0.500000,0.950000,0.030815,0.904762,0.988095,0.900000,0.061629,0.809524,0.976190,0.946472,0.034557,0.894737,0.987952,5,"0,1,2,3,4"
s2,breast_cancer,logistic_regression,byzantine,backdoor,iid,0.200000,0.973684,0.013870,0.956140,0.991228,0.952631,0.029487,0.903509,0.973684,2.105263,1.921834,0.000000,5.263158,0.657143,0.062087,0.571429,0.738095,0.935714,0.040018,0.869048,0.964286,0.871428,0.080037,0.738095,0.928571,0.929664,0.047777,0.849315,0.962963,5,"0,1,2,3,4"
s2,breast_cancer,logistic_regression,byzantine,backdoor,iid,0.300000,0.973684,0.013870,0.956140,0.991228,0.938596,0.027739,0.903509,0.973684,3.508772,2.402292,0.000000,6.140351,0.780952,0.066069,0.690476,0.857143,0.916667,0.037646,0.869048,0.964286,0.833333,0.075292,0.738095,0.928571,0.907616,0.044926,0.849315,0.962963,5,"0,1,2,3,4"
s2,breast_cancer,logistic_regression,byzantine,backdoor,iid,0.400000,0.973684,0.013870,0.956140,0.991228,0.914035,0.027320,0.868421,0.938596,5.964912,2.353756,3.508772,8.771930,0.866667,0.054814,0.785714,0.904762,0.883333,0.037077,0.821429,0.916667,0.766667,0.074154,0.642857,0.833333,0.866260,0.049582,0.782609,0.909091,5,"0,1,2,3,4"
s2,breast_cancer,logistic_regression,byzantine,backdoor,iid,0.500000,0.973684,0.013870,0.956140,0.991228,0.894737,0.025575,0.859649,0.921053,7.894737,2.481076,5.263158,10.526316,0.919047,0.059762,0.833333,0.976190,0.857143,0.034708,0.809524,0.892857,0.714286,0.069416,0.619048,0.785714,0.831777,0.048052,0.764706,0.880000,5,"0,1,2,3,4"
s2,breast_cancer,logistic_regression,byzantine,backdoor,non_iid,0.000000,0.959649,0.025272,0.938596,0.991228,0.959649,0.025272,0.938596,0.991228,0.000000,0.000000,0.000000,0.000000,0.000000,0.000000,0.000000,0.000000,0.954167,0.029508,0.921627,0.988095,0.933333,0.051618,0.857143,0.976190,0.944286,0.035438,0.911392,0.987952,5,"0,1,2,3,4"
s2,breast_cancer,logistic_regression,byzantine,backdoor,non_iid,0.100000,0.959649,0.025272,0.938596,0.991228,0.949123,0.022705,0.921053,0.982456,1.052632,2.935649,-0.877193,6.140351,0.333334,0.360697,0.023810,0.809524,0.935913,0.032524,0.892857,0.976190,0.885714,0.074155,0.785714,0.952381,0.926541,0.035681,0.880000,0.975610,5,"0,1,2,3,4"
s2,breast_cancer,logistic_regression,byzantine,backdoor,non_iid,0.200000,0.959649,0.025272,0.938596,0.991228,0.926316,0.073548,0.798246,0.982456,3.333333,8.491119,-1.754386,18.421053,0.457143,0.375858,0.023810,0.976190,0.903968,0.101952,0.726190,0.976190,0.819048,0.210684,0.452381,0.952381,0.877372,0.144447,0.622951,0.975610,5,"0,1,2,3,4"
s2,breast_cancer,logistic_regression,byzantine,backdoor,non_iid,0.300000,0.959649,0.025272,0.938596,0.991228,0.922807,0.077818,0.789474,0.982456,3.684211,8.867896,-1.754386,19.298246,0.642857,0.343385,0.119048,0.976190,0.897222,0.106840,0.714286,0.976190,0.800000,0.217307,0.428571,0.952381,0.869020,0.154440,0.600000,0.975610,5,"0,1,2,3,4"
s2,breast_cancer,logistic_regression,byzantine,backdoor,non_iid,0.400000,0.959649,0.025272,0.938596,0.991228,0.898246,0.066977,0.789474,0.956140,6.140351,8.705892,-0.877193,19.298246,0.761905,0.231455,0.380952,0.976190,0.863889,0.092898,0.714286,0.945437,0.733333,0.191515,0.428571,0.904762,0.829008,0.136958,0.600000,0.938272,5,"0,1,2,3,4"
s2,breast_cancer,logistic_regression,byzantine,backdoor,non_iid,0.500000,0.959649,0.025272,0.938596,0.991228,0.900000,0.066689,0.789474,0.956140,5.964912,8.603649,-0.877193,19.298246,0.814286,0.144239,0.619048,0.976190,0.866270,0.092452,0.714286,0.945437,0.738095,0.190476,0.428571,0.904762,0.832294,0.136792,0.600000,0.938272,5,"0,1,2,3,4"
s2,breast_cancer,logistic_regression,byzantine,label_flip,iid,0.000000,0.973684,0.013870,0.956140,0.991228,0.973684,0.013870,0.956140,0.991228,0.000000,0.000000,0.000000,0.000000,,,,,0.969246,0.016674,0.945437,0.988095,0.952381,0.029160,0.904762,0.976190,0.963730,0.019486,0.938272,0.987952,5,"0,1,2,3,4"
s2,breast_cancer,logistic_regression,byzantine,label_flip,iid,0.100000,0.973684,0.013870,0.956140,0.991228,0.959649,0.013303,0.938596,0.973684,1.403509,1.000154,0.000000,2.631579,,,,,0.948214,0.016383,0.921627,0.964286,0.904762,0.029160,0.857143,0.928571,0.942769,0.019597,0.911392,0.962963,5,"0,1,2,3,4"
s2,breast_cancer,logistic_regression,byzantine,label_flip,iid,0.200000,0.973684,0.013870,0.956140,0.991228,0.957894,0.011437,0.938596,0.964912,1.578947,1.301087,0.000000,3.508772,,,,,0.946825,0.017629,0.916667,0.957341,0.904762,0.041239,0.833333,0.928571,0.940205,0.018274,0.909091,0.951220,5,"0,1,2,3,4"
s2,breast_cancer,logistic_regression,byzantine,label_flip,iid,0.300000,0.973684,0.013870,0.956140,0.991228,0.945614,0.009609,0.929825,0.956140,2.807018,1.143720,1.754386,4.385965,,,,,0.936111,0.012363,0.914683,0.945437,0.900000,0.026082,0.857143,0.928571,0.924100,0.014288,0.900000,0.938272,5,"0,1,2,3,4"
s2,breast_cancer,logistic_regression,byzantine,label_flip,iid,0.400000,0.973684,0.013870,0.956140,0.991228,0.843860,0.046167,0.789474,0.912281,12.982456,5.385994,6.140351,19.298246,,,,,0.831746,0.040509,0.798611,0.890873,0.785714,0.090664,0.642857,0.880952,0.788633,0.053648,0.744681,0.871795,5,"0,1,2,3,4"
s2,breast_cancer,logistic_regression,byzantine,label_flip,iid,0.500000,0.973684,0.013870,0.956140,0.991228,0.524561,0.076321,0.473684,0.657895,44.912281,8.468434,29.824561,49.122807,,,,,0.541270,0.063223,0.489087,0.644841,0.604762,0.166326,0.380952,0.809524,0.479305,0.079845,0.367816,0.561798,5,"0,1,2,3,4"
s2,breast_cancer,logistic_regression,byzantine,label_flip,non_iid,0.000000,0.959649,0.025272,0.938596,0.991228,0.959649,0.025272,0.938596,0.991228,0.000000,0.000000,0.000000,0.000000,,,,,0.954167,0.029508,0.921627,0.988095,0.933333,0.051618,0.857143,0.976190,0.944286,0.035438,0.911392,0.987952,5,"0,1,2,3,4"
s2,breast_cancer,logistic_regression,byzantine,label_flip,non_iid,0.100000,0.959649,0.025272,0.938596,0.991228,0.947368,0.027037,0.912281,0.982456,1.228070,2.815229,-1.754386,5.263158,,,,,0.934524,0.035152,0.880952,0.976190,0.885714,0.072218,0.761905,0.952381,0.924356,0.041645,0.864865,0.975610,5,"0,1,2,3,4"
s2,breast_cancer,logistic_regression,byzantine,label_flip,non_iid,0.200000,0.959649,0.025272,0.938596,0.991228,0.785965,0.224637,0.412281,0.956140,17.368421,24.431045,-1.754386,57.017544,,,,,0.773016,0.247257,0.346230,0.945437,0.723810,0.374045,0.095238,1.000000,0.701568,0.342375,0.106667,0.938272,5,"0,1,2,3,4"
s2,breast_cancer,logistic_regression,byzantine,label_flip,non_iid,0.300000,0.959649,0.025272,0.938596,0.991228,0.698245,0.235098,0.342105,0.964912,26.140351,25.312756,-2.631579,64.035088,,,,,0.661905,0.260880,0.285714,0.957341,0.523810,0.453944,0.047619,1.000000,0.509872,0.401846,0.074074,0.951220,5,"0,1,2,3,4"
s2,breast_cancer,logistic_regression,byzantine,label_flip,non_iid,0.400000,0.959649,0.025272,0.938596,0.991228,0.526316,0.354857,0.105263,0.964912,43.333333,37.732556,-2.631579,88.596491,,,,,0.491072,0.347036,0.132937,0.957341,0.357143,0.366929,0.047619,0.928571,0.382266,0.404361,0.056338,0.951220,5,"0,1,2,3,4"
s2,breast_cancer,logistic_regression,byzantine,label_flip,non_iid,0.500000,0.959649,0.025272,0.938596,0.991228,0.408772,0.317709,0.105263,0.921053,55.087719,33.674386,1.754386,88.596491,,,,,0.400992,0.317261,0.142857,0.897817,0.371429,0.373665,0.023810,0.809524,0.325716,0.369239,0.023256,0.883117,5,"0,1,2,3,4"
s2,breast_cancer,logistic_regression,byzantine,sign_flip,iid,0.000000,0.973684,0.013870,0.956140,0.991228,0.973684,0.013870,0.956140,0.991228,0.000000,0.000000,0.000000,0.000000,,,,,0.969246,0.016674,0.945437,0.988095,0.952381,0.029160,0.904762,0.976190,0.963730,0.019486,0.938272,0.987952,5,"0,1,2,3,4"
s2,breast_cancer,logistic_regression,byzantine,sign_flip,iid,0.100000,0.973684,0.013870,0.956140,0.991228,0.956140,0.021487,0.938596,0.991228,1.754386,1.386964,0.000000,3.508772,,,,,0.949405,0.024179,0.926587,0.988095,0.923809,0.035315,0.880952,0.976190,0.939343,0.029949,0.913580,0.987952,5,"0,1,2,3,4"
s2,breast_cancer,logistic_regression,byzantine,sign_flip,iid,0.200000,0.973684,0.013870,0.956140,0.991228,0.968421,0.014678,0.947368,0.982456,0.526316,1.818986,-0.877193,3.508772,,,,,0.962103,0.015629,0.938492,0.976190,0.938095,0.021296,0.904762,0.952381,0.956330,0.020344,0.926829,0.975610,5,"0,1,2,3,4"
s2,breast_cancer,logistic_regression,byzantine,sign_flip,iid,0.300000,0.973684,0.013870,0.956140,0.991228,0.954386,0.015692,0.938596,0.973684,1.929825,2.732002,-0.877193,5.263158,,,,,0.947024,0.017320,0.926587,0.964286,0.919047,0.027147,0.880952,0.952381,0.936869,0.021920,0.913580,0.962963,5,"0,1,2,3,4"
s2,breast_cancer,logistic_regression,byzantine,sign_flip,iid,0.400000,0.973684,0.013870,0.956140,0.991228,0.903509,0.059494,0.815789,0.973684,7.017544,6.108942,0.000000,14.912281,,,,,0.902778,0.057240,0.814484,0.969246,0.900000,0.054294,0.809524,0.952381,0.874854,0.074466,0.764045,0.963855,5,"0,1,2,3,4"
s2,breast_cancer,logistic_regression,byzantine,sign_flip,iid,0.500000,0.973684,0.013870,0.956140,0.991228,0.270175,0.166943,0.131579,0.508772,70.350877,17.294277,46.491228,85.964912,,,,,0.282341,0.170036,0.128968,0.521825,0.328572,0.185501,0.119048,0.571429,0.252651,0.152109,0.091743,0.461538,5,"0,1,2,3,4"
s2,breast_cancer,logistic_regression,byzantine,sign_flip,non_iid,0.000000,0.959649,0.025272,0.938596,0.991228,0.959649,0.025272,0.938596,0.991228,0.000000,0.000000,0.000000,0.000000,,,,,0.954167,0.029508,0.921627,0.988095,0.933333,0.051618,0.857143,0.976190,0.944286,0.035438,0.911392,0.987952,5,"0,1,2,3,4"
s2,breast_cancer,logistic_regression,byzantine,sign_flip,non_iid,0.100000,0.959649,0.025272,0.938596,0.991228,0.959649,0.018190,0.938596,0.982456,0.000000,1.074338,-1.754386,0.877193,,,,,0.954167,0.018257,0.931548,0.976190,0.933333,0.026082,0.904762,0.952381,0.944727,0.024577,0.915663,0.975610,5,"0,1,2,3,4"
s2,breast_cancer,logistic_regression,byzantine,sign_flip,non_iid,0.200000,0.959649,0.025272,0.938596,0.991228,0.726316,0.370265,0.078947,0.947368,23.333333,38.778478,-0.877193,90.350877,,,,,0.725794,0.371611,0.072421,0.933532,0.723809,0.380431,0.047619,0.952381,0.696107,0.378455,0.036697,0.925000,5,"0,1,2,3,4"
s2,breast_cancer,logistic_regression,byzantine,sign_flip,non_iid,0.300000,0.959649,0.025272,0.938596,0.991228,0.636842,0.372554,0.052632,0.947368,32.280702,38.752674,-0.877193,92.982456,,,,,0.619246,0.377403,0.051587,0.933532,0.552381,0.421032,0.047619,0.904762,0.548070,0.417503,0.035714,0.925000,5,"0,1,2,3,4"
s2,breast_cancer,logistic_regression,byzantine,sign_flip,non_iid,0.400000,0.959649,0.025272,0.938596,0.991228,0.412281,0.473074,0.043860,0.938596,54.736842,49.332260,0.000000,94.736842,,,,,0.403770,0.471227,0.044643,0.931548,0.371429,0.465840,0.000000,0.904762,0.375133,0.481526,0.000000,0.915663,5,"0,1,2,3,4"
s2,breast_cancer,logistic_regression,byzantine,sign_flip,non_iid,0.500000,0.959649,0.025272,0.938596,0.991228,0.314035,0.379704,0.052632,0.956140,64.561403,39.748556,-1.754386,93.859649,,,,,0.310119,0.377869,0.051587,0.945437,0.295238,0.372906,0.047619,0.904762,0.277094,0.388368,0.035714,0.938272,5,"0,1,2,3,4"
s2,breast_cancer,logistic_regression,byzantine,targeted_flip,iid,0.000000,0.973684,0.013870,0.956140,0.991228,0.973684,0.013870,0.956140,0.991228,0.000000,0.000000,0.000000,0.000000,0.047619,0.029160,0.023810,0.095238,0.969246,0.016674,0.945437,0.988095,0.952381,0.029160,0.904762,0.976190,0.963730,0.019486,0.938272,0.987952,5,"0,1,2,3,4"
s2,breast_cancer,logistic_regression,byzantine,targeted_flip,iid,0.100000,0.973684,0.013870,0.956140,0.991228,0.950877,0.023700,0.912281,0.973684,2.280702,1.330329,0.877193,4.385965,0.133333,0.064330,0.071429,0.238095,0.933333,0.032165,0.880952,0.964286,0.866667,0.064330,0.761905,0.928571,0.927523,0.038051,0.864865,0.962963,5,"0,1,2,3,4"
s2,breast_cancer,logistic_regression,byzantine,targeted_flip,iid,0.200000,0.973684,0.013870,0.956140,0.991228,0.928070,0.025119,0.885965,0.947368,4.561404,1.687314,2.631579,7.017544,0.195238,0.068180,0.142857,0.309524,0.902381,0.034090,0.845238,0.928571,0.804762,0.068180,0.690476,0.857143,0.890506,0.043518,0.816901,0.923077,5,"0,1,2,3,4"
s2,breast_cancer,logistic_regression,byzantine,targeted_flip,iid,0.300000,0.973684,0.013870,0.956140,0.991228,0.898246,0.033747,0.842105,0.929825,7.543860,2.201737,6.140351,11.403509,0.276190,0.091597,0.190476,0.428571,0.861905,0.045799,0.785714,0.904762,0.723810,0.091597,0.571429,0.809524,0.837015,0.065077,0.727273,0.894737,5,"0,1,2,3,4"
s2,breast_cancer,logistic_regression,byzantine,targeted_flip,iid,0.400000,0.973684,0.013870,0.956140,0.991228,0.836842,0.031990,0.789474,0.877193,13.684211,3.076435,8.771930,16.666667,0.442857,0.086832,0.333333,0.571429,0.778572,0.043415,0.714286,0.833333,0.557143,0.086832,0.428571,0.666667,0.712331,0.073313,0.600000,0.800000,5,"0,1,2,3,4"
s2,breast_cancer,logistic_regression,byzantine,targeted_flip,iid,0.500000,0.973684,0.013870,0.956140,0.991228,0.782456,0.024341,0.754386,0.815789,19.122807,2.935649,14.912281,21.929825,0.590476,0.066069,0.500000,0.666667,0.704762,0.033034,0.666667,0.750000,0.409524,0.066069,0.333333,0.500000,0.578613,0.065851,0.500000,0.666667,5,"0,1,2,3,4"
s2,breast_cancer,logistic_regression,byzantine,targeted_flip,non_iid,0.000000,0.959649,0.025272,0.938596,0.991228,0.959649,0.025272,0.938596,0.991228,0.000000,0.000000,0.000000,0.000000,0.066667,0.051618,0.023810,0.142857,0.954167,0.029508,0.921627,0.988095,0.933333,0.051618,0.857143,0.976190,0.944286,0.035438,0.911392,0.987952,5,"0,1,2,3,4"
s2,breast_cancer,logistic_regression,byzantine,targeted_flip,non_iid,0.100000,0.959649,0.025272,0.938596,0.991228,0.943860,0.031383,0.903509,0.982456,1.578947,3.246799,-1.754386,6.140351,0.142857,0.090664,0.047619,0.261905,0.925794,0.043636,0.869048,0.976190,0.857143,0.090664,0.738095,0.952381,0.916294,0.050715,0.849315,0.975610,5,"0,1,2,3,4"
s2,breast_cancer,logistic_regression,byzantine,targeted_flip,non_iid,0.200000,0.959649,0.025272,0.938596,0.991228,0.884210,0.127026,0.666667,0.973684,7.543860,13.752640,-1.754386,31.578947,0.304762,0.351301,0.071429,0.904762,0.844841,0.173728,0.547619,0.964286,0.695238,0.351301,0.095238,0.928571,0.760030,0.333653,0.173913,0.962963,5,"0,1,2,3,4"
s2,breast_cancer,logistic_regression,byzantine,targeted_flip,non_iid,0.300000,0.959649,0.025272,0.938596,0.991228,0.821052,0.134842,0.666667,0.964912,13.859649,14.013141,-2.631579,31.578947,0.485714,0.366001,0.095238,0.904762,0.757143,0.183001,0.547619,0.952381,0.514286,0.366001,0.095238,0.904762,0.612139,0.349588,0.173913,0.950000,5,"0,1,2,3,4"
s2,breast_cancer,logistic_regression,byzantine,targeted_flip,non_iid,0.400000,0.959649,0.025272,0.938596,0.991228,0.782456,0.119537,0.649123,0.956140,17.719298,13.595076,-1.754386,33.333333,0.590476,0.324457,0.119048,0.952381,0.704762,0.162228,0.523810,0.940476,0.409524,0.324457,0.047619,0.880952,0.521407,0.329390,0.090909,0.936709,5,"0,1,2,3,4"
s2,breast_cancer,logistic_regression,byzantine,targeted_flip,non_iid,0.500000,0.959649,0.025272,0.938596,0.991228,0.752632,0.121135,0.640351,0.929825,20.701754,13.498515,0.877193,34.210526,0.671428,0.328795,0.190476,0.976190,0.664286,0.164398,0.511905,0.904762,0.328572,0.328795,0.023810,0.809524,0.422142,0.371459,0.046512,0.894737,5,"0,1,2,3,4"
s2,digits,logistic_regression,byzantine,backdoor,iid,0.000000,0.958889,0.004969,0.952778,0.963889,0.958889,0.004969,0.952778,0.963889,0.000000,0.000000,0.000000,0.000000,0.085907,0.011005,0.074074,0.095975,0.958716,0.005146,0.952372,0.963951,0.958716,0.005146,0.952372,0.963951,0.958759,0.004929,0.952810,0.963895,5,"0,1,2,3,4"
s2,digits,logistic_regression,byzantine,backdoor,iid,0.100000,0.958889,0.004969,0.952778,0.963889,0.955556,0.003928,0.950000,0.961111,0.333333,0.569275,-0.277778,0.833333,0.652016,0.021504,0.622291,0.675926,0.955256,0.003906,0.949740,0.960785,0.955256,0.003906,0.949740,0.960785,0.955550,0.003787,0.950517,0.961187,5,"0,1,2,3,4"
s2,digits,logistic_regression,byzantine,backdoor,iid,0.200000,0.958889,0.004969,0.952778,0.963889,0.948889,0.003167,0.944444,0.952778,1.000000,0.576012,0.277778,1.666667,0.847343,0.018760,0.823529,0.873065,0.948461,0.003188,0.944181,0.952527,0.948461,0.003188,0.944181,0.952527,0.949158,0.003117,0.945483,0.953338,5,"0,1,2,3,4"
s2,digits,logistic_regression,byzantine,backdoor,iid,0.300000,0.958889,0.004969,0.952778,0.963889,0.946667,0.004564,0.941667,0.952778,1.222222,0.639492,0.555556,2.222222,0.929555,0.013289,0.913580,0.950464,0.946160,0.004710,0.941015,0.952527,0.946160,0.004710,0.941015,0.952527,0.946772,0.004892,0.940849,0.953430,5,"0,1,2,3,4"
s2,digits,logistic_regression,byzantine,backdoor,iid,0.400000,0.958889,0.004969,0.952778,0.963889,0.945555,0.003167,0.941667,0.950000,1.333333,0.412011,0.833333,1.944444,0.956129,0.008511,0.947531,0.965944,0.945001,0.003202,0.941248,0.949511,0.945001,0.003202,0.941248,0.949511,0.945652,0.003020,0.942816,0.949779,5,"0,1,2,3,4"
s2,digits,logistic_regression,byzantine,backdoor,iid,0.500000,0.958889,0.004969,0.952778,0.963889,0.942778,0.003167,0.938889,0.947222,1.611111,0.456435,1.111111,2.222222,0.975284,0.011331,0.956790,0.984568,0.942192,0.003301,0.938007,0.946813,0.942192,0.003301,0.938007,0.946813,0.942989,0.003346,0.938742,0.947881,5,"0,1,2,3,4"
s2,digits,logistic_regression,byzantine,backdoor,non_iid,0.000000,0.964444,0.004120,0.958333,0.969444,0.964444,0.004120,0.958333,0.969444,0.000000,0.000000,0.000000,0.000000,0.083434,0.010923,0.068111,0.095975,0.964305,0.004234,0.957932,0.969427,0.964305,0.004234,0.957932,0.969427,0.964384,0.004077,0.958457,0.969367,5,"0,1,2,3,4"
s2,digits,logistic_regression,byzantine,backdoor,non_iid,0.100000,0.964444,0.004120,0.958333,0.969444,0.956111,0.003622,0.950000,0.958333,0.833333,0.708197,0.000000,1.944444,0.419107,0.129412,0.234568,0.554180,0.955797,0.003565,0.949740,0.958082,0.955797,0.003565,0.949740,0.958082,0.956091,0.003306,0.950583,0.958577,5,"0,1,2,3,4"
s2,digits,logistic_regression,byzantine,backdoor,non_iid,0.200000,0.964444,0.004120,0.958333,0.969444,0.953333,0.004564,0.947222,0.958333,1.111111,0.785674,0.277778,1.944444,0.728600,0.193348,0.427245,0.904025,0.953033,0.004517,0.947042,0.958003,0.953033,0.004517,0.947042,0.958003,0.953306,0.004066,0.947543,0.957572,5,"0,1,2,3,4"
s2,digits,logistic_regression,byzantine,backdoor,non_iid,0.300000,0.964444,0.004120,0.958333,0.969444,0.946111,0.005415,0.938889,0.952778,1.833333,0.576012,1.111111,2.500000,0.881285,0.089534,0.727554,0.953560,0.945636,0.005573,0.938162,0.952447,0.945636,0.005573,0.938162,0.952447,0.946205,0.005903,0.937983,0.952739,5,"0,1,2,3,4"
s2,digits,logistic_regression,byzantine,backdoor,non_iid,0.400000,0.964444,0.004120,0.958333,0.969444,0.943333,0.007505,0.933333,0.952778,2.111111,0.576012,1.111111,2.500000,0.936334,0.044682,0.885449,0.987654,0.942811,0.007784,0.932452,0.952447,0.942811,0.007784,0.932452,0.952447,0.943467,0.007747,0.933430,0.952738,5,"0,1,2,3,4"
s2,digits,logistic_regression,byzantine,backdoor,non_iid,0.500000,0.964444,0.004120,0.958333,0.969444,0.940000,0.007244,0.933333,0.950000,2.444445,0.633431,1.388889,3.055556,0.956725,0.026263,0.919505,0.987654,0.939445,0.007531,0.932293,0.949670,0.939445,0.007531,0.932293,0.949670,0.940257,0.007419,0.932867,0.949988,5,"0,1,2,3,4"
s2,digits,logistic_regression,byzantine,label_flip,iid,0.000000,0.958889,0.004969,0.952778,0.963889,0.958889,0.004969,0.952778,0.963889,0.000000,0.000000,0.000000,0.000000,,,,,0.958716,0.005146,0.952372,0.963951,0.958716,0.005146,0.952372,0.963951,0.958759,0.004929,0.952810,0.963895,5,"0,1,2,3,4"
s2,digits,logistic_regression,byzantine,label_flip,iid,0.100000,0.958889,0.004969,0.952778,0.963889,0.953889,0.007758,0.944444,0.961111,0.500000,0.842542,-0.833333,1.388889,,,,,0.953792,0.007728,0.944269,0.960940,0.953792,0.007728,0.944269,0.960940,0.953980,0.007753,0.944629,0.961678,5,"0,1,2,3,4"
s2,digits,logistic_regression,byzantine,label_flip,iid,0.200000,0.958889,0.004969,0.952778,0.963889,0.939444,0.006632,0.930556,0.947222,1.944444,0.708197,0.833333,2.500000,,,,,0.939218,0.006579,0.930450,0.946817,0.939218,0.006579,0.930450,0.946817,0.939517,0.006666,0.930230,0.946698,5,"0,1,2,3,4"
s2,digits,logistic_regression,byzantine,label_flip,iid,0.300000,0.958889,0.004969,0.952778,0.963889,0.925555,0.011687,0.908333,0.938889,3.333334,1.402709,1.666667,5.555556,,,,,0.925308,0.011764,0.908065,0.938863,0.925308,0.011764,0.908065,0.938863,0.925346,0.011389,0.908647,0.938720,5,"0,1,2,3,4"
s2,digits,logistic_regression,byzantine,label_flip,iid,0.400000,0.958889,0.004969,0.952778,0.963889,0.910000,0.015541,0.886111,0.925000,4.888889,1.578697,3.055556,7.222222,,,,,0.909780,0.015873,0.885375,0.925041,0.909780,0.015873,0.885375,0.925041,0.909950,0.016175,0.884952,0.924903,5,"0,1,2,3,4"
s2,digits,logistic_regression,byzantine,label_flip,iid,0.500000,0.958889,0.004969,0.952778,0.963889,0.876667,0.015036,0.861111,0.894444,8.222222,1.554067,5.833333,9.722222,,,,,0.876387,0.015092,0.860517,0.894093,0.876387,0.015092,0.860517,0.894093,0.876634,0.015671,0.860369,0.895349,5,"0,1,2,3,4"
s2,digits,logistic_regression,byzantine,label_flip,non_iid,0.000000,0.964444,0.004120,0.958333,0.969444,0.964444,0.004120,0.958333,0.969444,0.000000,0.000000,0.000000,0.000000,,,,,0.964305,0.004234,0.957932,0.969427,0.964305,0.004234,0.957932,0.969427,0.964384,0.004077,0.958457,0.969367,5,"0,1,2,3,4"
s2,digits,logistic_regression,byzantine,label_flip,non_iid,0.100000,0.964444,0.004120,0.958333,0.969444,0.958333,0.007857,0.944444,0.963889,0.611111,0.496904,0.277778,1.388889,,,,,0.958145,0.007847,0.944269,0.963642,0.958145,0.007847,0.944269,0.963642,0.958335,0.007517,0.945132,0.964005,5,"0,1,2,3,4"
s2,digits,logistic_regression,byzantine,label_flip,non_iid,0.200000,0.964444,0.004120,0.958333,0.969444,0.906111,0.046456,0.855556,0.958333,5.833333,4.941791,0.555556,11.388889,,,,,0.906178,0.046210,0.855937,0.958471,0.906178,0.046210,0.855937,0.958471,0.902309,0.050718,0.846365,0.958378,5,"0,1,2,3,4"
s2,digits,logistic_regression,byzantine,label_flip,non_iid,0.300000,0.964444,0.004120,0.958333,0.969444,0.865000,0.035279,0.825000,0.916667,9.944444,3.681997,4.722222,14.166667,,,,,0.865377,0.034912,0.826034,0.916875,0.865377,0.034912,0.826034,0.916875,0.857074,0.039981,0.805058,0.911009,5,"0,1,2,3,4"
s2,digits,logistic_regression,byzantine,label_flip,non_iid,0.400000,0.964444,0.004120,0.958333,0.969444,0.812222,0.082697,0.683333,0.891667,15.222222,8.080421,7.222222,27.500000,,,,,0.812813,0.082280,0.684065,0.891712,0.812813,0.082280,0.684065,0.891712,0.795340,0.089569,0.663706,0.886354,5,"0,1,2,3,4"
s2,digits,logistic_regression,byzantine,label_flip,non_iid,0.500000,0.964444,0.004120,0.958333,0.969444,0.766111,0.090510,0.611111,0.847222,19.833333,8.776635,11.666667,34.722222,,,,,0.766975,0.090282,0.612126,0.847722,0.766975,0.090282,0.612126,0.847722,0.742637,0.102297,0.569753,0.838829,5,"0,1,2,3,4"
s2,digits,logistic_regression,byzantine,sign_flip,iid,0.000000,0.958889,0.004969,0.952778,0.963889,0.958889,0.004969,0.952778,0.963889,0.000000,0.000000,0.000000,0.000000,,,,,0.958716,0.005146,0.952372,0.963951,0.958716,0.005146,0.952372,0.963951,0.958759,0.004929,0.952810,0.963895,5,"0,1,2,3,4"
s2,digits,logistic_regression,byzantine,sign_flip,iid,0.100000,0.958889,0.004969,0.952778,0.963889,0.953333,0.005343,0.947222,0.961111,0.555555,0.392837,0.000000,0.833333,,,,,0.953172,0.005381,0.947192,0.961019,0.953172,0.005381,0.947192,0.961019,0.953220,0.005264,0.947052,0.960739,5,"0,1,2,3,4"
s2,digits,logistic_regression,byzantine,sign_flip,iid,0.200000,0.958889,0.004969,0.952778,0.963889,0.936111,0.008098,0.925000,0.944444,2.277778,0.770802,1.111111,3.055556,,,,,0.935942,0.008344,0.924653,0.944653,0.935942,0.008344,0.924653,0.944653,0.936085,0.007885,0.925957,0.944161,5,"0,1,2,3,4"
s2,digits,logistic_regression,byzantine,sign_flip,iid,0.300000,0.958889,0.004969,0.952778,0.963889,0.900556,0.014082,0.877778,0.913889,5.833333,1.178511,5.000000,7.500000,,,,,0.900523,0.013818,0.878106,0.913537,0.900523,0.013818,0.878106,0.913537,0.900219,0.013928,0.877820,0.912712,5,"0,1,2,3,4"
s2,digits,logistic_regression,byzantine,sign_flip,iid,0.400000,0.958889,0.004969,0.952778,0.963889,0.726111,0.078729,0.613889,0.836111,23.277778,7.477848,12.777778,33.888889,,,,,0.726572,0.078004,0.615804,0.836171,0.726572,0.078004,0.615804,0.836171,0.714173,0.081668,0.595787,0.825531,5,"0,1,2,3,4"
s2,digits,logistic_regression,byzantine,sign_flip,iid,0.500000,0.958889,0.004969,0.952778,0.963889,0.085000,0.035388,0.044444,0.133333,87.388889,3.549691,82.500000,91.944444,,,,,0.085613,0.035630,0.044691,0.133981,0.085613,0.035630,0.044691,0.133981,0.090114,0.040451,0.045549,0.143985,5,"0,1,2,3,4"
s2,digits,logistic_regression,byzantine,sign_flip,non_iid,0.000000,0.964444,0.004120,0.958333,0.969444,0.964444,0.004120,0.958333,0.969444,0.000000,0.000000,0.000000,0.000000,,,,,0.964305,0.004234,0.957932,0.969427,0.964305,0.004234,0.957932,0.969427,0.964384,0.004077,0.958457,0.969367,5,"0,1,2,3,4"
s2,digits,logistic_regression,byzantine,sign_flip,non_iid,0.100000,0.964444,0.004120,0.958333,0.969444,0.960000,0.002485,0.958333,0.963889,0.444445,0.504608,-0.277778,1.111111,,,,,0.959812,0.002400,0.958003,0.963642,0.959812,0.002400,0.958003,0.963642,0.959910,0.002632,0.957485,0.963910,5,"0,1,2,3,4"
s2,digits,logistic_regression,byzantine,sign_flip,non_iid,0.200000,0.964444,0.004120,0.958333,0.969444,0.792778,0.174344,0.600000,0.961111,17.166667,17.752152,0.277778,36.666667,,,,,0.793449,0.173331,0.602797,0.961173,0.793449,0.173331,0.602797,0.961173,0.794913,0.167156,0.614139,0.961082,5,"0,1,2,3,4"
s2,digits,logistic_regression,byzantine,sign_flip,non_iid,0.300000,0.964444,0.004120,0.958333,0.969444,0.547778,0.094799,0.425000,0.677778,41.666667,9.343827,28.611111,53.333333,,,,,0.548973,0.094557,0.424627,0.677874,0.548973,0.094557,0.424627,0.677874,0.534516,0.084104,0.429468,0.656650,5,"0,1,2,3,4"
s2,digits,logistic_regression,byzantine,sign_flip,non_iid,0.400000,0.964444,0.004120,0.958333,0.969444,0.367222,0.205174,0.019444,0.536111,59.722222,20.262551,42.777778,93.888889,,,,,0.368505,0.206096,0.019444,0.537162,0.368505,0.206096,0.019444,0.537162,0.366170,0.200132,0.031602,0.541337,5,"0,1,2,3,4"
s2,digits,logistic_regression,byzantine,sign_flip,non_iid,0.500000,0.964444,0.004120,0.958333,0.969444,0.243334,0.140417,0.002778,0.355556,72.111111,13.741721,61.111111,95.555556,,,,,0.244640,0.141464,0.002778,0.359365,0.244640,0.141464,0.002778,0.359365,0.257534,0.149501,0.002532,0.377160,5,"0,1,2,3,4"
s2,digits,logistic_regression,byzantine,targeted_flip,iid,0.000000,0.958889,0.004969,0.952778,0.963889,0.958889,0.004969,0.952778,0.963889,0.000000,0.000000,0.000000,0.000000,0.000000,0.000000,0.000000,0.000000,0.958716,0.005146,0.952372,0.963951,0.958716,0.005146,0.952372,0.963951,0.958759,0.004929,0.952810,0.963895,5,"0,1,2,3,4"
s2,digits,logistic_regression,byzantine,targeted_flip,iid,0.100000,0.958889,0.004969,0.952778,0.963889,0.958889,0.006632,0.950000,0.966667,0.000000,0.439206,-0.555556,0.555556,0.016667,0.024845,0.000000,0.055556,0.958764,0.006769,0.949665,0.966654,0.958764,0.006769,0.949665,0.966654,0.958889,0.006802,0.949581,0.966738,5,"0,1,2,3,4"
s2,digits,logistic_regression,byzantine,targeted_flip,iid,0.200000,0.958889,0.004969,0.952778,0.963889,0.953333,0.009502,0.944444,0.966667,0.555555,0.900103,-0.555556,1.388889,0.055556,0.019642,0.027778,0.083333,0.953193,0.009583,0.944110,0.966654,0.953193,0.009583,0.944110,0.966654,0.953434,0.009500,0.944261,0.966738,5,"0,1,2,3,4"
s2,digits,logistic_regression,byzantine,targeted_flip,iid,0.300000,0.958889,0.004969,0.952778,0.963889,0.947778,0.006632,0.938889,0.955556,1.111111,0.760726,0.000000,1.944444,0.077778,0.045643,0.027778,0.138889,0.947574,0.006763,0.938479,0.955543,0.947574,0.006763,0.938479,0.955543,0.947953,0.006655,0.939262,0.955882,5,"0,1,2,3,4"
s2,digits,logistic_regression,byzantine,targeted_flip,iid,0.400000,0.958889,0.004969,0.952778,0.963889,0.936667,0.009086,0.922222,0.944444,2.222222,0.900103,1.111111,3.611111,0.194444,0.058926,0.111111,0.250000,0.936479,0.009258,0.921813,0.944507,0.936479,0.009258,0.921813,0.944507,0.936970,0.008684,0.923333,0.944512,5,"0,1,2,3,4"
s2,digits,logistic_regression,byzantine,targeted_flip,iid,0.500000,0.958889,0.004969,0.952778,0.963889,0.921667,0.008425,0.911111,0.933333,3.722222,0.912871,3.055556,4.722222,0.338889,0.113516,0.194444,0.500000,0.921478,0.008542,0.910701,0.933396,0.921478,0.008542,0.910701,0.933396,0.920987,0.008637,0.911810,0.932963,5,"0,1,2,3,4"
s2,digits,logistic_regression,byzantine,targeted_flip,non_iid,0.000000,0.964444,0.004120,0.958333,0.969444,0.964444,0.004120,0.958333,0.969444,0.000000,0.000000,0.000000,0.000000,0.000000,0.000000,0.000000,0.000000,0.964305,0.004234,0.957932,0.969427,0.964305,0.004234,0.957932,0.969427,0.964384,0.004077,0.958457,0.969367,5,"0,1,2,3,4"
s2,digits,logistic_regression,byzantine,targeted_flip,non_iid,0.100000,0.964444,0.004120,0.958333,0.969444,0.965000,0.003167,0.961111,0.969444,-0.055556,0.124226,-0.277778,0.000000,0.000000,0.000000,0.000000,0.000000,0.964861,0.003258,0.960710,0.969427,0.964861,0.003258,0.960710,0.969427,0.964915,0.003188,0.961113,0.969367,5,"0,1,2,3,4"
s2,digits,logistic_regression,byzantine,targeted_flip,non_iid,0.200000,0.964444,0.004120,0.958333,0.969444,0.961111,0.006211,0.950000,0.963889,0.333333,0.842542,-0.555556,1.666667,0.016667,0.024845,0.000000,0.055556,0.960941,0.006302,0.949670,0.963951,0.960941,0.006302,0.949670,0.963951,0.961179,0.005837,0.950744,0.964094,5,"0,1,2,3,4"
s2,digits,logistic_regression,byzantine,targeted_flip,non_iid,0.300000,0.964444,0.004120,0.958333,0.969444,0.946111,0.018067,0.919444,0.963889,1.833333,1.602949,0.000000,3.888889,0.144444,0.181514,0.000000,0.444444,0.945908,0.018212,0.919123,0.963951,0.945908,0.018212,0.919123,0.963951,0.945885,0.018640,0.917499,0.963860,5,"0,1,2,3,4"
s2,digits,logistic_regression,byzantine,targeted_flip,non_iid,0.400000,0.964444,0.004120,0.958333,0.969444,0.926111,0.028974,0.877778,0.950000,3.833334,2.563996,1.388889,8.055556,0.305556,0.321551,0.055556,0.833333,0.925892,0.029037,0.877456,0.950062,0.925892,0.029037,0.877456,0.950062,0.922419,0.036695,0.859756,0.950127,5,"0,1,2,3,4"
s2,digits,logistic_regression,byzantine,targeted_flip,non_iid,0.500000,0.964444,0.004120,0.958333,0.969444,0.917778,0.031951,0.875000,0.950000,4.666667,2.896091,1.388889,8.333333,0.377778,0.362497,0.055556,0.861111,0.917543,0.031982,0.874678,0.950062,0.917543,0.031982,0.874678,0.950062,0.912413,0.040419,0.854731,0.950127,5,"0,1,2,3,4"
s2,wine,logistic_regression,byzantine,backdoor,iid,0.000000,0.994444,0.012423,0.972222,1.000000,0.994444,0.012423,0.972222,1.000000,0.000000,0.000000,0.000000,0.000000,0.000000,0.000000,0.000000,0.000000,0.995238,0.010648,0.976190,1.000000,0.995238,0.010648,0.976190,1.000000,0.994864,0.011484,0.974321,1.000000,5,"0,1,2,3,4"
s2,wine,logistic_regression,byzantine,backdoor,iid,0.100000,0.994444,0.012423,0.972222,1.000000,0.966666,0.030429,0.944444,1.000000,2.777778,2.777778,0.000000,5.555556,0.609091,0.051826,0.545455,0.681818,0.967460,0.029749,0.944444,1.000000,0.967460,0.029749,0.944444,1.000000,0.968155,0.029078,0.945825,1.000000,5,"0,1,2,3,4"
s2,wine,logistic_regression,byzantine,backdoor,iid,0.200000,0.994444,0.012423,0.972222,1.000000,0.961111,0.037268,0.916667,1.000000,3.333333,3.621779,0.000000,8.333333,0.790909,0.076060,0.681818,0.863636,0.962698,0.035670,0.920635,1.000000,0.962698,0.035670,0.920635,1.000000,0.962528,0.035983,0.919341,1.000000,5,"0,1,2,3,4"
s2,wine,logistic_regression,byzantine,backdoor,iid,0.300000,0.994444,0.012423,0.972222,1.000000,0.961111,0.037268,0.916667,1.000000,3.333333,3.621779,0.000000,8.333333,0.936363,0.024896,0.909091,0.954545,0.962698,0.035670,0.920635,1.000000,0.962698,0.035670,0.920635,1.000000,0.962528,0.035983,0.919341,1.000000,5,"0,1,2,3,4"
s2,wine,logistic_regression,byzantine,backdoor,iid,0.400000,0.994444,0.012423,0.972222,1.000000,0.950000,0.023240,0.916667,0.972222,4.444445,2.484520,2.777778,8.333333,0.963636,0.038030,0.909091,1.000000,0.950794,0.023070,0.916667,0.972222,0.950794,0.023070,0.916667,0.972222,0.952290,0.022602,0.920123,0.974013,5,"0,1,2,3,4"
s2,wine,logistic_regression,byzantine,backdoor,iid,0.500000,0.994444,0.012423,0.972222,1.000000,0.938889,0.030429,0.888889,0.972222,5.555556,3.402069,2.777778,11.111111,0.981818,0.024897,0.954545,1.000000,0.940476,0.029025,0.892857,0.972222,0.940476,0.029025,0.892857,0.972222,0.941370,0.029963,0.892063,0.974013,5,"0,1,2,3,4"
s2,wine,logistic_regression,byzantine,backdoor,non_iid,0.000000,0.988889,0.015215,0.972222,1.000000,0.988889,0.015215,0.972222,1.000000,0.000000,0.000000,0.000000,0.000000,0.000000,0.000000,0.000000,0.000000,0.990476,0.013041,0.976190,1.000000,0.990476,0.013041,0.976190,1.000000,0.989220,0.014788,0.971781,1.000000,5,"0,1,2,3,4"
s2,wine,logistic_regression,byzantine,backdoor,non_iid,0.100000,0.988889,0.015215,0.972222,1.000000,0.972222,0.027778,0.944444,1.000000,1.666667,2.484520,0.000000,5.555556,0.400000,0.239231,0.045455,0.636364,0.974603,0.025961,0.944444,1.000000,0.974603,0.025961,0.944444,1.000000,0.972882,0.026863,0.945153,1.000000,5,"0,1,2,3,4"
s2,wine,logistic_regression,byzantine,backdoor,non_iid,0.200000,0.988889,0.015215,0.972222,1.000000,0.966666,0.030429,0.944444,1.000000,2.222222,3.621779,-2.777778,5.555556,0.672727,0.155479,0.500000,0.909091,0.968254,0.029161,0.944444,1.000000,0.968254,0.029161,0.944444,1.000000,0.968021,0.029208,0.945153,1.000000,5,"0,1,2,3,4"
s2,wine,logistic_regression,byzantine,backdoor,non_iid,0.300000,0.988889,0.015215,0.972222,1.000000,0.955555,0.031671,0.916667,1.000000,3.333334,3.621779,-2.777778,5.555556,0.781818,0.161986,0.590909,0.954545,0.957936,0.029907,0.924603,1.000000,0.957936,0.029907,0.924603,1.000000,0.957209,0.030287,0.919312,1.000000,5,"0,1,2,3,4"
s2,wine,logistic_regression,byzantine,backdoor,non_iid,0.400000,0.988889,0.015215,0.972222,1.000000,0.961111,0.037268,0.916667,1.000000,2.777778,3.928371,-2.777778,5.555556,0.909091,0.090909,0.772727,1.000000,0.962698,0.035002,0.924603,1.000000,0.962698,0.035002,0.924603,1.000000,0.962852,0.035807,0.919312,1.000000,5,"0,1,2,3,4"
s2,wine,logistic_regression,byzantine,backdoor,non_iid,0.500000,0.988889,0.015215,0.972222,1.000000,0.955555,0.031671,0.916667,1.000000,3.333333,4.120110,-2.777778,8.333333,0.927273,0.094257,0.772727,1.000000,0.956349,0.031372,0.916667,1.000000,0.956349,0.031372,0.916667,1.000000,0.957487,0.030466,0.920123,1.000000,5,"0,1,2,3,4"
s2,wine,logistic_regression,byzantine,label_flip,iid,0.000000,0.994444,0.012423,0.972222,1.000000,0.994444,0.012423,0.972222,1.000000,0.000000,0.000000,0.000000,0.000000,,,,,0.995238,0.010648,0.976190,1.000000,0.995238,0.010648,0.976190,1.000000,0.994864,0.011484,0.974321,1.000000,5,"0,1,2,3,4"
s2,wine,logistic_regression,byzantine,label_flip,iid,0.100000,0.994444,0.012423,0.972222,1.000000,0.977778,0.012423,0.972222,1.000000,1.666667,1.521452,0.000000,2.777778,,,,,0.980158,0.011224,0.972222,1.000000,0.980158,0.011224,0.972222,1.000000,0.978379,0.012146,0.971781,1.000000,5,"0,1,2,3,4"
s2,wine,logistic_regression,byzantine,label_flip,iid,0.200000,0.994444,0.012423,0.972222,1.000000,0.950000,0.049690,0.888889,1.000000,4.444444,5.046084,0.000000,11.111111,,,,,0.953651,0.044422,0.904762,1.000000,0.953651,0.044422,0.904762,1.000000,0.950373,0.048577,0.891534,1.000000,5,"0,1,2,3,4"
s2,wine,logistic_regression,byzantine,label_flip,iid,0.300000,0.994444,0.012423,0.972222,1.000000,0.900000,0.050461,0.833333,0.944444,9.444445,4.212708,5.555556,13.888889,,,,,0.904286,0.052003,0.824603,0.952381,0.904286,0.052003,0.824603,0.952381,0.899807,0.052396,0.827025,0.945741,5,"0,1,2,3,4"
s2,wine,logistic_regression,byzantine,label_flip,iid,0.400000,0.994444,0.012423,0.972222,1.000000,0.883333,0.066318,0.777778,0.944444,11.111111,6.514466,5.555556,22.222222,,,,,0.889206,0.061051,0.801587,0.938889,0.889206,0.061051,0.801587,0.938889,0.882832,0.065739,0.783550,0.945741,5,"0,1,2,3,4"
s2,wine,logistic_regression,byzantine,label_flip,iid,0.500000,0.994444,0.012423,0.972222,1.000000,0.705556,0.077579,0.611111,0.777778,28.888889,7.243558,22.222222,38.888889,,,,,0.717460,0.076085,0.630952,0.809524,0.717460,0.076085,0.630952,0.809524,0.701591,0.084656,0.594872,0.782574,5,"0,1,2,3,4"
s2,wine,logistic_regression,byzantine,label_flip,non_iid,0.000000,0.988889,0.015215,0.972222,1.000000,0.988889,0.015215,0.972222,1.000000,0.000000,0.000000,0.000000,0.000000,,,,,0.990476,0.013041,0.976190,1.000000,0.990476,0.013041,0.976190,1.000000,0.989220,0.014788,0.971781,1.000000,5,"0,1,2,3,4"
s2,wine,logistic_regression,byzantine,label_flip,non_iid,0.100000,0.988889,0.015215,0.972222,1.000000,0.988889,0.015215,0.972222,1.000000,0.000000,0.000000,0.000000,0.000000,,,,,0.990476,0.013041,0.976190,1.000000,0.990476,0.013041,0.976190,1.000000,0.989220,0.014788,0.971781,1.000000,5,"0,1,2,3,4"
s2,wine,logistic_regression,byzantine,label_flip,non_iid,0.200000,0.988889,0.015215,0.972222,1.000000,0.977778,0.012423,0.972222,1.000000,1.111111,1.521452,0.000000,2.777778,,,,,0.979047,0.012418,0.966667,1.000000,0.979047,0.012418,0.966667,1.000000,0.977261,0.012716,0.970962,1.000000,5,"0,1,2,3,4"
s2,wine,logistic_regression,byzantine,label_flip,non_iid,0.300000,0.988889,0.015215,0.972222,1.000000,0.833333,0.160776,0.583333,1.000000,15.555556,14.907120,0.000000,38.888889,,,,,0.823175,0.180408,0.543651,1.000000,0.823175,0.180408,0.543651,1.000000,0.794795,0.215261,0.452778,1.000000,5,"0,1,2,3,4"
s2,wine,logistic_regression,byzantine,label_flip,non_iid,0.400000,0.988889,0.015215,0.972222,1.000000,0.816667,0.178514,0.527778,1.000000,17.222222,16.712899,0.000000,44.444444,,,,,0.808413,0.193767,0.496032,1.000000,0.808413,0.193767,0.496032,1.000000,0.787293,0.222345,0.422222,1.000000,5,"0,1,2,3,4"
s2,wine,logistic_regression,byzantine,label_flip,non_iid,0.500000,0.988889,0.015215,0.972222,1.000000,0.633333,0.172804,0.361111,0.833333,35.555556,17.055646,13.888889,61.111111,,,,,0.632540,0.169305,0.353175,0.809524,0.632540,0.169305,0.353175,0.809524,0.571579,0.187221,0.282500,0.806787,5,"0,1,2,3,4"
s2,wine,logistic_regression,byzantine,sign_flip,iid,0.000000,0.994444,0.012423,0.972222,1.000000,0.994444,0.012423,0.972222,1.000000,0.000000,0.000000,0.000000,0.000000,,,,,0.995238,0.010648,0.976190,1.000000,0.995238,0.010648,0.976190,1.000000,0.994864,0.011484,0.974321,1.000000,5,"0,1,2,3,4"
s2,wine,logistic_regression,byzantine,sign_flip,iid,0.100000,0.994444,0.012423,0.972222,1.000000,0.994444,0.012423,0.972222,1.000000,0.000000,1.964186,-2.777778,2.777778,,,,,0.995238,0.010648,0.976190,1.000000,0.995238,0.010648,0.976190,1.000000,0.994356,0.012620,0.971781,1.000000,5,"0,1,2,3,4"
s2,wine,logistic_regression,byzantine,sign_flip,iid,0.200000,0.994444,0.012423,0.972222,1.000000,0.977778,0.012423,0.972222,1.000000,1.666667,1.521452,0.000000,2.777778,,,,,0.980952,0.010648,0.976190,1.000000,0.980952,0.010648,0.976190,1.000000,0.977933,0.012385,0.971781,1.000000,5,"0,1,2,3,4"
s2,wine,logistic_regression,byzantine,sign_flip,iid,0.300000,0.994444,0.012423,0.972222,1.000000,0.916667,0.043920,0.861111,0.972222,7.777778,4.969040,2.777778,13.888889,,,,,0.923968,0.037698,0.876984,0.976190,0.923968,0.037698,0.876984,0.976190,0.916625,0.043543,0.862077,0.971781,5,"0,1,2,3,4"
s2,wine,logistic_regression,byzantine,sign_flip,iid,0.400000,0.994444,0.012423,0.972222,1.000000,0.694445,0.194445,0.388889,0.916667,30.000000,19.582841,8.333333,61.111111,,,,,0.702063,0.180327,0.432540,0.928571,0.702063,0.180327,0.432540,0.928571,0.677442,0.200911,0.373183,0.918486,5,"0,1,2,3,4"
s2,wine,logistic_regression,byzantine,sign_flip,iid,0.500000,0.994444,0.012423,0.972222,1.000000,0.166667,0.141639,0.000000,0.333333,82.777778,13.379549,66.666667,97.222222,,,,,0.186349,0.163038,0.000000,0.384921,0.186349,0.163038,0.000000,0.384921,0.180057,0.149979,0.000000,0.344482,5,"0,1,2,3,4"
s2,wine,logistic_regression,byzantine,sign_flip,non_iid,0.000000,0.988889,0.015215,0.972222,1.000000,0.988889,0.015215,0.972222,1.000000,0.000000,0.000000,0.000000,0.000000,,,,,0.990476,0.013041,0.976190,1.000000,0.990476,0.013041,0.976190,1.000000,0.989220,0.014788,0.971781,1.000000,5,"0,1,2,3,4"
s2,wine,logistic_regression,byzantine,sign_flip,non_iid,0.100000,0.988889,0.015215,0.972222,1.000000,0.988889,0.015215,0.972222,1.000000,0.000000,0.000000,0.000000,0.000000,,,,,0.990476,0.013041,0.976190,1.000000,0.990476,0.013041,0.976190,1.000000,0.989220,0.014788,0.971781,1.000000,5,"0,1,2,3,4"
s2,wine,logistic_regression,byzantine,sign_flip,non_iid,0.200000,0.988889,0.015215,0.972222,1.000000,0.983333,0.015215,0.972222,1.000000,0.555556,1.242260,0.000000,2.777778,,,,,0.985714,0.013041,0.976190,1.000000,0.985714,0.013041,0.976190,1.000000,0.983577,0.015028,0.971781,1.000000,5,"0,1,2,3,4"
s2,wine,logistic_regression,byzantine,sign_flip,non_iid,0.300000,0.988889,0.015215,0.972222,1.000000,0.716667,0.267447,0.305556,1.000000,27.222222,25.489044,0.000000,66.666667,,,,,0.715873,0.279172,0.297619,1.000000,0.715873,0.279172,0.297619,1.000000,0.694341,0.273774,0.324009,1.000000,5,"0,1,2,3,4"
s2,wine,logistic_regression,byzantine,sign_flip,non_iid,0.400000,0.988889,0.015215,0.972222,1.000000,0.666667,0.311185,0.166667,0.972222,32.222222,29.891780,2.777778,80.555556,,,,,0.668254,0.322561,0.158730,0.972222,0.668254,0.322561,0.158730,0.972222,0.648551,0.303575,0.208145,0.974013,5,"0,1,2,3,4"
s2,wine,logistic_regression,byzantine,sign_flip,non_iid,0.500000,0.988889,0.015215,0.972222,1.000000,0.388889,0.253829,0.027778,0.666667,60.000000,24.969117,33.333333,94.444444,,,,,0.394603,0.245030,0.023810,0.666667,0.394603,0.245030,0.023810,0.666667,0.353367,0.198625,0.024691,0.529762,5,"0,1,2,3,4"
s2,wine,logistic_regression,byzantine,targeted_flip,iid,0.000000,0.994444,0.012423,0.972222,1.000000,0.994444,0.012423,0.972222,1.000000,0.000000,0.000000,0.000000,0.000000,0.000000,0.000000,0.000000,0.000000,0.995238,0.010648,0.976190,1.000000,0.995238,0.010648,0.976190,1.000000,0.994864,0.011484,0.974321,1.000000,5,"0,1,2,3,4"
s2,wine,logistic_regression,byzantine,targeted_flip,iid,0.100000,0.994444,0.012423,0.972222,1.000000,0.988889,0.015215,0.972222,1.000000,0.555556,1.242260,0.000000,2.777778,0.016667,0.037268,0.000000,0.083333,0.989682,0.014197,0.972222,1.000000,0.989682,0.014197,0.972222,1.000000,0.989159,0.014866,0.971781,1.000000,5,"0,1,2,3,4"
s2,wine,logistic_regression,byzantine,targeted_flip,iid,0.200000,0.994444,0.012423,0.972222,1.000000,0.955555,0.046481,0.888889,1.000000,3.888889,4.648111,0.000000,11.111111,0.116667,0.139443,0.000000,0.333333,0.956349,0.046277,0.888889,1.000000,0.956349,0.046277,0.888889,1.000000,0.956993,0.045227,0.891667,1.000000,5,"0,1,2,3,4"
s2,wine,logistic_regression,byzantine,targeted_flip,iid,0.300000,0.994444,0.012423,0.972222,1.000000,0.922222,0.045643,0.888889,1.000000,7.222222,4.648111,0.000000,11.111111,0.200000,0.126381,0.000000,0.333333,0.923810,0.044843,0.888889,1.000000,0.923810,0.044843,0.888889,1.000000,0.924639,0.044374,0.891667,1.000000,5,"0,1,2,3,4"
s2,wine,logistic_regression,byzantine,targeted_flip,iid,0.400000,0.994444,0.012423,0.972222,1.000000,0.872222,0.015215,0.861111,0.888889,12.222222,1.521452,11.111111,13.888889,0.350000,0.037268,0.333333,0.416667,0.873809,0.013861,0.861111,0.888889,0.873809,0.013861,0.861111,0.888889,0.874501,0.015690,0.861776,0.891667,5,"0,1,2,3,4"
s2,wine,logistic_regression,byzantine,targeted_flip,iid,0.500000,0.994444,0.012423,0.972222,1.000000,0.827778,0.045643,0.777778,0.888889,16.666667,4.392052,11.111111,22.222222,0.500000,0.131762,0.333333,0.666667,0.828572,0.045193,0.777778,0.888889,0.828572,0.045193,0.777778,0.888889,0.822218,0.053459,0.759259,0.891667,5,"0,1,2,3,4"
s2,wine,logistic_regression,byzantine,targeted_flip,non_iid,0.000000,0.988889,0.015215,0.972222,1.000000,0.988889,0.015215,0.972222,1.000000,0.000000,0.000000,0.000000,0.000000,0.000000,0.000000,0.000000,0.000000,0.990476,0.013041,0.976190,1.000000,0.990476,0.013041,0.976190,1.000000,0.989220,0.014788,0.971781,1.000000,5,"0,1,2,3,4"
s2,wine,logistic_regression,byzantine,targeted_flip,non_iid,0.100000,0.988889,0.015215,0.972222,1.000000,0.988889,0.015215,0.972222,1.000000,0.000000,0.000000,0.000000,0.000000,0.016667,0.037268,0.000000,0.083333,0.989682,0.014197,0.972222,1.000000,0.989682,0.014197,0.972222,1.000000,0.989667,0.014150,0.974013,1.000000,5,"0,1,2,3,4"
s2,wine,logistic_regression,byzantine,targeted_flip,non_iid,0.200000,0.988889,0.015215,0.972222,1.000000,0.966667,0.030429,0.916667,1.000000,2.222222,3.621779,0.000000,8.333333,0.083333,0.102062,0.000000,0.250000,0.967460,0.030661,0.916667,1.000000,0.967460,0.030661,0.916667,1.000000,0.968494,0.029271,0.920123,1.000000,5,"0,1,2,3,4"
s2,wine,logistic_regression,byzantine,targeted_flip,non_iid,0.300000,0.988889,0.015215,0.972222,1.000000,0.972222,0.034021,0.916667,1.000000,1.666667,4.212709,-2.777778,8.333333,0.083333,0.102062,0.000000,0.250000,0.972222,0.034021,0.916667,1.000000,0.972222,0.034021,0.916667,1.000000,0.973630,0.032612,0.920123,1.000000,5,"0,1,2,3,4"
s2,wine,logistic_regression,byzantine,targeted_flip,non_iid,0.400000,0.988889,0.015215,0.972222,1.000000,0.911111,0.041201,0.861111,0.972222,7.777778,5.343162,0.000000,13.888889,0.266667,0.123603,0.083333,0.416667,0.911111,0.041201,0.861111,0.972222,0.911111,0.041201,0.861111,0.972222,0.913540,0.041538,0.861776,0.974013,5,"0,1,2,3,4"
s2,wine,logistic_regression,byzantine,targeted_flip,non_iid,0.500000,0.988889,0.015215,0.972222,1.000000,0.805555,0.128800,0.694444,0.972222,18.333334,14.380199,0.000000,30.555556,0.566667,0.374537,0.083333,0.916667,0.806349,0.128169,0.694444,0.972222,0.806349,0.128169,0.694444,0.972222,0.776757,0.158590,0.623932,0.974013,5,"0,1,2,3,4"
s3,breast_cancer,quantum_net,backdoor,trigger,-,0.000000,0.922807,0.014413,0.912281,0.938596,0.922807,0.014413,0.912281,0.938596,0.000000,0.000000,0.000000,0.000000,0.009524,0.013041,0.000000,0.023810,0.913095,0.019168,0.890873,0.936508,0.876190,0.061629,0.809524,0.952381,0.892945,0.020834,0.871795,0.917647,5,"0,1,2,3,4"
s3,breast_cancer,quantum_net,backdoor,trigger,-,0.010000,0.922807,0.014413,0.912281,0.938596,0.926316,0.039522,0.868421,0.964912,-0.350877,4.748200,-5.263158,7.017544,0.128572,0.076413,0.047619,0.238095,0.913889,0.048461,0.836310,0.957341,0.866666,0.088448,0.714286,0.928571,0.895076,0.060845,0.800000,0.951220,5,"0,1,2,3,4"
s3,breast_cancer,quantum_net,backdoor,trigger,-,0.020000,0.922807,0.014413,0.912281,0.938596,0.873684,0.042343,0.815789,0.912281,4.912281,5.637287,0.000000,12.280702,0.171429,0.051618,0.119048,0.238095,0.851389,0.044821,0.799603,0.890873,0.766667,0.066069,0.666667,0.833333,0.817268,0.060184,0.746988,0.871795,5,"0,1,2,3,4"
s3,breast_cancer,quantum_net,backdoor,trigger,-,0.050000,0.922807,0.014413,0.912281,0.938596,0.878947,0.033055,0.824561,0.912281,4.385965,3.162764,0.000000,8.771930,0.666667,0.248008,0.238095,0.857143,0.847619,0.043783,0.776786,0.885913,0.728571,0.091597,0.595238,0.833333,0.813811,0.060185,0.714286,0.868421,5,"0,1,2,3,4"
s3,breast_cancer,quantum_net,backdoor,trigger,-,0.100000,0.922807,0.014413,0.912281,0.938596,0.817544,0.051672,0.754386,0.885965,10.526316,5.818640,2.631579,18.421053,0.795238,0.119759,0.666667,0.976190,0.771230,0.061318,0.707341,0.855159,0.595238,0.112939,0.428571,0.738095,0.702539,0.094156,0.590164,0.826667,5,"0,1,2,3,4"
s3,breast_cancer,quantum_net,backdoor,trigger,-,0.200000,0.922807,0.014413,0.912281,0.938596,0.766667,0.068679,0.675439,0.859649,15.614035,7.323380,5.263158,23.684211,0.819047,0.105946,0.690476,0.952381,0.702183,0.089405,0.584325,0.824405,0.457143,0.171197,0.238095,0.690476,0.577831,0.161340,0.350877,0.783784,5,"0,1,2,3,4"
s3,breast_cancer,quantum_net,circuit_tamper,rx_half_pi,-,0.000000,0.922807,0.014413,0.912281,0.938596,0.922807,0.014413,0.912281,0.938596,0.000000,0.000000,0.000000,0.000000,,,,,0.913095,0.019168,0.890873,0.936508,0.876190,0.061629,0.809524,0.952381,0.892945,0.020834,0.871795,0.917647,5,"0,1,2,3,4"
s3,breast_cancer,quantum_net,circuit_tamper,rx_half_pi,-,1.000000,0.922807,0.014413,0.912281,0.938596,0.715790,0.257064,0.280702,0.929825,20.701755,25.412873,-1.754386,63.157895,0.249766,0.279261,0.028846,0.721154,0.696627,0.265960,0.237103,0.924603,0.623810,0.358489,0.071429,0.976190,0.624204,0.322949,0.068182,0.904762,5,"0,1,2,3,4"
s3,breast_cancer,quantum_net,circuit_tamper,rx_half_pi,-,2.000000,0.922807,0.014413,0.912281,0.938596,0.678947,0.289181,0.175439,0.885965,24.385965,28.325321,2.631579,73.684211,0.305859,0.319409,0.086538,0.865385,0.632738,0.271373,0.183532,0.884921,0.457143,0.280407,0.190476,0.880952,0.532790,0.283403,0.160714,0.850575,5,"0,1,2,3,4"
s3,breast_cancer,quantum_net,circuit_tamper,rx_half_pi,-,4.000000,0.922807,0.014413,0.912281,0.938596,0.368421,0.268298,0.122807,0.824561,55.438597,26.017313,11.403509,78.947368,0.644716,0.298846,0.140187,0.913462,0.396825,0.243131,0.136905,0.761905,0.504762,0.354514,0.119048,0.952381,0.376748,0.250452,0.105263,0.687500,5,"0,1,2,3,4"
s3,breast_cancer,quantum_net,circuit_tamper,rx_half_pi,-,8.000000,0.922807,0.014413,0.912281,0.938596,0.356140,0.283199,0.131579,0.833333,56.666667,27.366453,10.526316,78.070175,0.660370,0.314582,0.140187,0.923077,0.392063,0.252839,0.178571,0.788690,0.528571,0.277358,0.309524,0.976190,0.397853,0.224492,0.232558,0.732394,5,"0,1,2,3,4"
s3,breast_cancer,quantum_net,circuit_tamper,rx_half_pi,-,16.000000,0.922807,0.014413,0.912281,0.938596,0.426316,0.279438,0.078947,0.798246,49.649123,28.977921,11.403509,85.964912,0.579241,0.292181,0.211538,0.934579,0.439683,0.235124,0.087302,0.746032,0.490476,0.408803,0.023810,0.928571,0.355156,0.275567,0.042553,0.666667,5,"0,1,2,3,4"
s3,breast_cancer,quantum_net,extraction,label_only,-,0.000000,0.922807,0.014413,0.912281,0.938596,0.922807,0.014413,0.912281,0.938596,0.000000,0.000000,0.000000,0.000000,,,,,0.913095,0.019168,0.890873,0.936508,0.876190,0.061629,0.809524,0.952381,0.892945,0.020834,0.871795,0.917647,5,"0,1,2,3,4"
s3,breast_cancer,quantum_net,extraction,label_only,-,10.000000,0.922807,0.014413,0.912281,0.938596,0.777193,0.099359,0.631579,0.877193,14.561404,10.222215,3.508772,28.070175,0.766667,0.116637,0.578947,0.894737,0.718452,0.152669,0.500000,0.867063,0.495238,0.365924,0.000000,0.928571,0.545327,0.345534,0.000000,0.821053,5,"0,1,2,3,4"
s3,breast_cancer,quantum_net,extraction,label_only,-,25.000000,0.922807,0.014413,0.912281,0.938596,0.842105,0.074173,0.728070,0.903509,8.070176,8.001231,1.754386,21.052632,0.845614,0.092335,0.736842,0.929825,0.793651,0.097131,0.650794,0.878968,0.609524,0.186415,0.357143,0.785714,0.727242,0.156149,0.491803,0.857143,5,"0,1,2,3,4"
s3,breast_cancer,quantum_net,extraction,label_only,-,50.000000,0.922807,0.014413,0.912281,0.938596,0.928070,0.021842,0.894737,0.947368,-0.526316,2.019450,-3.508772,1.754386,0.938596,0.013869,0.921053,0.956140,0.910318,0.030711,0.857143,0.933532,0.842857,0.074535,0.714286,0.904762,0.895106,0.037138,0.833333,0.925000,5,"0,1,2,3,4"
s3,breast_cancer,quantum_net,extraction,label_only,-,100.000000,0.922807,0.014413,0.912281,0.938596,0.931579,0.015691,0.912281,0.956140,-0.877193,1.240538,-1.754386,0.877193,0.931579,0.013011,0.912281,0.947368,0.912103,0.023441,0.880952,0.945437,0.838095,0.056844,0.761905,0.904762,0.899550,0.026165,0.864865,0.938272,5,"0,1,2,3,4"
s3,breast_cancer,quantum_net,extraction,label_only,-,250.000000,0.922807,0.014413,0.912281,0.938596,0.936842,0.015691,0.921053,0.956140,-1.403509,0.784585,-2.631579,-0.877193,0.940351,0.013011,0.921053,0.956140,0.918254,0.023785,0.892857,0.940476,0.847619,0.057341,0.785714,0.904762,0.907424,0.026345,0.880000,0.936709,5,"0,1,2,3,4"
s3,breast_cancer,quantum_net,extraction,label_only,-,500.000000,0.922807,0.014413,0.912281,0.938596,0.940351,0.024341,0.912281,0.964912,-1.754386,1.240538,-2.631579,0.000000,0.947368,0.021487,0.921053,0.973684,0.924008,0.033146,0.885913,0.957341,0.861905,0.070228,0.785714,0.928571,0.913061,0.038448,0.868421,0.951220,5,"0,1,2,3,4"
s3,breast_cancer,quantum_net,extraction,label_only,-,1000.000000,0.922807,0.014413,0.912281,0.938596,0.942105,0.020194,0.921053,0.964912,-1.929825,1.143720,-3.508772,-0.877193,0.942105,0.013303,0.929825,0.956140,0.926389,0.031344,0.892857,0.957341,0.866666,0.074536,0.785714,0.928571,0.915562,0.033590,0.880000,0.951220,5,"0,1,2,3,4"
s3,breast_cancer,quantum_net,inversion,zeroth_order,-,0.000000,0.922807,0.014413,0.912281,0.938596,0.922807,0.014413,0.912281,0.938596,0.000000,0.000000,0.000000,0.000000,,,,,0.913095,0.019168,0.890873,0.936508,0.876190,0.061629,0.809524,0.952381,0.892945,0.020834,0.871795,0.917647,5,"0,1,2,3,4"
s3,breast_cancer,quantum_net,inversion,zeroth_order,-,20.000000,0.922807,0.014413,0.912281,0.938596,0.922807,0.014413,0.912281,0.938596,0.000000,0.000000,0.000000,0.000000,0.274078,0.158890,-0.007155,0.366624,0.913095,0.019168,0.890873,0.936508,0.876190,0.061629,0.809524,0.952381,0.892945,0.020834,0.871795,0.917647,5,"0,1,2,3,4"
s3,breast_cancer,quantum_net,inversion,zeroth_order,-,100.000000,0.922807,0.014413,0.912281,0.938596,0.922807,0.014413,0.912281,0.938596,0.000000,0.000000,0.000000,0.000000,0.500622,0.084063,0.401267,0.573036,0.913095,0.019168,0.890873,0.936508,0.876190,0.061629,0.809524,0.952381,0.892945,0.020834,0.871795,0.917647,5,"0,1,2,3,4"
s3,breast_cancer,quantum_net,inversion,zeroth_order,-,500.000000,0.922807,0.014413,0.912281,0.938596,0.922807,0.014413,0.912281,0.938596,0.000000,0.000000,0.000000,0.000000,0.631718,0.062728,0.575232,0.728692,0.913095,0.019168,0.890873,0.936508,0.876190,0.061629,0.809524,0.952381,0.892945,0.020834,0.871795,0.917647,5,"0,1,2,3,4"
s3,breast_cancer,quantum_net,inversion,zeroth_order,-,2000.000000,0.922807,0.014413,0.912281,0.938596,0.922807,0.014413,0.912281,0.938596,0.000000,0.000000,0.000000,0.000000,0.655260,0.079144,0.546076,0.768252,0.913095,0.019168,0.890873,0.936508,0.876190,0.061629,0.809524,0.952381,0.892945,0.020834,0.871795,0.917647,5,"0,1,2,3,4"
s3,breast_cancer,quantum_net,membership,confidence_threshold,-,0.000000,0.922807,0.014413,0.912281,0.938596,0.922807,0.014413,0.912281,0.938596,0.000000,0.000000,0.000000,0.000000,,,,,0.913095,0.019168,0.890873,0.936508,0.876190,0.061629,0.809524,0.952381,0.892945,0.020834,0.871795,0.917647,5,"0,1,2,3,4"
s3,breast_cancer,quantum_net,membership,confidence_threshold,-,2.000000,0.922807,0.014413,0.912281,0.938596,0.922807,0.014413,0.912281,0.938596,0.000000,0.000000,0.000000,0.000000,0.500893,0.021270,0.473214,0.531250,0.913095,0.019168,0.890873,0.936508,0.876190,0.061629,0.809524,0.952381,0.892945,0.020834,0.871795,0.917647,5,"0,1,2,3,4"
s3,breast_cancer,quantum_net,membership,confidence_threshold,-,5.000000,0.922807,0.014413,0.912281,0.938596,0.922807,0.014413,0.912281,0.938596,0.000000,0.000000,0.000000,0.000000,0.516514,0.033958,0.472477,0.555046,0.913095,0.019168,0.890873,0.936508,0.876190,0.061629,0.809524,0.952381,0.892945,0.020834,0.871795,0.917647,5,"0,1,2,3,4"
s3,breast_cancer,quantum_net,membership,confidence_threshold,-,10.000000,0.922807,0.014413,0.912281,0.938596,0.922807,0.014413,0.912281,0.938596,0.000000,0.000000,0.000000,0.000000,0.513462,0.034901,0.471154,0.567308,0.913095,0.019168,0.890873,0.936508,0.876190,0.061629,0.809524,0.952381,0.892945,0.020834,0.871795,0.917647,5,"0,1,2,3,4"
s3,breast_cancer,quantum_net,membership,confidence_threshold,-,20.000000,0.922807,0.014413,0.912281,0.938596,0.922807,0.014413,0.912281,0.938596,0.000000,0.000000,0.000000,0.000000,0.522340,0.019688,0.500000,0.547872,0.913095,0.019168,0.890873,0.936508,0.876190,0.061629,0.809524,0.952381,0.892945,0.020834,0.871795,0.917647,5,"0,1,2,3,4"
s3,breast_cancer,quantum_net,noise,depolarizing_readout,-,0.000000,0.922807,0.014413,0.912281,0.938596,0.922807,0.014413,0.912281,0.938596,0.000000,0.000000,0.000000,0.000000,,,,,0.913095,0.019168,0.890873,0.936508,0.876190,0.061629,0.809524,0.952381,0.892945,0.020834,0.871795,0.917647,5,"0,1,2,3,4"
s3,breast_cancer,quantum_net,noise,depolarizing_readout,-,0.005000,0.922807,0.014413,0.912281,0.938596,0.921053,0.027037,0.885965,0.956140,0.175439,2.660658,-1.754386,3.508772,0.036107,0.010328,0.028037,0.048077,0.911706,0.031885,0.865079,0.950397,0.876190,0.054294,0.785714,0.928571,0.890598,0.039370,0.835443,0.939759,5,"0,1,2,3,4"
s3,breast_cancer,quantum_net,noise,depolarizing_readout,-,0.010000,0.922807,0.014413,0.912281,0.938596,0.915790,0.020194,0.894737,0.938596,0.701754,2.660658,-2.631579,4.385965,0.041769,0.010507,0.028846,0.056075,0.905556,0.023544,0.872024,0.931548,0.866667,0.049373,0.785714,0.904762,0.883280,0.028916,0.846154,0.915663,5,"0,1,2,3,4"
s3,breast_cancer,quantum_net,noise,depolarizing_readout,-,0.020000,0.922807,0.014413,0.912281,0.938596,0.910526,0.025119,0.877193,0.938596,1.228070,3.199050,-2.631579,6.140351,0.047376,0.017131,0.028846,0.074766,0.907341,0.024347,0.877976,0.931548,0.895238,0.027147,0.857143,0.928571,0.880883,0.031859,0.840909,0.915663,5,"0,1,2,3,4"
s3,breast_cancer,quantum_net,noise,depolarizing_readout,-,0.050000,0.922807,0.014413,0.912281,0.938596,0.861404,0.048603,0.807018,0.921053,6.140351,5.000770,0.877193,13.157895,0.108322,0.035252,0.065421,0.158879,0.869444,0.049532,0.817460,0.927579,0.900000,0.063888,0.809524,0.952381,0.827613,0.058902,0.765957,0.898876,5,"0,1,2,3,4"
s3,breast_cancer,quantum_net,noise,depolarizing_readout,-,0.100000,0.922807,0.014413,0.912281,0.938596,0.750877,0.029487,0.710526,0.789474,17.192983,3.317135,14.912281,22.807018,0.233842,0.024360,0.205607,0.261682,0.790873,0.024396,0.750992,0.813492,0.942857,0.043252,0.904762,1.000000,0.736450,0.024159,0.697248,0.760000,5,"0,1,2,3,4"
s3,breast_cancer,quantum_net,shot_bias,forged_bitstring,-,0.000000,0.922807,0.014413,0.912281,0.938596,0.922807,0.014413,0.912281,0.938596,0.000000,0.000000,0.000000,0.000000,,,,,0.913095,0.019168,0.890873,0.936508,0.876190,0.061629,0.809524,0.952381,0.892945,0.020834,0.871795,0.917647,5,"0,1,2,3,4"
s3,breast_cancer,quantum_net,shot_bias,forged_bitstring,-,0.050000,0.922807,0.014413,0.912281,0.938596,0.857895,0.028694,0.815789,0.885965,6.491228,3.317135,2.631579,9.649123,0.100629,0.028221,0.067308,0.140187,0.809127,0.038426,0.754960,0.850198,0.623810,0.076041,0.523810,0.714286,0.761745,0.058955,0.676923,0.821918,5,"0,1,2,3,4"
s3,breast_cancer,quantum_net,shot_bias,forged_bitstring,-,0.100000,0.922807,0.014413,0.912281,0.938596,0.735088,0.039910,0.675439,0.780702,18.771930,5.285042,13.157895,26.315789,0.235226,0.050967,0.182692,0.317757,0.641468,0.054805,0.559524,0.702381,0.285714,0.111677,0.119048,0.404762,0.432724,0.141461,0.212766,0.576271,5,"0,1,2,3,4"
s3,breast_cancer,quantum_net,shot_bias,forged_bitstring,-,0.200000,0.922807,0.014413,0.912281,0.938596,0.643860,0.010002,0.631579,0.657895,27.894736,2.270558,25.438596,30.701754,0.336395,0.032397,0.298077,0.375000,0.516667,0.013573,0.500000,0.535714,0.033334,0.027147,0.000000,0.071429,0.063453,0.050590,0.000000,0.133333,5,"0,1,2,3,4"
s3,breast_cancer,quantum_net,shot_bias,forged_bitstring,-,0.300000,0.922807,0.014413,0.912281,0.938596,0.631579,0.000000,0.631579,0.631579,29.122807,1.441375,28.070175,30.701754,0.349802,0.024007,0.326923,0.384615,0.500000,0.000000,0.500000,0.500000,0.000000,0.000000,0.000000,0.000000,0.000000,0.000000,0.000000,0.000000,5,"0,1,2,3,4"
s3,breast_cancer,quantum_net,shot_bias,forged_bitstring,-,0.400000,0.922807,0.014413,0.912281,0.938596,0.631579,0.000000,0.631579,0.631579,29.122807,1.441375,28.070175,30.701754,0.349802,0.024007,0.326923,0.384615,0.500000,0.000000,0.500000,0.500000,0.000000,0.000000,0.000000,0.000000,0.000000,0.000000,0.000000,0.000000,5,"0,1,2,3,4"
s3,breast_cancer,quantum_net,transpiler,angle_drift,-,0.000000,0.922807,0.014413,0.912281,0.938596,0.922807,0.014413,0.912281,0.938596,0.000000,0.000000,0.000000,0.000000,,,,,0.913095,0.019168,0.890873,0.936508,0.876190,0.061629,0.809524,0.952381,0.892945,0.020834,0.871795,0.917647,5,"0,1,2,3,4"
s3,breast_cancer,quantum_net,transpiler,angle_drift,-,0.050000,0.922807,0.014413,0.912281,0.938596,0.907018,0.023701,0.868421,0.929825,1.578947,3.637972,-1.754386,7.017544,0.049084,0.030206,0.019231,0.093458,0.904564,0.017794,0.875992,0.919643,0.895238,0.021296,0.880952,0.928571,0.877224,0.026163,0.835165,0.902439,5,"0,1,2,3,4"
s3,breast_cancer,quantum_net,transpiler,angle_drift,-,0.100000,0.922807,0.014413,0.912281,0.938596,0.915790,0.023700,0.877193,0.938596,0.701754,2.000308,-1.754386,3.508772,0.047484,0.017646,0.028846,0.067308,0.914484,0.023281,0.877976,0.936508,0.909524,0.031044,0.880952,0.952381,0.888629,0.029763,0.840909,0.917647,5,"0,1,2,3,4"
s3,breast_cancer,quantum_net,transpiler,angle_drift,-,0.200000,0.922807,0.014413,0.912281,0.938596,0.845614,0.030764,0.807018,0.885965,7.719298,3.690471,2.631579,11.403509,0.117721,0.029804,0.076923,0.149533,0.857936,0.027308,0.832341,0.894841,0.904762,0.055838,0.809524,0.952381,0.812429,0.031912,0.780000,0.857143,5,"0,1,2,3,4"
s3,breast_cancer,quantum_net,transpiler,angle_drift,-,0.400000,0.922807,0.014413,0.912281,0.938596,0.573684,0.107183,0.473684,0.736842,34.912281,11.171734,17.543860,45.614035,0.427516,0.116289,0.259615,0.532710,0.601984,0.105389,0.503968,0.766865,0.709524,0.340651,0.119048,0.928571,0.514155,0.200575,0.181818,0.711538,5,"0,1,2,3,4"
s3,breast_cancer,quantum_net,transpiler,angle_drift,-,0.800000,0.922807,0.014413,0.912281,0.938596,0.561404,0.094680,0.447368,0.666667,36.140351,9.082231,24.561404,46.491228,0.430194,0.118379,0.298077,0.548077,0.547619,0.057791,0.463294,0.617063,0.495238,0.296617,0.047619,0.857143,0.409350,0.185549,0.090909,0.558140,5,"0,1,2,3,4"
s3,breast_cancer,quantum_net,transpiler,qubit_swap,-,0.000000,0.922807,0.014413,0.912281,0.938596,0.922807,0.014413,0.912281,0.938596,0.000000,0.000000,0.000000,0.000000,,,,,0.913095,0.019168,0.890873,0.936508,0.876190,0.061629,0.809524,0.952381,0.892945,0.020834,0.871795,0.917647,5,"0,1,2,3,4"
s3,breast_cancer,quantum_net,transpiler,qubit_swap,-,1.000000,0.922807,0.014413,0.912281,0.938596,0.798246,0.246006,0.359649,0.929825,12.456140,24.098073,-1.754386,55.263158,0.170399,0.288604,0.009615,0.682692,0.808532,0.187198,0.478175,0.912698,0.847619,0.100452,0.690476,0.928571,0.796964,0.160874,0.516556,0.894737,5,"0,1,2,3,4"
s3,breast_cancer,quantum_net,transpiler,qubit_swap,-,2.000000,0.922807,0.014413,0.912281,0.938596,0.670175,0.276949,0.359649,0.912281,25.263158,27.894185,2.631579,57.894737,0.309310,0.315051,0.067308,0.663462,0.705159,0.226934,0.423611,0.905754,0.838095,0.113439,0.666667,0.952381,0.691300,0.197578,0.434109,0.880952,5,"0,1,2,3,4"
s3,breast_cancer,quantum_net,transpiler,qubit_swap,-,3.000000,0.922807,0.014413,0.912281,0.938596,0.424561,0.128262,0.324561,0.649123,49.824561,11.872930,28.947368,58.771930,0.586700,0.130345,0.364486,0.701923,0.525595,0.112236,0.425595,0.717262,0.909524,0.114682,0.761905,1.000000,0.541234,0.080563,0.468966,0.672131,5,"0,1,2,3,4"
s3,breast_cancer,quantum_net,transpiler,qubit_swap,-,4.000000,0.922807,0.014413,0.912281,0.938596,0.424561,0.137945,0.289474,0.649123,49.824561,13.438528,28.947368,64.912281,0.582261,0.144209,0.355140,0.719626,0.482937,0.108138,0.338294,0.632937,0.704762,0.239638,0.500000,1.000000,0.471223,0.091467,0.352000,0.552632,5,"0,1,2,3,4"
s3,digits,quantum_net,backdoor,trigger,-,0.000000,0.686111,0.079227,0.602778,0.772222,0.686111,0.079227,0.602778,0.772222,0.000000,0.000000,0.000000,0.000000,0.042008,0.019932,0.015480,0.070988,0.686342,0.079055,0.603479,0.772115,0.686342,0.079055,0.603479,0.772115,0.687393,0.077917,0.603997,0.773184,5,"0,1,2,3,4"
s3,digits,quantum_net,backdoor,trigger,-,0.010000,0.686111,0.079227,0.602778,0.772222,0.677222,0.080637,0.580556,0.786111,0.888889,3.211909,-2.777778,5.277778,0.061776,0.041087,0.024691,0.123457,0.677231,0.080296,0.581098,0.785708,0.677231,0.080296,0.581098,0.785708,0.678277,0.074920,0.587833,0.783293,5,"0,1,2,3,4"
s3,digits,quantum_net,backdoor,trigger,-,0.020000,0.686111,0.079227,0.602778,0.772222,0.628889,0.132019,0.433333,0.794444,5.722222,10.100956,-3.888889,16.944444,0.100728,0.052794,0.040123,0.148148,0.628740,0.131969,0.433471,0.794279,0.628740,0.131969,0.433471,0.794279,0.629841,0.129528,0.444076,0.794668,5,"0,1,2,3,4"
s3,digits,quantum_net,backdoor,trigger,-,0.050000,0.686111,0.079227,0.602778,0.772222,0.696111,0.036778,0.647222,0.741667,-1.000000,5.536774,-7.500000,6.111111,0.228645,0.107175,0.080247,0.364198,0.695369,0.036178,0.647853,0.740240,0.695369,0.036178,0.647853,0.740240,0.691437,0.030754,0.651929,0.726846,5,"0,1,2,3,4"
s3,digits,quantum_net,backdoor,trigger,-,0.100000,0.686111,0.079227,0.602778,0.772222,0.687778,0.049089,0.622222,0.752778,-0.166667,4.009056,-3.888889,5.833333,0.438088,0.094496,0.334365,0.567901,0.686653,0.048494,0.621692,0.750508,0.686653,0.048494,0.621692,0.750508,0.686065,0.038353,0.628131,0.728072,5,"0,1,2,3,4"
s3,digits,quantum_net,backdoor,trigger,-,0.200000,0.686111,0.079227,0.602778,0.772222,0.680000,0.050933,0.608333,0.741667,0.611111,10.468206,-13.888889,11.666667,0.786775,0.087575,0.681115,0.894737,0.678421,0.050828,0.607306,0.740028,0.678421,0.050828,0.607306,0.740028,0.678720,0.056715,0.605358,0.750858,5,"0,1,2,3,4"
s3,digits,quantum_net,circuit_tamper,rx_half_pi,-,0.000000,0.686111,0.079227,0.602778,0.772222,0.686111,0.079227,0.602778,0.772222,0.000000,0.000000,0.000000,0.000000,,,,,0.686342,0.079055,0.603479,0.772115,0.686342,0.079055,0.603479,0.772115,0.687393,0.077917,0.603997,0.773184,5,"0,1,2,3,4"
s3,digits,quantum_net,circuit_tamper,rx_half_pi,-,1.000000,0.686111,0.079227,0.602778,0.772222,0.479444,0.176434,0.277778,0.736111,20.666667,16.666204,3.611111,41.111111,0.380529,0.232807,0.082734,0.641921,0.479091,0.177495,0.275154,0.736838,0.479091,0.177495,0.275154,0.736838,0.457611,0.204660,0.218636,0.737279,5,"0,1,2,3,4"
s3,digits,quantum_net,circuit_tamper,rx_half_pi,-,2.000000,0.686111,0.079227,0.602778,0.772222,0.284444,0.138187,0.163889,0.508333,40.166667,13.423595,26.388889,58.333333,0.663077,0.158086,0.399281,0.794872,0.284037,0.138499,0.161720,0.507870,0.284037,0.138499,0.161720,0.507870,0.251244,0.162576,0.113122,0.518393,5,"0,1,2,3,4"
s3,digits,quantum_net,circuit_tamper,rx_half_pi,-,4.000000,0.686111,0.079227,0.602778,0.772222,0.169444,0.169399,0.022222,0.450000,51.666667,12.926371,32.222222,61.388889,0.792525,0.206853,0.449640,0.973799,0.170018,0.169838,0.022222,0.451012,0.170018,0.169838,0.022222,0.451012,0.121857,0.164809,0.008762,0.411737,5,"0,1,2,3,4"
s3,digits,quantum_net,circuit_tamper,rx_half_pi,-,8.000000,0.686111,0.079227,0.602778,0.772222,0.100555,0.058082,0.033333,0.155556,58.555556,7.688977,45.277778,65.277778,0.892772,0.067168,0.815668,0.965812,0.100361,0.058088,0.033333,0.153771,0.100361,0.058088,0.033333,0.153771,0.072553,0.043316,0.022362,0.124483,5,"0,1,2,3,4"
s3,digits,quantum_net,circuit_tamper,rx_half_pi,-,16.000000,0.686111,0.079227,0.602778,0.772222,0.102778,0.056349,0.013889,0.155556,58.333333,10.783360,50.277778,75.833333,0.896779,0.064653,0.837545,0.989209,0.101997,0.055719,0.013889,0.153904,0.101997,0.055719,0.013889,0.153904,0.056552,0.053054,0.004219,0.134825,5,"0,1,2,3,4"
s3,digits,quantum_net,extraction,label_only,-,0.000000,0.686111,0.079227,0.602778,0.772222,0.686111,0.079227,0.602778,0.772222,0.000000,0.000000,0.000000,0.000000,,,,,0.686342,0.079055,0.603479,0.772115,0.686342,0.079055,0.603479,0.772115,0.687393,0.077917,0.603997,0.773184,5,"0,1,2,3,4"
s3,digits,quantum_net,extraction,label_only,-,10.000000,0.686111,0.079227,0.602778,0.772222,0.110555,0.018363,0.097222,0.138889,57.555556,9.292902,46.388889,67.500000,0.119444,0.034694,0.058333,0.144444,0.112126,0.017987,0.100000,0.141587,0.112126,0.017987,0.100000,0.141587,0.034726,0.015805,0.017766,0.051399,5,"0,1,2,3,4"
s3,digits,quantum_net,extraction,label_only,-,25.000000,0.686111,0.079227,0.602778,0.772222,0.117778,0.017634,0.097222,0.138889,56.833333,9.314051,46.388889,67.500000,0.135556,0.033759,0.088889,0.183333,0.119905,0.017343,0.099603,0.141433,0.119905,0.017343,0.099603,0.141433,0.054219,0.015122,0.037390,0.071221,5,"0,1,2,3,4"
s3,digits,quantum_net,extraction,label_only,-,50.000000,0.686111,0.079227,0.602778,0.772222,0.177222,0.030644,0.147222,0.225000,50.888889,5.721143,44.722222,58.611111,0.203333,0.034438,0.147222,0.233333,0.179209,0.031080,0.148031,0.227540,0.179209,0.031080,0.148031,0.227540,0.109978,0.036353,0.074067,0.161434,5,"0,1,2,3,4"
s3,digits,quantum_net,extraction,label_only,-,100.000000,0.686111,0.079227,0.602778,0.772222,0.211111,0.029133,0.166667,0.238889,47.500000,8.468806,36.388889,57.222222,0.241667,0.016897,0.222222,0.261111,0.213116,0.029407,0.168235,0.241036,0.213116,0.029407,0.168235,0.241036,0.153679,0.028950,0.114412,0.192178,5,"0,1,2,3,4"
s3,digits,quantum_net,extraction,label_only,-,250.000000,0.686111,0.079227,0.602778,0.772222,0.341111,0.057715,0.261111,0.413889,34.500000,8.712220,23.888889,45.833333,0.379445,0.046215,0.338889,0.455556,0.343324,0.058452,0.261364,0.415849,0.343324,0.058452,0.261364,0.415849,0.288955,0.068367,0.193269,0.378069,5,"0,1,2,3,4"
s3,digits,quantum_net,extraction,label_only,-,500.000000,0.686111,0.079227,0.602778,0.772222,0.501667,0.097472,0.338889,0.597222,18.444444,10.531039,6.666667,31.111111,0.536111,0.067814,0.450000,0.627778,0.503287,0.097865,0.339397,0.598100,0.503287,0.097865,0.339397,0.598100,0.462621,0.101838,0.297052,0.573478,5,"0,1,2,3,4"
s3,digits,quantum_net,extraction,label_only,-,1000.000000,0.686111,0.079227,0.602778,0.772222,0.588889,0.056417,0.525000,0.655556,9.722222,9.227492,0.277778,22.777778,0.597778,0.080876,0.475000,0.700000,0.589683,0.056298,0.525905,0.656512,0.589683,0.056298,0.525905,0.656512,0.564605,0.062219,0.495310,0.632739,5,"0,1,2,3,4"
s3,digits,quantum_net,inversion,zeroth_order,-,0.000000,0.686111,0.079227,0.602778,0.772222,0.686111,0.079227,0.602778,0.772222,0.000000,0.000000,0.000000,0.000000,,,,,0.686342,0.079055,0.603479,0.772115,0.686342,0.079055,0.603479,0.772115,0.687393,0.077917,0.603997,0.773184,5,"0,1,2,3,4"
s3,digits,quantum_net,inversion,zeroth_order,-,20.000000,0.686111,0.079227,0.602778,0.772222,0.686111,0.079227,0.602778,0.772222,0.000000,0.000000,0.000000,0.000000,0.147787,0.057515,0.094948,0.214533,0.686342,0.079055,0.603479,0.772115,0.686342,0.079055,0.603479,0.772115,0.687393,0.077917,0.603997,0.773184,5,"0,1,2,3,4"
s3,digits,quantum_net,inversion,zeroth_order,-,100.000000,0.686111,0.079227,0.602778,0.772222,0.686111,0.079227,0.602778,0.772222,0.000000,0.000000,0.000000,0.000000,0.289827,0.044192,0.218908,0.334624,0.686342,0.079055,0.603479,0.772115,0.686342,0.079055,0.603479,0.772115,0.687393,0.077917,0.603997,0.773184,5,"0,1,2,3,4"
s3,digits,quantum_net,inversion,zeroth_order,-,500.000000,0.686111,0.079227,0.602778,0.772222,0.686111,0.079227,0.602778,0.772222,0.000000,0.000000,0.000000,0.000000,0.488319,0.078446,0.394913,0.592510,0.686342,0.079055,0.603479,0.772115,0.686342,0.079055,0.603479,0.772115,0.687393,0.077917,0.603997,0.773184,5,"0,1,2,3,4"
s3,digits,quantum_net,inversion,zeroth_order,-,2000.000000,0.686111,0.079227,0.602778,0.772222,0.686111,0.079227,0.602778,0.772222,0.000000,0.000000,0.000000,0.000000,0.527732,0.070498,0.439359,0.613831,0.686342,0.079055,0.603479,0.772115,0.686342,0.079055,0.603479,0.772115,0.687393,0.077917,0.603997,0.773184,5,"0,1,2,3,4"
s3,digits,quantum_net,membership,confidence_threshold,-,0.000000,0.686111,0.079227,0.602778,0.772222,0.686111,0.079227,0.602778,0.772222,0.000000,0.000000,0.000000,0.000000,,,,,0.686342,0.079055,0.603479,0.772115,0.686342,0.079055,0.603479,0.772115,0.687393,0.077917,0.603997,0.773184,5,"0,1,2,3,4"
s3,digits,quantum_net,membership,confidence_threshold,-,2.000000,0.686111,0.079227,0.602778,0.772222,0.686111,0.079227,0.602778,0.772222,0.000000,0.000000,0.000000,0.000000,0.497207,0.009524,0.480447,0.502793,0.686342,0.079055,0.603479,0.772115,0.686342,0.079055,0.603479,0.772115,0.687393,0.077917,0.603997,0.773184,5,"0,1,2,3,4"
s3,digits,quantum_net,membership,confidence_threshold,-,5.000000,0.686111,0.079227,0.602778,0.772222,0.686111,0.079227,0.602778,0.772222,0.000000,0.000000,0.000000,0.000000,0.486761,0.017832,0.467606,0.507042,0.686342,0.079055,0.603479,0.772115,0.686342,0.079055,0.603479,0.772115,0.687393,0.077917,0.603997,0.773184,5,"0,1,2,3,4"
s3,digits,quantum_net,membership,confidence_threshold,-,10.000000,0.686111,0.079227,0.602778,0.772222,0.686111,0.079227,0.602778,0.772222,0.000000,0.000000,0.000000,0.000000,0.489143,0.020815,0.460000,0.507143,0.686342,0.079055,0.603479,0.772115,0.686342,0.079055,0.603479,0.772115,0.687393,0.077917,0.603997,0.773184,5,"0,1,2,3,4"
s3,digits,quantum_net,membership,confidence_threshold,-,20.000000,0.686111,0.079227,0.602778,0.772222,0.686111,0.079227,0.602778,0.772222,0.000000,0.000000,0.000000,0.000000,0.492647,0.022520,0.469118,0.525000,0.686342,0.079055,0.603479,0.772115,0.686342,0.079055,0.603479,0.772115,0.687393,0.077917,0.603997,0.773184,5,"0,1,2,3,4"
s3,digits,quantum_net,noise,depolarizing_readout,-,0.000000,0.686111,0.079227,0.602778,0.772222,0.686111,0.079227,0.602778,0.772222,0.000000,0.000000,0.000000,0.000000,,,,,0.686342,0.079055,0.603479,0.772115,0.686342,0.079055,0.603479,0.772115,0.687393,0.077917,0.603997,0.773184,5,"0,1,2,3,4"
s3,digits,quantum_net,noise,depolarizing_readout,-,0.005000,0.686111,0.079227,0.602778,0.772222,0.678333,0.100604,0.577778,0.791667,0.777778,3.764888,-2.777778,6.388889,0.180187,0.114766,0.057762,0.313364,0.678684,0.100381,0.578713,0.791956,0.678684,0.100381,0.578713,0.791956,0.680895,0.096776,0.582047,0.792011,5,"0,1,2,3,4"
s3,digits,quantum_net,noise,depolarizing_readout,-,0.010000,0.686111,0.079227,0.602778,0.772222,0.673889,0.103537,0.547222,0.780556,1.222222,4.270015,-4.166667,5.555556,0.189303,0.119296,0.068592,0.341014,0.674225,0.103198,0.548149,0.780766,0.674225,0.103198,0.548149,0.780766,0.677296,0.100457,0.551796,0.782244,5,"0,1,2,3,4"
s3,digits,quantum_net,noise,depolarizing_readout,-,0.020000,0.686111,0.079227,0.602778,0.772222,0.658889,0.102428,0.552778,0.772222,2.722222,4.385019,-2.222222,8.888889,0.213383,0.114305,0.083032,0.341014,0.659284,0.102148,0.553867,0.772583,0.659284,0.102148,0.553867,0.772583,0.664818,0.099183,0.558780,0.775460,5,"0,1,2,3,4"
s3,digits,quantum_net,noise,depolarizing_readout,-,0.050000,0.686111,0.079227,0.602778,0.772222,0.538889,0.103284,0.422222,0.641667,14.722222,4.668816,8.611111,20.555556,0.361578,0.114963,0.237410,0.488479,0.538813,0.103122,0.422417,0.641609,0.538813,0.103122,0.422417,0.641609,0.543322,0.100845,0.435568,0.647892,5,"0,1,2,3,4"
s3,digits,quantum_net,noise,depolarizing_readout,-,0.100000,0.686111,0.079227,0.602778,0.772222,0.331667,0.038269,0.288889,0.388889,35.444444,5.388459,30.000000,43.333333,0.613382,0.036948,0.552347,0.645161,0.331054,0.038322,0.288273,0.388891,0.331054,0.038322,0.288273,0.388891,0.304986,0.032139,0.281534,0.360469,5,"0,1,2,3,4"
s3,digits,quantum_net,shot_bias,forged_bitstring,-,0.000000,0.686111,0.079227,0.602778,0.772222,0.686111,0.079227,0.602778,0.772222,0.000000,0.000000,0.000000,0.000000,,,,,0.686342,0.079055,0.603479,0.772115,0.686342,0.079055,0.603479,0.772115,0.687393,0.077917,0.603997,0.773184,5,"0,1,2,3,4"
s3,digits,quantum_net,shot_bias,forged_bitstring,-,0.050000,0.686111,0.079227,0.602778,0.772222,0.637778,0.127379,0.516667,0.788889,4.833333,5.578425,-1.666667,12.222222,0.147755,0.118337,0.010791,0.281106,0.638276,0.126920,0.517514,0.789099,0.638276,0.126920,0.517514,0.789099,0.630626,0.131606,0.498430,0.784937,5,"0,1,2,3,4"
s3,digits,quantum_net,shot_bias,forged_bitstring,-,0.100000,0.686111,0.079227,0.602778,0.772222,0.481667,0.184116,0.313889,0.747222,20.444444,11.722091,2.500000,33.611111,0.387213,0.219348,0.071942,0.594470,0.482142,0.183649,0.314801,0.747733,0.482142,0.183649,0.314801,0.747733,0.477709,0.190880,0.298941,0.742690,5,"0,1,2,3,4"
s3,digits,quantum_net,shot_bias,forged_bitstring,-,0.200000,0.686111,0.079227,0.602778,0.772222,0.201667,0.144772,0.111111,0.458333,48.444445,10.937180,31.388889,60.555556,0.745785,0.172492,0.438849,0.846154,0.202338,0.145161,0.111270,0.459693,0.202338,0.145161,0.111270,0.459693,0.156540,0.174460,0.040385,0.464074,5,"0,1,2,3,4"
s3,digits,quantum_net,shot_bias,forged_bitstring,-,0.300000,0.686111,0.079227,0.602778,0.772222,0.112222,0.025805,0.100000,0.158333,57.388889,6.743195,50.000000,66.944444,0.855278,0.028181,0.809353,0.880866,0.112492,0.026365,0.100000,0.159603,0.112492,0.026365,0.100000,0.159603,0.036953,0.038892,0.018182,0.106390,5,"0,1,2,3,4"
s3,digits,quantum_net,shot_bias,forged_bitstring,-,0.400000,0.686111,0.079227,0.602778,0.772222,0.100556,0.001242,0.100000,0.102778,58.555555,7.847898,50.277778,66.944444,0.870588,0.013970,0.854701,0.881295,0.100571,0.001278,0.100000,0.102857,0.100571,0.001278,0.100000,0.102857,0.019302,0.002505,0.018182,0.023783,5,"0,1,2,3,4"
s3,digits,quantum_net,transpiler,angle_drift,-,0.000000,0.686111,0.079227,0.602778,0.772222,0.686111,0.079227,0.602778,0.772222,0.000000,0.000000,0.000000,0.000000,,,,,0.686342,0.079055,0.603479,0.772115,0.686342,0.079055,0.603479,0.772115,0.687393,0.077917,0.603997,0.773184,5,"0,1,2,3,4"
s3,digits,quantum_net,transpiler,angle_drift,-,0.050000,0.686111,0.079227,0.602778,0.772222,0.646667,0.099524,0.544444,0.758333,3.944444,3.375886,0.833333,8.888889,0.179674,0.087008,0.093863,0.285714,0.646697,0.099088,0.545270,0.757692,0.646697,0.099088,0.545270,0.757692,0.651387,0.095026,0.547954,0.754229,5,"0,1,2,3,4"
s3,digits,quantum_net,transpiler,angle_drift,-,0.100000,0.686111,0.079227,0.602778,0.772222,0.566111,0.135563,0.444444,0.730556,12.000000,6.032960,3.888889,18.611111,0.296946,0.141436,0.122744,0.419355,0.565669,0.135425,0.444543,0.730515,0.565669,0.135425,0.444543,0.730515,0.569515,0.130213,0.438140,0.731583,5,"0,1,2,3,4"
s3,digits,quantum_net,transpiler,angle_drift,-,0.200000,0.686111,0.079227,0.602778,0.772222,0.420000,0.129657,0.266667,0.572222,26.611111,5.465944,19.722222,33.611111,0.499286,0.158493,0.306859,0.682028,0.418869,0.129777,0.266017,0.572351,0.418869,0.129777,0.266017,0.572351,0.407781,0.140027,0.232252,0.582135,5,"0,1,2,3,4"
s3,digits,quantum_net,transpiler,angle_drift,-,0.400000,0.686111,0.079227,0.602778,0.772222,0.246666,0.069539,0.147222,0.333333,43.944445,3.432551,40.277778,48.888889,0.727395,0.101599,0.595668,0.861751,0.245574,0.069741,0.147222,0.334453,0.245574,0.069741,0.147222,0.334453,0.188658,0.083329,0.059495,0.292408,5,"0,1,2,3,4"
s3,digits,quantum_net,transpiler,angle_drift,-,0.800000,0.686111,0.079227,0.602778,0.772222,0.243889,0.074701,0.155556,0.322222,44.222222,1.624466,41.388889,45.555556,0.739566,0.102649,0.631769,0.866359,0.243383,0.074888,0.155556,0.324048,0.243383,0.074888,0.155556,0.324048,0.162476,0.075522,0.052746,0.239529,5,"0,1,2,3,4"
s3,digits,quantum_net,transpiler,qubit_swap,-,0.000000,0.686111,0.079227,0.602778,0.772222,0.686111,0.079227,0.602778,0.772222,0.000000,0.000000,0.000000,0.000000,,,,,0.686342,0.079055,0.603479,0.772115,0.686342,0.079055,0.603479,0.772115,0.687393,0.077917,0.603997,0.773184,5,"0,1,2,3,4"
s3,digits,quantum_net,transpiler,qubit_swap,-,1.000000,0.686111,0.079227,0.602778,0.772222,0.490000,0.103909,0.413889,0.661111,19.611111,5.738650,10.833333,25.555556,0.408199,0.097939,0.245487,0.502183,0.490051,0.105189,0.412081,0.663228,0.490051,0.105189,0.412081,0.663228,0.449854,0.091233,0.376586,0.607824,5,"0,1,2,3,4"
s3,digits,quantum_net,transpiler,qubit_swap,-,2.000000,0.686111,0.079227,0.602778,0.772222,0.348889,0.050865,0.283333,0.425000,33.722222,5.224881,28.333333,42.222222,0.591688,0.045490,0.519856,0.635945,0.348538,0.050193,0.285586,0.424807,0.348538,0.050193,0.285586,0.424807,0.302197,0.062626,0.236546,0.376987,5,"0,1,2,3,4"
s3,digits,quantum_net,transpiler,qubit_swap,-,3.000000,0.686111,0.079227,0.602778,0.772222,0.243333,0.081522,0.150000,0.358333,44.277778,8.657135,36.111111,58.611111,0.725280,0.086900,0.600719,0.815668,0.241998,0.081419,0.148874,0.356381,0.241998,0.081419,0.148874,0.356381,0.193568,0.065310,0.111691,0.252883,5,"0,1,2,3,4"
s3,digits,quantum_net,transpiler,qubit_swap,-,4.000000,0.686111,0.079227,0.602778,0.772222,0.180556,0.085369,0.063889,0.266667,50.555556,9.018157,38.333333,62.777778,0.797066,0.106450,0.666667,0.926267,0.179612,0.084744,0.063589,0.264114,0.179612,0.084744,0.063589,0.264114,0.132983,0.056996,0.051287,0.192453,5,"0,1,2,3,4"
s3,wine,quantum_net,backdoor,trigger,-,0.000000,0.938889,0.023240,0.916667,0.972222,0.938889,0.023240,0.916667,0.972222,0.000000,0.000000,0.000000,0.000000,0.236364,0.038030,0.181818,0.272727,0.941746,0.022487,0.915079,0.972222,0.941746,0.022487,0.915079,0.972222,0.942069,0.022898,0.919312,0.974013,5,"0,1,2,3,4"
s3,wine,quantum_net,backdoor,trigger,-,0.010000,0.938889,0.023240,0.916667,0.972222,0.927778,0.042127,0.861111,0.972222,1.111111,4.212708,-2.777778,8.333333,0.300000,0.114090,0.136364,0.409091,0.928730,0.040977,0.865079,0.972222,0.928730,0.040977,0.865079,0.972222,0.930460,0.040763,0.866871,0.974013,5,"0,1,2,3,4"
s3,wine,quantum_net,backdoor,trigger,-,0.020000,0.938889,0.023240,0.916667,0.972222,0.922222,0.041201,0.861111,0.972222,1.666667,5.046084,-5.555556,8.333333,0.427273,0.104644,0.318182,0.590909,0.926349,0.039799,0.867460,0.976190,0.926349,0.039799,0.867460,0.976190,0.925032,0.041006,0.864103,0.974321,5,"0,1,2,3,4"
s3,wine,quantum_net,backdoor,trigger,-,0.050000,0.938889,0.023240,0.916667,0.972222,0.905556,0.031671,0.861111,0.944444,3.333333,4.564355,0.000000,11.111111,0.645454,0.152120,0.500000,0.863636,0.910793,0.032055,0.865079,0.944444,0.910793,0.032055,0.865079,0.944444,0.908761,0.031342,0.863697,0.947475,5,"0,1,2,3,4"
s3,wine,quantum_net,backdoor,trigger,-,0.100000,0.938889,0.023240,0.916667,0.972222,0.927778,0.042127,0.888889,1.000000,1.111111,5.760123,-8.333333,5.555556,0.881818,0.051826,0.818182,0.954545,0.932222,0.038907,0.900794,1.000000,0.932222,0.038907,0.900794,1.000000,0.932060,0.039341,0.897436,1.000000,5,"0,1,2,3,4"
s3,wine,quantum_net,backdoor,trigger,-,0.200000,0.938889,0.023240,0.916667,0.972222,0.955555,0.015215,0.944444,0.972222,-1.666667,3.167154,-5.555556,2.777778,0.881818,0.068935,0.772727,0.954545,0.957936,0.016742,0.944444,0.976190,0.957936,0.016742,0.944444,0.976190,0.957883,0.015021,0.945825,0.974321,5,"0,1,2,3,4"
s3,wine,quantum_net,circuit_tamper,rx_half_pi,-,0.000000,0.938889,0.023240,0.916667,0.972222,0.938889,0.023240,0.916667,0.972222,0.000000,0.000000,0.000000,0.000000,,,,,0.941746,0.022487,0.915079,0.972222,0.941746,0.022487,0.915079,0.972222,0.942069,0.022898,0.919312,0.974013,5,"0,1,2,3,4"
s3,wine,quantum_net,circuit_tamper,rx_half_pi,-,1.000000,0.938889,0.023240,0.916667,0.972222,0.827778,0.184675,0.500000,0.944444,11.111111,20.506699,-2.777778,47.222222,0.132615,0.200093,0.000000,0.485714,0.826349,0.196495,0.476190,0.938889,0.826349,0.196495,0.476190,0.938889,0.808540,0.235480,0.388889,0.945741,5,"0,1,2,3,4"
s3,wine,quantum_net,circuit_tamper,rx_half_pi,-,2.000000,0.938889,0.023240,0.916667,0.972222,0.788889,0.223607,0.416667,0.972222,15.000000,24.024165,-5.555556,55.555556,0.174357,0.236564,0.000000,0.571429,0.783810,0.244643,0.366667,0.966667,0.783810,0.244643,0.366667,0.966667,0.758407,0.295094,0.251082,0.970962,5,"0,1,2,3,4"
s3,wine,quantum_net,circuit_tamper,rx_half_pi,-,4.000000,0.938889,0.023240,0.916667,0.972222,0.500000,0.085617,0.388889,0.611111,43.888889,10.281531,30.555556,55.555556,0.501630,0.090980,0.393939,0.617647,0.463333,0.105432,0.333333,0.604762,0.463333,0.105432,0.333333,0.604762,0.398749,0.152462,0.207407,0.609336,5,"0,1,2,3,4"
s3,wine,quantum_net,circuit_tamper,rx_half_pi,-,8.000000,0.938889,0.023240,0.916667,0.972222,0.355556,0.095015,0.222222,0.472222,58.333333,9.419903,47.222222,69.444444,0.645343,0.097078,0.529412,0.787879,0.315238,0.088089,0.190476,0.433333,0.315238,0.088089,0.190476,0.433333,0.250183,0.069862,0.190476,0.356745,5,"0,1,2,3,4"
s3,wine,quantum_net,circuit_tamper,rx_half_pi,-,16.000000,0.938889,0.023240,0.916667,0.972222,0.277778,0.166667,0.027778,0.416667,66.111111,18.044868,50.000000,94.444444,0.732076,0.161529,0.588235,0.971429,0.242698,0.144547,0.023810,0.366667,0.242698,0.144547,0.023810,0.366667,0.169473,0.092674,0.019608,0.251082,5,"0,1,2,3,4"
s3,wine,quantum_net,extraction,label_only,-,0.000000,0.938889,0.023240,0.916667,0.972222,0.938889,0.023240,0.916667,0.972222,0.000000,0.000000,0.000000,0.000000,,,,,0.941746,0.022487,0.915079,0.972222,0.941746,0.022487,0.915079,0.972222,0.942069,0.022898,0.919312,0.974013,5,"0,1,2,3,4"
s3,wine,quantum_net,extraction,label_only,-,10.000000,0.938889,0.023240,0.916667,0.972222,0.455555,0.080027,0.388889,0.583333,48.333333,9.337631,33.333333,58.333333,0.450000,0.071901,0.361111,0.555556,0.416032,0.092491,0.333333,0.561111,0.416032,0.092491,0.333333,0.561111,0.326958,0.129687,0.186667,0.518336,5,"0,1,2,3,4"
s3,wine,quantum_net,extraction,label_only,-,25.000000,0.938889,0.023240,0.916667,0.972222,0.605555,0.156397,0.444444,0.805556,33.333333,16.077551,11.111111,50.000000,0.611111,0.172357,0.444444,0.833333,0.586667,0.175245,0.400000,0.800794,0.586667,0.175245,0.400000,0.800794,0.551469,0.213732,0.305556,0.804043,5,"0,1,2,3,4"
s3,wine,quantum_net,extraction,label_only,-,50.000000,0.938889,0.023240,0.916667,0.972222,0.800000,0.120121,0.611111,0.916667,13.888889,12.880025,2.777778,33.333333,0.816667,0.139720,0.611111,0.972222,0.805238,0.122395,0.609524,0.916667,0.805238,0.122395,0.609524,0.916667,0.786859,0.154278,0.532456,0.920123,5,"0,1,2,3,4"
s3,wine,quantum_net,extraction,label_only,-,100.000000,0.938889,0.023240,0.916667,0.972222,0.905555,0.037268,0.861111,0.944444,3.333333,3.621779,0.000000,8.333333,0.900000,0.050461,0.833333,0.944444,0.909206,0.033170,0.873016,0.944444,0.909206,0.033170,0.873016,0.944444,0.910472,0.034891,0.871605,0.947475,5,"0,1,2,3,4"
s3,wine,quantum_net,extraction,label_only,-,250.000000,0.938889,0.023240,0.916667,0.972222,0.911111,0.036218,0.888889,0.972222,2.777778,3.928371,-2.777778,8.333333,0.905556,0.046481,0.861111,0.972222,0.916667,0.032602,0.888889,0.972222,0.916667,0.032602,0.888889,0.972222,0.914955,0.035044,0.891534,0.974013,5,"0,1,2,3,4"
s3,wine,quantum_net,extraction,label_only,-,500.000000,0.938889,0.023240,0.916667,0.972222,0.922222,0.036218,0.888889,0.972222,1.666667,3.167154,-2.777778,5.555556,0.927778,0.063949,0.861111,1.000000,0.928572,0.030738,0.900794,0.972222,0.928572,0.030738,0.900794,0.972222,0.926304,0.034805,0.891534,0.974013,5,"0,1,2,3,4"
s3,wine,quantum_net,extraction,label_only,-,1000.000000,0.938889,0.023240,0.916667,0.972222,0.927778,0.042127,0.888889,0.972222,1.111111,3.726780,-2.777778,5.555556,0.922222,0.056927,0.861111,0.972222,0.934127,0.037077,0.900794,0.976190,0.934127,0.037077,0.900794,0.976190,0.931485,0.040398,0.891534,0.974321,5,"0,1,2,3,4"
s3,wine,quantum_net,inversion,zeroth_order,-,0.000000,0.938889,0.023240,0.916667,0.972222,0.938889,0.023240,0.916667,0.972222,0.000000,0.000000,0.000000,0.000000,,,,,0.941746,0.022487,0.915079,0.972222,0.941746,0.022487,0.915079,0.972222,0.942069,0.022898,0.919312,0.974013,5,"0,1,2,3,4"
s3,wine,quantum_net,inversion,zeroth_order,-,20.000000,0.938889,0.023240,0.916667,0.972222,0.938889,0.023240,0.916667,0.972222,0.000000,0.000000,0.000000,0.000000,0.446566,0.062186,0.371310,0.512446,0.941746,0.022487,0.915079,0.972222,0.941746,0.022487,0.915079,0.972222,0.942069,0.022898,0.919312,0.974013,5,"0,1,2,3,4"
s3,wine,quantum_net,inversion,zeroth_order,-,100.000000,0.938889,0.023240,0.916667,0.972222,0.938889,0.023240,0.916667,0.972222,0.000000,0.000000,0.000000,0.000000,0.646442,0.048781,0.591736,0.701119,0.941746,0.022487,0.915079,0.972222,0.941746,0.022487,0.915079,0.972222,0.942069,0.022898,0.919312,0.974013,5,"0,1,2,3,4"
s3,wine,quantum_net,inversion,zeroth_order,-,500.000000,0.938889,0.023240,0.916667,0.972222,0.938889,0.023240,0.916667,0.972222,0.000000,0.000000,0.000000,0.000000,0.783688,0.065780,0.714984,0.858223,0.941746,0.022487,0.915079,0.972222,0.941746,0.022487,0.915079,0.972222,0.942069,0.022898,0.919312,0.974013,5,"0,1,2,3,4"
s3,wine,quantum_net,inversion,zeroth_order,-,2000.000000,0.938889,0.023240,0.916667,0.972222,0.938889,0.023240,0.916667,0.972222,0.000000,0.000000,0.000000,0.000000,0.861927,0.009324,0.849002,0.873212,0.941746,0.022487,0.915079,0.972222,0.941746,0.022487,0.915079,0.972222,0.942069,0.022898,0.919312,0.974013,5,"0,1,2,3,4"
s3,wine,quantum_net,membership,confidence_threshold,-,0.000000,0.938889,0.023240,0.916667,0.972222,0.938889,0.023240,0.916667,0.972222,0.000000,0.000000,0.000000,0.000000,,,,,0.941746,0.022487,0.915079,0.972222,0.941746,0.022487,0.915079,0.972222,0.942069,0.022898,0.919312,0.974013,5,"0,1,2,3,4"
s3,wine,quantum_net,membership,confidence_threshold,-,2.000000,0.938889,0.023240,0.916667,0.972222,0.938889,0.023240,0.916667,0.972222,0.000000,0.000000,0.000000,0.000000,0.497059,0.030138,0.470588,0.529412,0.941746,0.022487,0.915079,0.972222,0.941746,0.022487,0.915079,0.972222,0.942069,0.022898,0.919312,0.974013,5,"0,1,2,3,4"
s3,wine,quantum_net,membership,confidence_threshold,-,5.000000,0.938889,0.023240,0.916667,0.972222,0.938889,0.023240,0.916667,0.972222,0.000000,0.000000,0.000000,0.000000,0.509677,0.050492,0.435484,0.564516,0.941746,0.022487,0.915079,0.972222,0.941746,0.022487,0.915079,0.972222,0.942069,0.022898,0.919312,0.974013,5,"0,1,2,3,4"
s3,wine,quantum_net,membership,confidence_threshold,-,10.000000,0.938889,0.023240,0.916667,0.972222,0.938889,0.023240,0.916667,0.972222,0.000000,0.000000,0.000000,0.000000,0.496154,0.065779,0.403846,0.557692,0.941746,0.022487,0.915079,0.972222,0.941746,0.022487,0.915079,0.972222,0.942069,0.022898,0.919312,0.974013,5,"0,1,2,3,4"
s3,wine,quantum_net,membership,confidence_threshold,-,20.000000,0.938889,0.023240,0.916667,0.972222,0.938889,0.023240,0.916667,0.972222,0.000000,0.000000,0.000000,0.000000,0.456250,0.081490,0.343750,0.531250,0.941746,0.022487,0.915079,0.972222,0.941746,0.022487,0.915079,0.972222,0.942069,0.022898,0.919312,0.974013,5,"0,1,2,3,4"
s3,wine,quantum_net,noise,depolarizing_readout,-,0.000000,0.938889,0.023240,0.916667,0.972222,0.938889,0.023240,0.916667,0.972222,0.000000,0.000000,0.000000,0.000000,,,,,0.941746,0.022487,0.915079,0.972222,0.941746,0.022487,0.915079,0.972222,0.942069,0.022898,0.919312,0.974013,5,"0,1,2,3,4"
s3,wine,quantum_net,noise,depolarizing_readout,-,0.005000,0.938889,0.023240,0.916667,0.972222,0.944444,0.027778,0.916667,0.972222,-0.555556,2.324056,-2.777778,2.777778,0.005882,0.013153,0.000000,0.029412,0.945397,0.027666,0.915079,0.976190,0.945397,0.027666,0.915079,0.976190,0.946717,0.027214,0.919312,0.974321,5,"0,1,2,3,4"
s3,wine,quantum_net,noise,depolarizing_readout,-,0.010000,0.938889,0.023240,0.916667,0.972222,0.944444,0.027778,0.916667,0.972222,-0.555556,2.324056,-2.777778,2.777778,0.005882,0.013153,0.000000,0.029412,0.945397,0.027666,0.915079,0.976190,0.945397,0.027666,0.915079,0.976190,0.946717,0.027214,0.919312,0.974321,5,"0,1,2,3,4"
s3,wine,quantum_net,noise,depolarizing_readout,-,0.020000,0.938889,0.023240,0.916667,0.972222,0.938889,0.012422,0.916667,0.944444,0.000000,2.777778,-2.777778,2.777778,0.017479,0.015960,0.000000,0.029412,0.939048,0.013956,0.915079,0.948413,0.939048,0.013956,0.915079,0.948413,0.942048,0.012264,0.920196,0.948413,5,"0,1,2,3,4"
s3,wine,quantum_net,noise,depolarizing_readout,-,0.050000,0.938889,0.023240,0.916667,0.972222,0.883333,0.030429,0.833333,0.916667,5.555556,4.392052,0.000000,11.111111,0.076501,0.044053,0.030303,0.147059,0.879365,0.033733,0.822222,0.911111,0.879365,0.033733,0.822222,0.911111,0.886945,0.030141,0.837473,0.919895,5,"0,1,2,3,4"
s3,wine,quantum_net,noise,depolarizing_readout,-,0.100000,0.938889,0.023240,0.916667,0.972222,0.605555,0.081933,0.472222,0.694444,33.333333,9.212847,22.222222,47.222222,0.378029,0.093388,0.272727,0.529412,0.576349,0.091355,0.427778,0.665079,0.576349,0.091355,0.427778,0.665079,0.532367,0.114920,0.360975,0.678679,5,"0,1,2,3,4"
s3,wine,quantum_net,shot_bias,forged_bitstring,-,0.000000,0.938889,0.023240,0.916667,0.972222,0.938889,0.023240,0.916667,0.972222,0.000000,0.000000,0.000000,0.000000,,,,,0.941746,0.022487,0.915079,0.972222,0.941746,0.022487,0.915079,0.972222,0.942069,0.022898,0.919312,0.974013,5,"0,1,2,3,4"
s3,wine,quantum_net,shot_bias,forged_bitstring,-,0.050000,0.938889,0.023240,0.916667,0.972222,0.933333,0.057601,0.861111,1.000000,0.555556,4.564355,-2.777778,5.555556,0.029947,0.042546,0.000000,0.090909,0.938254,0.055055,0.871429,1.000000,0.938254,0.055055,0.871429,1.000000,0.936496,0.054641,0.868170,1.000000,5,"0,1,2,3,4"
s3,wine,quantum_net,shot_bias,forged_bitstring,-,0.100000,0.938889,0.023240,0.916667,0.972222,0.866667,0.084254,0.777778,1.000000,7.222222,6.394925,-2.777778,13.888889,0.107665,0.069288,0.000000,0.181818,0.881905,0.075773,0.800000,1.000000,0.881905,0.075773,0.800000,1.000000,0.872040,0.081602,0.785975,1.000000,5,"0,1,2,3,4"
s3,wine,quantum_net,shot_bias,forged_bitstring,-,0.200000,0.938889,0.023240,0.916667,0.972222,0.622222,0.072435,0.527778,0.722222,31.666667,5.760123,25.000000,38.888889,0.367660,0.066341,0.285714,0.454545,0.655238,0.067813,0.566667,0.733333,0.655238,0.067813,0.566667,0.733333,0.598181,0.088877,0.479638,0.727019,5,"0,1,2,3,4"
s3,wine,quantum_net,shot_bias,forged_bitstring,-,0.300000,0.938889,0.023240,0.916667,0.972222,0.461111,0.082402,0.361111,0.555556,47.777778,8.193268,36.111111,55.555556,0.538508,0.087984,0.424242,0.636364,0.482857,0.099977,0.366667,0.600000,0.482857,0.099977,0.366667,0.600000,0.391633,0.115967,0.242424,0.501425,5,"0,1,2,3,4"
s3,wine,quantum_net,shot_bias,forged_bitstring,-,0.400000,0.938889,0.023240,0.916667,0.972222,0.344444,0.024845,0.333333,0.388889,59.444444,4.212709,52.777778,63.888889,0.662277,0.032139,0.606061,0.685714,0.346666,0.029814,0.333333,0.400000,0.346666,0.029814,0.333333,0.400000,0.198772,0.048984,0.166667,0.285024,5,"0,1,2,3,4"
s3,wine,quantum_net,transpiler,angle_drift,-,0.000000,0.938889,0.023240,0.916667,0.972222,0.938889,0.023240,0.916667,0.972222,0.000000,0.000000,0.000000,0.000000,,,,,0.941746,0.022487,0.915079,0.972222,0.941746,0.022487,0.915079,0.972222,0.942069,0.022898,0.919312,0.974013,5,"0,1,2,3,4"
s3,wine,quantum_net,transpiler,angle_drift,-,0.050000,0.938889,0.023240,0.916667,0.972222,0.955555,0.024845,0.916667,0.972222,-1.666667,2.484520,-5.555556,0.000000,0.005882,0.013153,0.000000,0.029412,0.958412,0.026158,0.915079,0.976190,0.958412,0.026158,0.915079,0.976190,0.958314,0.024000,0.920196,0.974321,5,"0,1,2,3,4"
s3,wine,quantum_net,transpiler,angle_drift,-,0.100000,0.938889,0.023240,0.916667,0.972222,0.950000,0.023240,0.916667,0.972222,-1.111111,1.521452,-2.777778,0.000000,0.006061,0.013552,0.000000,0.030303,0.952857,0.022924,0.919048,0.976190,0.952857,0.022924,0.919048,0.976190,0.952988,0.022594,0.919778,0.974321,5,"0,1,2,3,4"
s3,wine,quantum_net,transpiler,angle_drift,-,0.200000,0.938889,0.023240,0.916667,0.972222,0.911111,0.045644,0.833333,0.944444,2.777778,3.402069,0.000000,8.333333,0.053843,0.040052,0.028571,0.121212,0.917619,0.041469,0.847619,0.952381,0.917619,0.041469,0.847619,0.952381,0.915421,0.043691,0.841652,0.948718,5,"0,1,2,3,4"
s3,wine,quantum_net,transpiler,angle_drift,-,0.400000,0.938889,0.023240,0.916667,0.972222,0.800000,0.123291,0.611111,0.916667,13.888889,10.577463,2.777778,30.555556,0.167588,0.129069,0.029412,0.363636,0.813175,0.111673,0.647619,0.924603,0.813175,0.111673,0.647619,0.924603,0.799466,0.133164,0.592593,0.922963,5,"0,1,2,3,4"
s3,wine,quantum_net,transpiler,angle_drift,-,0.800000,0.938889,0.023240,0.916667,0.972222,0.538889,0.155407,0.361111,0.722222,40.000000,13.408354,25.000000,55.555556,0.446794,0.167640,0.257143,0.636364,0.535079,0.153588,0.366667,0.722222,0.535079,0.153588,0.366667,0.722222,0.471395,0.199661,0.238384,0.674185,5,"0,1,2,3,4"
s3,wine,quantum_net,transpiler,qubit_swap,-,0.000000,0.938889,0.023240,0.916667,0.972222,0.938889,0.023240,0.916667,0.972222,0.000000,0.000000,0.000000,0.000000,,,,,0.941746,0.022487,0.915079,0.972222,0.941746,0.022487,0.915079,0.972222,0.942069,0.022898,0.919312,0.974013,5,"0,1,2,3,4"
s3,wine,quantum_net,transpiler,qubit_swap,-,1.000000,0.938889,0.023240,0.916667,0.972222,0.888889,0.034021,0.861111,0.944444,5.000000,4.564354,0.000000,11.111111,0.064568,0.036938,0.029412,0.114286,0.886984,0.040630,0.838889,0.948413,0.886984,0.040630,0.838889,0.948413,0.890612,0.036876,0.851669,0.948413,5,"0,1,2,3,4"
s3,wine,quantum_net,transpiler,qubit_swap,-,2.000000,0.938889,0.023240,0.916667,0.972222,0.816667,0.143802,0.611111,0.944444,12.222222,15.908690,-2.777778,33.333333,0.145556,0.175838,0.000000,0.382353,0.806508,0.160325,0.601587,0.948413,0.806508,0.160325,0.601587,0.948413,0.789526,0.182671,0.578947,0.948413,5,"0,1,2,3,4"
s3,wine,quantum_net,transpiler,qubit_swap,-,3.000000,0.938889,0.023240,0.916667,0.972222,0.650000,0.212095,0.305556,0.888889,28.888889,22.187473,2.777778,63.888889,0.335406,0.233068,0.060606,0.705882,0.622857,0.226329,0.265873,0.891270,0.622857,0.226329,0.265873,0.891270,0.591488,0.258187,0.193818,0.894837,5,"0,1,2,3,4"
s3,wine,quantum_net,transpiler,qubit_swap,-,4.000000,0.938889,0.023240,0.916667,0.972222,0.527778,0.164336,0.277778,0.666667,41.111111,17.721264,27.777778,66.666667,0.459730,0.177909,0.323529,0.735294,0.501429,0.173757,0.238095,0.628571,0.501429,0.173757,0.238095,0.628571,0.469668,0.198071,0.166667,0.644818,5,"0,1,2,3,4"
