run_id,timestamp,scenario,dataset,model,attack,attack_mode,intensity,seed,n_clients,partition,rounds,clean_accuracy,attacked_accuracy,accuracy_drop_pp,attack_success_rate,balanced_accuracy,positive_recall,f1,train_seconds,git_commit,config_hash
db5855788716,2026-09-08T00:54:48+00:00,s1,breast_cancer,logistic_regression,poisoning,symmetric,0.000000,0,,,,0.973684,0.973684,0.000000,,0.969246,0.952381,0.963855,0.021757,be933a7,50d3ffe794f9
13bce34c3a9a,2026-09-08T00:54:48+00:00,s1,breast_cancer,logistic_regression,poisoning,symmetric,0.000000,1,,,,0.982456,0.982456,0.000000,,0.981151,0.976190,0.976190,0.018559,be933a7,50d3ffe794f9
0768c7202f4f,2026-09-08T00:54:48+00:00,s1,breast_cancer,logistic_regression,poisoning,symmetric,0.000000,2,,,,0.964912,0.964912,0.000000,,0.962302,0.952381,0.952381,0.018277,be933a7,50d3ffe794f9
4ac643c31a63,2026-09-08T00:54:48+00:00,s1,breast_cancer,logistic_regression,poisoning,symmetric,0.000000,3,,,,0.991228,0.991228,0.000000,,0.988095,0.976190,0.987952,0.017542,be933a7,50d3ffe794f9
54550de7ae9f,2026-09-08T00:54:48+00:00,s1,breast_cancer,logistic_regression,poisoning,symmetric,0.000000,4,,,,0.938596,0.938596,0.000000,,0.916667,0.833333,0.909091,0.014718,be933a7,50d3ffe794f9
88fd9bc2f164,2026-09-08T00:54:48+00:00,s1,breast_cancer,logistic_regression,poisoning,symmetric,0.050000,0,,,,0.973684,0.929825,4.385965,,0.924603,0.904762,0.904762,0.023414,be933a7,e66eb67970e4
56b9bb21c8a2,2026-09-08T00:54:48+00:00,s1,breast_cancer,logistic_regression,poisoning,symmetric,0.050000,1,,,,0.982456,0.964912,1.754386,,0.962302,0.952381,0.952381,0.024558,be933a7,e66eb67970e4
f5e9a2607b4a,2026-09-08T00:54:48+00:00,s1,breast_cancer,logistic_regression,poisoning,symmetric,0.050000,2,,,,0.964912,0.938596,2.631579,,0.931548,0.904762,0.915663,0.025598,be933a7,e66eb67970e4
7d6c0179d4bf,2026-09-08T00:54:48+00:00,s1,breast_cancer,logistic_regression,poisoning,symmetric,0.050000,3,,,,0.991228,0.973684,1.754386,,0.964286,0.928571,0.962963,0.027047,be933a7,e66eb67970e4
e0af32c01381,2026-09-08T00:54:48+00:00,s1,breast_cancer,logistic_regression,poisoning,symmetric,0.050000,4,,,,0.938596,0.947368,-0.877193,,0.928571,0.857143,0.923077,0.024577,be933a7,e66eb67970e4
3c332f5de1ae,2026-09-08T00:54:48+00:00,s1,breast_cancer,logistic_regression,poisoning,symmetric,0.100000,0,,,,0.973684,0.964912,0.877193,,0.957341,0.928571,0.951220,0.023958,be933a7,300b51ab1860
3e7da71a2d61,2026-09-08T00:54:48+00:00,s1,breast_cancer,logistic_regression,poisoning,symmetric,0.100000,1,,,,0.982456,0.956140,2.631579,,0.950397,0.928571,0.939759,0.023386,be933a7,300b51ab1860
3c4c1eaf8f9b,2026-09-08T00:54:49+00:00,s1,breast_cancer,logistic_regression,poisoning,symmetric,0.100000,2,,,,0.964912,0.938596,2.631579,,0.926587,0.880952,0.913580,0.026362,be933a7,300b51ab1860
8c0d69b143ba,2026-09-08T00:54:49+00:00,s1,breast_cancer,logistic_regression,poisoning,symmetric,0.100000,3,,,,0.991228,0.964912,2.631579,,0.957341,0.928571,0.951220,0.024873,be933a7,300b51ab1860
c887f66a9d7a,2026-09-08T00:54:49+00:00,s1,breast_cancer,logistic_regression,poisoning,symmetric,0.100000,4,,,,0.938596,0.921053,1.754386,,0.892857,0.785714,0.880000,0.023975,be933a7,300b51ab1860
f731fffc395e,2026-09-08T00:54:49+00:00,s1,breast_cancer,logistic_regression,poisoning,symmetric,0.200000,0,,,,0.973684,0.956140,1.754386,,0.950397,0.928571,0.939759,0.023605,be933a7,1318afaa2088
8a13ba067973,2026-09-08T00:54:49+00:00,s1,breast_cancer,logistic_regression,poisoning,symmetric,0.200000,1,,,,0.982456,0.903509,7.894737,,0.898810,0.880952,0.870588,0.021394,be933a7,1318afaa2088
85ada6ebe4fb,2026-09-08T00:54:49+00:00,s1,breast_cancer,logistic_regression,poisoning,symmetric,0.200000,2,,,,0.964912,0.903509,6.140351,,0.893849,0.857143,0.867470,0.025340,be933a7,1318afaa2088
fe718659e0a1,2026-09-08T00:54:49+00:00,s1,breast_cancer,logistic_regression,poisoning,symmetric,0.200000,3,,,,0.991228,0.964912,2.631579,,0.952381,0.904762,0.950000,0.025910,be933a7,1318afaa2088
1c9d91c60353,2026-09-08T00:54:49+00:00,s1,breast_cancer,logistic_regression,poisoning,symmetric,0.200000,4,,,,0.938596,0.921053,1.754386,,0.902778,0.833333,0.886076,0.025799,be933a7,1318afaa2088
9d10e8138807,2026-09-08T00:54:49+00:00,s1,breast_cancer,logistic_regression,poisoning,symmetric,0.300000,0,,,,0.973684,0.903509,7.017544,,0.893849,0.857143,0.867470,0.027449,be933a7,91de3756ff88
c52768f6236f,2026-09-08T00:54:49+00:00,s1,breast_cancer,logistic_regression,poisoning,symmetric,0.300000,1,,,,0.982456,0.859649,12.280702,,0.854167,0.833333,0.813953,0.025802,be933a7,91de3756ff88
45ebff174111,2026-09-08T00:54:49+00:00,s1,breast_cancer,logistic_regression,poisoning,symmetric,0.300000,2,,,,0.964912,0.877193,8.771930,,0.858135,0.785714,0.825000,0.026792,be933a7,91de3756ff88
f67dbf301725,2026-09-08T00:54:49+00:00,s1,breast_cancer,logistic_regression,poisoning,symmetric,0.300000,3,,,,0.991228,0.894737,9.649123,,0.872024,0.785714,0.846154,0.028415,be933a7,91de3756ff88
7962f79d506a,2026-09-08T00:54:49+00:00,s1,breast_cancer,logistic_regression,poisoning,symmetric,0.300000,4,,,,0.938596,0.903509,3.508772,,0.878968,0.785714,0.857143,0.026912,be933a7,91de3756ff88
16975d61c7c7,2026-09-08T00:54:49+00:00,s1,breast_cancer,logistic_regression,poisoning,symmetric,0.400000,0,,,,0.973684,0.736842,23.684211,,0.732143,0.714286,0.666667,0.025897,be933a7,b3a7b06d37ec
89719f74ec8e,2026-09-08T00:54:49+00:00,s1,breast_cancer,logistic_regression,poisoning,symmetric,0.400000,1,,,,0.982456,0.728070,25.438596,,0.700397,0.595238,0.617284,0.041562,be933a7,b3a7b06d37ec
5166a3a72ed0,2026-09-08T00:54:49+00:00,s1,breast_cancer,logistic_regression,poisoning,symmetric,0.400000,2,,,,0.964912,0.771930,19.298246,,0.759921,0.714286,0.697674,0.032550,be933a7,b3a7b06d37ec
8a3612c365c7,2026-09-08T00:54:49+00:00,s1,breast_cancer,logistic_regression,poisoning,symmetric,0.400000,3,,,,0.991228,0.745614,24.561404,,0.729167,0.666667,0.658824,0.029203,be933a7,b3a7b06d37ec
350af6d0d16c,2026-09-08T00:54:49+00:00,s1,breast_cancer,logistic_regression,poisoning,symmetric,0.400000,4,,,,0.938596,0.736842,20.175439,,0.732143,0.714286,0.666667,0.027060,be933a7,b3a7b06d37ec
0583d9d3f591,2026-09-08T00:54:49+00:00,s1,digits,logistic_regression,poisoning,symmetric,0.000000,0,,,,0.966667,0.966667,0.000000,,0.966266,0.966266,0.966731,0.044184,be933a7,4c66841fb456
1470aa18090d,2026-09-08T00:54:49+00:00,s1,digits,logistic_regression,poisoning,symmetric,0.000000,1,,,,0.963889,0.963889,0.000000,,0.964026,0.964026,0.963871,0.046880,be933a7,4c66841fb456
7dfac2e41e39,2026-09-08T00:54:49+00:00,s1,digits,logistic_regression,poisoning,symmetric,0.000000,2,,,,0.963889,0.963889,0.000000,,0.963876,0.963876,0.963905,0.040962,be933a7,4c66841fb456
1c2c26a203fa,2026-09-08T00:54:49+00:00,s1,digits,logistic_regression,poisoning,symmetric,0.000000,3,,,,0.975000,0.975000,0.000000,,0.974991,0.974991,0.975009,0.049267,be933a7,4c66841fb456
dffbadc9c6d1,2026-09-08T00:54:49+00:00,s1,digits,logistic_regression,poisoning,symmetric,0.000000,4,,,,0.980556,0.980556,0.000000,,0.980547,0.980547,0.980609,0.052975,be933a7,4c66841fb456
d4003cc5f5cc,2026-09-08T00:54:49+00:00,s1,digits,logistic_regression,poisoning,symmetric,0.050000,0,,,,0.966667,0.922222,4.444444,,0.922121,0.922121,0.922897,0.212352,be933a7,01b9c6cccec0
ec31ada47994,2026-09-08T00:54:50+00:00,s1,digits,logistic_regression,poisoning,symmetric,0.050000,1,,,,0.963889,0.927778,3.611111,,0.927748,0.927748,0.928034,0.187822,be933a7,01b9c6cccec0
e675c70848ef,2026-09-08T00:54:50+00:00,s1,digits,logistic_regression,poisoning,symmetric,0.050000,2,,,,0.963889,0.936111,2.777778,,0.935622,0.935622,0.935530,0.116646,be933a7,01b9c6cccec0
b5b6c29138f5,2026-09-08T00:54:50+00:00,s1,digits,logistic_regression,poisoning,symmetric,0.050000,3,,,,0.975000,0.941667,3.333333,,0.941641,0.941641,0.941051,0.195361,be933a7,01b9c6cccec0
0b996f6d9aad,2026-09-08T00:54:50+00:00,s1,digits,logistic_regression,poisoning,symmetric,0.050000,4,,,,0.980556,0.913889,6.666667,,0.913621,0.913621,0.913358,0.078114,be933a7,01b9c6cccec0
709823bc332e,2026-09-08T00:54:50+00:00,s1,digits,logistic_regression,poisoning,symmetric,0.100000,0,,,,0.966667,0.919444,4.722222,,0.919339,0.919339,0.919838,0.076804,be933a7,7bc5b7362ea0
7c98295a915f,2026-09-08T00:54:50+00:00,s1,digits,logistic_regression,poisoning,symmetric,0.100000,1,,,,0.963889,0.902778,6.111111,,0.902497,0.902497,0.901933,0.069652,be933a7,7bc5b7362ea0
c5fe81f14949,2026-09-08T00:54:50+00:00,s1,digits,logistic_regression,poisoning,symmetric,0.100000,2,,,,0.963889,0.919444,4.444444,,0.919335,0.919335,0.919134,0.121059,be933a7,7bc5b7362ea0
62c66bf56dab,2026-09-08T00:54:51+00:00,s1,digits,logistic_regression,poisoning,symmetric,0.100000,3,,,,0.975000,0.911111,6.388889,,0.910764,0.910764,0.910631,0.165925,be933a7,7bc5b7362ea0
420927f335f4,2026-09-08T00:54:51+00:00,s1,digits,logistic_regression,poisoning,symmetric,0.100000,4,,,,0.980556,0.927778,5.277778,,0.927973,0.927973,0.927443,0.135901,be933a7,7bc5b7362ea0
d56dd899f9b1,2026-09-08T00:54:51+00:00,s1,digits,logistic_regression,poisoning,symmetric,0.200000,0,,,,0.966667,0.894444,7.222222,,0.894414,0.894414,0.894312,0.160722,be933a7,de53dc701ab5
d399be1d89d7,2026-09-08T00:54:51+00:00,s1,digits,logistic_regression,poisoning,symmetric,0.200000,1,,,,0.963889,0.900000,6.388889,,0.899732,0.899732,0.899635,0.161556,be933a7,de53dc701ab5
64fc81c9e2d2,2026-09-08T00:54:51+00:00,s1,digits,logistic_regression,poisoning,symmetric,0.200000,2,,,,0.963889,0.908333,5.555556,,0.907827,0.907827,0.907603,0.081473,be933a7,de53dc701ab5
aa8452bce013,2026-09-08T00:54:51+00:00,s1,digits,logistic_regression,poisoning,symmetric,0.200000,3,,,,0.975000,0.916667,5.833333,,0.916015,0.916015,0.916500,0.085468,be933a7,de53dc701ab5
c58e786b0a0c,2026-09-08T00:54:51+00:00,s1,digits,logistic_regression,poisoning,symmetric,0.200000,4,,,,0.980556,0.880556,10.000000,,0.880659,0.880659,0.880034,0.076195,be933a7,de53dc701ab5
c646deed2e2e,2026-09-08T00:54:51+00:00,s1,digits,logistic_regression,poisoning,symmetric,0.300000,0,,,,0.966667,0.886111,8.055556,,0.885843,0.885843,0.887051,0.075753,be933a7,272f719384ab
c87e46416262,2026-09-08T00:54:51+00:00,s1,digits,logistic_regression,poisoning,symmetric,0.300000,1,,,,0.963889,0.894444,6.944444,,0.894635,0.894635,0.894339,0.073646,be933a7,272f719384ab
f7469ec97e10,2026-09-08T00:54:52+00:00,s1,digits,logistic_regression,poisoning,symmetric,0.300000,2,,,,0.963889,0.852778,11.111111,,0.852259,0.852259,0.851890,0.083556,be933a7,272f719384ab
b420b672d627,2026-09-08T00:54:52+00:00,s1,digits,logistic_regression,poisoning,symmetric,0.300000,3,,,,0.975000,0.908333,6.666667,,0.907986,0.907986,0.908348,0.084344,be933a7,272f719384ab
2d50e1954d7b,2026-09-08T00:54:52+00:00,s1,digits,logistic_regression,poisoning,symmetric,0.300000,4,,,,0.980556,0.897222,8.333333,,0.896641,0.896641,0.897757,0.077679,be933a7,272f719384ab
42202cb45f43,2026-09-08T00:54:52+00:00,s1,digits,logistic_regression,poisoning,symmetric,0.400000,0,,,,0.966667,0.844444,12.222222,,0.844376,0.844376,0.844939,0.083641,be933a7,a27a04967efb
8017f63ea635,2026-09-08T00:54:52+00:00,s1,digits,logistic_regression,poisoning,symmetric,0.400000,1,,,,0.963889,0.847222,11.666667,,0.847175,0.847175,0.846138,0.076494,be933a7,a27a04967efb
6384c732fd95,2026-09-08T00:54:52+00:00,s1,digits,logistic_regression,poisoning,symmetric,0.400000,2,,,,0.963889,0.861111,10.277778,,0.860746,0.860746,0.860454,0.165613,be933a7,a27a04967efb
6ecf2adecde0,2026-09-08T00:54:52+00:00,s1,digits,logistic_regression,poisoning,symmetric,0.400000,3,,,,0.975000,0.866667,10.833333,,0.866306,0.866306,0.864879,0.078182,be933a7,a27a04967efb
75f9e722a18f,2026-09-08T00:54:52+00:00,s1,digits,logistic_regression,poisoning,symmetric,0.400000,4,,,,0.980556,0.872222,10.833333,,0.871403,0.871403,0.870649,0.094552,be933a7,a27a04967efb
445f8ab57bfc,2026-09-08T00:54:52+00:00,s1,wine,logistic_regression,poisoning,symmetric,0.000000,0,,,,1.000000,1.000000,0.000000,,1.000000,1.000000,1.000000,0.015273,be933a7,d9ef7a951a17
4c8500dc3723,2026-09-08T00:54:52+00:00,s1,wine,logistic_regression,poisoning,symmetric,0.000000,1,,,,0.972222,0.972222,0.000000,,0.976190,0.976190,0.971781,0.014626,be933a7,d9ef7a951a17
35aaf6a008e4,2026-09-08T00:54:52+00:00,s1,wine,logistic_regression,poisoning,symmetric,0.000000,2,,,,0.972222,0.972222,0.000000,,0.976190,0.976190,0.971781,0.015273,be933a7,d9ef7a951a17
b5a58e2f3bbd,2026-09-08T00:54:52+00:00,s1,wine,logistic_regression,poisoning,symmetric,0.000000,3,,,,1.000000,1.000000,0.000000,,1.000000,1.000000,1.000000,0.016098,be933a7,d9ef7a951a17
a4c3b15ae17a,2026-09-08T00:54:52+00:00,s1,wine,logistic_regression,poisoning,symmetric,0.000000,4,,,,1.000000,1.000000,0.000000,,1.000000,1.000000,1.000000,0.015249,be933a7,d9ef7a951a17
e4ca14e9d4b1,2026-09-08T00:54:52+00:00,s1,wine,logistic_regression,poisoning,symmetric,0.050000,0,,,,1.000000,1.000000,0.000000,,1.000000,1.000000,1.000000,0.019185,be933a7,50fbea4cf56f
75be28e67611,2026-09-08T00:54:52+00:00,s1,wine,logistic_regression,poisoning,symmetric,0.050000,1,,,,0.972222,1.000000,-2.777778,,1.000000,1.000000,1.000000,0.020270,be933a7,50fbea4cf56f
9c20418767d3,2026-09-08T00:54:52+00:00,s1,wine,logistic_regression,poisoning,symmetric,0.050000,2,,,,0.972222,0.972222,0.000000,,0.976190,0.976190,0.971781,0.017018,be933a7,50fbea4cf56f
e50b8169d03b,2026-09-08T00:54:52+00:00,s1,wine,logistic_regression,poisoning,symmetric,0.050000,3,,,,1.000000,0.916667,8.333333,,0.920635,0.920635,0.919341,0.019863,be933a7,50fbea4cf56f
bb04ad28e577,2026-09-08T00:54:52+00:00,s1,wine,logistic_regression,poisoning,symmetric,0.050000,4,,,,1.000000,0.972222,2.777778,,0.976190,0.976190,0.971781,0.020687,be933a7,50fbea4cf56f
8c740f99bb50,2026-09-08T00:54:52+00:00,s1,wine,logistic_regression,poisoning,symmetric,0.100000,0,,,,1.000000,1.000000,0.000000,,1.000000,1.000000,1.000000,0.019503,be933a7,7c71528f3993
a8d20df431ec,2026-09-08T00:54:52+00:00,s1,wine,logistic_regression,poisoning,symmetric,0.100000,1,,,,0.972222,0.972222,0.000000,,0.976190,0.976190,0.974321,0.019197,be933a7,7c71528f3993
6e806b82bfee,2026-09-08T00:54:52+00:00,s1,wine,logistic_regression,poisoning,symmetric,0.100000,2,,,,0.972222,0.972222,0.000000,,0.976190,0.976190,0.974321,0.019035,be933a7,7c71528f3993
78661fdf2480,2026-09-08T00:54:53+00:00,s1,wine,logistic_regression,poisoning,symmetric,0.100000,3,,,,1.000000,0.972222,2.777778,,0.976190,0.976190,0.971781,0.020675,be933a7,7c71528f3993
832d72bbddf7,2026-09-08T00:54:53+00:00,s1,wine,logistic_regression,poisoning,symmetric,0.100000,4,,,,1.000000,0.972222,2.777778,,0.966667,0.966667,0.970962,0.020648,be933a7,7c71528f3993
5fbe258b2e0f,2026-09-08T00:54:53+00:00,s1,wine,logistic_regression,poisoning,symmetric,0.200000,0,,,,1.000000,0.916667,8.333333,,0.920635,0.920635,0.922039,0.019954,be933a7,c6adec507f71
3d294b36b553,2026-09-08T00:54:53+00:00,s1,wine,logistic_regression,poisoning,symmetric,0.200000,1,,,,0.972222,0.888889,8.333333,,0.895238,0.895238,0.889744,0.016574,be933a7,c6adec507f71
219cb36ebe0c,2026-09-08T00:54:53+00:00,s1,wine,logistic_regression,poisoning,symmetric,0.200000,2,,,,0.972222,0.888889,8.333333,,0.891270,0.891270,0.894837,0.017144,be933a7,c6adec507f71
f23179cf3b30,2026-09-08T00:54:53+00:00,s1,wine,logistic_regression,poisoning,symmetric,0.200000,3,,,,1.000000,0.916667,8.333333,,0.920635,0.920635,0.916839,0.017486,be933a7,c6adec507f71
b384c0db1999,2026-09-08T00:54:53+00:00,s1,wine,logistic_regression,poisoning,symmetric,0.200000,4,,,,1.000000,0.916667,8.333333,,0.928571,0.928571,0.916364,0.020407,be933a7,c6adec507f71
79a6ae203470,2026-09-08T00:54:53+00:00,s1,wine,logistic_regression,poisoning,symmetric,0.300000,0,,,,1.000000,0.861111,13.888889,,0.857937,0.857937,0.865492,0.020391,be933a7,aea416058b9d
2584106207e1,2026-09-08T00:54:53+00:00,s1,wine,logistic_regression,poisoning,symmetric,0.300000,1,,,,0.972222,0.805556,16.666667,,0.815873,0.815873,0.805314,0.018064,be933a7,aea416058b9d
aec38ec602ca,2026-09-08T00:54:53+00:00,s1,wine,logistic_regression,poisoning,symmetric,0.300000,2,,,,0.972222,0.861111,11.111111,,0.880952,0.880952,0.858417,0.017750,be933a7,aea416058b9d
02e542d94727,2026-09-08T00:54:53+00:00,s1,wine,logistic_regression,poisoning,symmetric,0.300000,3,,,,1.000000,0.861111,13.888889,,0.861905,0.861905,0.859049,0.019291,be933a7,aea416058b9d
9d92aea50911,2026-09-08T00:54:53+00:00,s1,wine,logistic_regression,poisoning,symmetric,0.300000,4,,,,1.000000,0.805556,19.444444,,0.814286,0.814286,0.800265,0.021092,be933a7,aea416058b9d
4963165858b9,2026-09-08T00:54:53+00:00,s1,wine,logistic_regression,poisoning,symmetric,0.400000,0,,,,1.000000,0.833333,16.666667,,0.835714,0.835714,0.841652,0.019468,be933a7,ec75af2135b6
547e3501c5d7,2026-09-08T00:54:53+00:00,s1,wine,logistic_regression,poisoning,symmetric,0.400000,1,,,,0.972222,0.944444,2.777778,,0.948413,0.948413,0.948413,0.019454,be933a7,ec75af2135b6
1c7a18056e58,2026-09-08T00:54:53+00:00,s1,wine,logistic_regression,poisoning,symmetric,0.400000,2,,,,0.972222,0.805556,16.666667,,0.810317,0.810317,0.804390,0.020566,be933a7,ec75af2135b6
a5988fcfc82d,2026-09-08T00:54:53+00:00,s1,wine,logistic_regression,poisoning,symmetric,0.400000,3,,,,1.000000,0.861111,13.888889,,0.844444,0.844444,0.856032,0.019041,be933a7,ec75af2135b6
2e5b5388b2d0,2026-09-08T00:54:53+00:00,s1,wine,logistic_regression,poisoning,symmetric,0.400000,4,,,,1.000000,0.833333,16.666667,,0.826190,0.826190,0.825546,0.018928,be933a7,ec75af2135b6
afcf592c7668,2026-09-08T00:54:54+00:00,s1,breast_cancer,logistic_regression,poisoning,targeted,0.000000,0,,,,0.973684,0.973684,0.000000,,0.969246,0.952381,0.963855,0.020586,be933a7,e832e5c1a345
7781d86d7089,2026-09-08T00:54:54+00:00,s1,breast_cancer,logistic_regression,poisoning,targeted,0.000000,1,,,,0.982456,0.982456,0.000000,,0.981151,0.976190,0.976190,0.018519,be933a7,e832e5c1a345
acd0a3e303a0,2026-09-08T00:54:54+00:00,s1,breast_cancer,logistic_regression,poisoning,targeted,0.000000,2,,,,0.964912,0.964912,0.000000,,0.962302,0.952381,0.952381,0.018276,be933a7,e832e5c1a345
61a1cd3c49de,2026-09-08T00:54:54+00:00,s1,breast_cancer,logistic_regression,poisoning,targeted,0.000000,3,,,,0.991228,0.991228,0.000000,,0.988095,0.976190,0.987952,0.014838,be933a7,e832e5c1a345
f64ae7478d79,2026-09-08T00:54:54+00:00,s1,breast_cancer,logistic_regression,poisoning,targeted,0.000000,4,,,,0.938596,0.938596,0.000000,,0.916667,0.833333,0.909091,0.017805,be933a7,e832e5c1a345
e0779afa832e,2026-09-08T00:54:54+00:00,s1,breast_cancer,logistic_regression,poisoning,targeted,0.050000,0,,,,0.973684,0.947368,2.631579,,0.933532,0.880952,0.925000,0.021669,be933a7,961deccb27ed
d600a795acdf,2026-09-08T00:54:54+00:00,s1,breast_cancer,logistic_regression,poisoning,targeted,0.050000,1,,,,0.982456,0.956140,2.631579,,0.945437,0.904762,0.938272,0.022787,be933a7,961deccb27ed
625017e27046,2026-09-08T00:54:54+00:00,s1,breast_cancer,logistic_regression,poisoning,targeted,0.050000,2,,,,0.964912,0.938596,2.631579,,0.921627,0.857143,0.911392,0.021087,be933a7,961deccb27ed
d7e6eb16d525,2026-09-08T00:54:54+00:00,s1,breast_cancer,logistic_regression,poisoning,targeted,0.050000,3,,,,0.991228,0.973684,1.754386,,0.964286,0.928571,0.962963,0.021352,be933a7,961deccb27ed
e4c2a8add4c1,2026-09-08T00:54:54+00:00,s1,breast_cancer,logistic_regression,poisoning,targeted,0.050000,4,,,,0.938596,0.938596,0.000000,,0.916667,0.833333,0.909091,0.023214,be933a7,961deccb27ed
534bcbaa6076,2026-09-08T00:54:54+00:00,s1,breast_cancer,logistic_regression,poisoning,targeted,0.100000,0,,,,0.973684,0.956140,1.754386,,0.940476,0.880952,0.936709,0.022256,be933a7,642c50610f48
6b86cfec8998,2026-09-08T00:54:54+00:00,s1,breast_cancer,logistic_regression,poisoning,targeted,0.100000,1,,,,0.982456,0.938596,4.385965,,0.921627,0.857143,0.911392,0.023114,be933a7,642c50610f48
0d604f49c3d1,2026-09-08T00:54:54+00:00,s1,breast_cancer,logistic_regression,poisoning,targeted,0.100000,2,,,,0.964912,0.947368,1.754386,,0.933532,0.880952,0.925000,0.023417,be933a7,642c50610f48
55512d33e15b,2026-09-08T00:54:55+00:00,s1,breast_cancer,logistic_regression,poisoning,targeted,0.100000,3,,,,0.991228,0.947368,4.385965,,0.928571,0.857143,0.923077,0.023992,be933a7,642c50610f48
01a0078ee310,2026-09-08T00:54:55+00:00,s1,breast_cancer,logistic_regression,poisoning,targeted,0.100000,4,,,,0.938596,0.929825,0.877193,,0.904762,0.809524,0.894737,0.024063,be933a7,642c50610f48
2c3eb1e93151,2026-09-08T00:54:55+00:00,s1,breast_cancer,logistic_regression,poisoning,targeted,0.200000,0,,,,0.973684,0.929825,4.385965,,0.904762,0.809524,0.894737,0.025349,be933a7,bd69b703e4ab
0bccf74dd1da,2026-09-08T00:54:55+00:00,s1,breast_cancer,logistic_regression,poisoning,targeted,0.200000,1,,,,0.982456,0.921053,6.140351,,0.892857,0.785714,0.880000,0.025633,be933a7,bd69b703e4ab
4e76bc6da468,2026-09-08T00:54:55+00:00,s1,breast_cancer,logistic_regression,poisoning,targeted,0.200000,2,,,,0.964912,0.921053,4.385965,,0.892857,0.785714,0.880000,0.023033,be933a7,bd69b703e4ab
6a3885aa377b,2026-09-08T00:54:55+00:00,s1,breast_cancer,logistic_regression,poisoning,targeted,0.200000,3,,,,0.991228,0.929825,6.140351,,0.904762,0.809524,0.894737,0.022590,be933a7,bd69b703e4ab
8564f307df54,2026-09-08T00:54:55+00:00,s1,breast_cancer,logistic_regression,poisoning,targeted,0.200000,4,,,,0.938596,0.877193,6.140351,,0.833333,0.666667,0.800000,0.022097,be933a7,bd69b703e4ab
18f8ecc40c64,2026-09-08T00:54:55+00:00,s1,breast_cancer,logistic_regression,poisoning,targeted,0.300000,0,,,,0.973684,0.894737,7.894737,,0.857143,0.714286,0.833333,0.021854,be933a7,414e74e76cb2
a0a9cab4175d,2026-09-08T00:54:55+00:00,s1,breast_cancer,logistic_regression,poisoning,targeted,0.300000,1,,,,0.982456,0.842105,14.035088,,0.785714,0.571429,0.727273,0.024371,be933a7,414e74e76cb2
774701fdc78a,2026-09-08T00:54:55+00:00,s1,breast_cancer,logistic_regression,poisoning,targeted,0.300000,2,,,,0.964912,0.903509,6.140351,,0.869048,0.738095,0.849315,0.028047,be933a7,414e74e76cb2
0c11212ec016,2026-09-08T00:54:55+00:00,s1,breast_cancer,logistic_regression,poisoning,targeted,0.300000,3,,,,0.991228,0.885965,10.526316,,0.845238,0.690476,0.816901,0.027138,be933a7,414e74e76cb2
bbb0b2a613e1,2026-09-08T00:54:55+00:00,s1,breast_cancer,logistic_regression,poisoning,targeted,0.300000,4,,,,0.938596,0.824561,11.403509,,0.761905,0.523810,0.687500,0.024516,be933a7,414e74e76cb2
2eb85f6b68e9,2026-09-08T00:54:55+00:00,s1,breast_cancer,logistic_regression,poisoning,targeted,0.400000,0,,,,0.973684,0.798246,17.543860,,0.726190,0.452381,0.622951,0.023867,be933a7,803c6d036e7f
180ee4fd7655,2026-09-08T00:54:55+00:00,s1,breast_cancer,logistic_regression,poisoning,targeted,0.400000,1,,,,0.982456,0.789474,19.298246,,0.714286,0.428571,0.600000,0.024521,be933a7,803c6d036e7f
1941d0632b0a,2026-09-08T00:54:55+00:00,s1,breast_cancer,logistic_regression,poisoning,targeted,0.400000,2,,,,0.964912,0.833333,13.157895,,0.773810,0.547619,0.707692,0.037925,be933a7,803c6d036e7f
154bd5dd9937,2026-09-08T00:54:55+00:00,s1,breast_cancer,logistic_regression,poisoning,targeted,0.400000,3,,,,0.991228,0.824561,16.666667,,0.761905,0.523810,0.687500,0.026676,be933a7,803c6d036e7f
e7d6b155d8d5,2026-09-08T00:54:55+00:00,s1,breast_cancer,logistic_regression,poisoning,targeted,0.400000,4,,,,0.938596,0.789474,14.912281,,0.714286,0.428571,0.600000,0.034583,be933a7,803c6d036e7f
de4431bc61a1,2026-09-08T00:54:56+00:00,s1,breast_cancer,logistic_regression,evasion,fgsm,0.000000,0,,,,0.973684,0.973684,0.000000,,0.969246,0.952381,0.963855,0.020530,be933a7,4a0968a624ff
46067d56ff1a,2026-09-08T00:54:56+00:00,s1,breast_cancer,logistic_regression,evasion,fgsm,0.000000,1,,,,0.982456,0.982456,0.000000,,0.981151,0.976190,0.976190,0.018434,be933a7,4a0968a624ff
480b3a9511aa,2026-09-08T00:54:56+00:00,s1,breast_cancer,logistic_regression,evasion,fgsm,0.000000,2,,,,0.964912,0.964912,0.000000,,0.962302,0.952381,0.952381,0.018008,be933a7,4a0968a624ff
788c541df3f3,2026-09-08T00:54:56+00:00,s1,breast_cancer,logistic_regression,evasion,fgsm,0.000000,3,,,,0.991228,0.991228,0.000000,,0.988095,0.976190,0.987952,0.017960,be933a7,4a0968a624ff
95cafa23b3af,2026-09-08T00:54:56+00:00,s1,breast_cancer,logistic_regression,evasion,fgsm,0.000000,4,,,,0.938596,0.938596,0.000000,,0.916667,0.833333,0.909091,0.018727,be933a7,4a0968a624ff
418743f32b51,2026-09-08T00:54:56+00:00,s1,breast_cancer,logistic_regression,evasion,fgsm,0.100000,0,,,,0.973684,0.859649,11.403509,0.117117,0.864087,0.880952,0.822222,0.016164,be933a7,b6ec990df764
dfccafb5709e,2026-09-08T00:54:56+00:00,s1,breast_cancer,logistic_regression,evasion,fgsm,0.100000,1,,,,0.982456,0.929825,5.263158,0.053571,0.919643,0.880952,0.902439,0.017992,be933a7,b6ec990df764
a3e15c6423dd,2026-09-08T00:54:56+00:00,s1,breast_cancer,logistic_regression,evasion,fgsm,0.100000,2,,,,0.964912,0.912281,5.263158,0.054545,0.905754,0.880952,0.880952,0.018467,be933a7,b6ec990df764
e898e34b4db3,2026-09-08T00:54:56+00:00,s1,breast_cancer,logistic_regression,evasion,fgsm,0.100000,3,,,,0.991228,0.929825,6.140351,0.061947,0.929563,0.928571,0.906977,0.017645,be933a7,b6ec990df764
ced1a8f56292,2026-09-08T00:54:56+00:00,s1,breast_cancer,logistic_regression,evasion,fgsm,0.100000,4,,,,0.938596,0.859649,7.894737,0.084112,0.829365,0.714286,0.789474,0.018355,be933a7,b6ec990df764
ee4a1bd49b7f,2026-09-08T00:54:56+00:00,s1,breast_cancer,logistic_regression,evasion,fgsm,0.250000,0,,,,0.973684,0.692982,28.070175,0.288288,0.717262,0.809524,0.660194,0.016865,be933a7,2e051a1f2dd1
ef04ed701aba,2026-09-08T00:54:57+00:00,s1,breast_cancer,logistic_regression,evasion,fgsm,0.250000,1,,,,0.982456,0.771930,21.052632,0.214286,0.779762,0.809524,0.723404,0.015482,be933a7,2e051a1f2dd1
f031c02eeba3,2026-09-08T00:54:57+00:00,s1,breast_cancer,logistic_regression,evasion,fgsm,0.250000,2,,,,0.964912,0.736842,22.807018,0.236364,0.747024,0.785714,0.687500,0.017600,be933a7,2e051a1f2dd1
d31daced069c,2026-09-08T00:54:57+00:00,s1,breast_cancer,logistic_regression,evasion,fgsm,0.250000,3,,,,0.991228,0.745614,24.561404,0.247788,0.753968,0.785714,0.694737,0.021449,be933a7,2e051a1f2dd1
54d1dc10d3ce,2026-09-08T00:54:57+00:00,s1,breast_cancer,logistic_regression,evasion,fgsm,0.250000,4,,,,0.938596,0.763158,17.543860,0.186916,0.743056,0.666667,0.674699,0.017249,be933a7,2e051a1f2dd1
6d7ded7350fa,2026-09-08T00:54:57+00:00,s1,breast_cancer,logistic_regression,evasion,fgsm,0.500000,0,,,,0.973684,0.377193,59.649123,0.612613,0.422619,0.595238,0.413223,0.017707,be933a7,7f3f0b0ecbde
b5b26d999d69,2026-09-08T00:54:57+00:00,s1,breast_cancer,logistic_regression,evasion,fgsm,0.500000,1,,,,0.982456,0.289474,69.298246,0.705357,0.328373,0.476190,0.330579,0.020741,be933a7,7f3f0b0ecbde
5752bc13173e,2026-09-08T00:54:57+00:00,s1,breast_cancer,logistic_regression,evasion,fgsm,0.500000,2,,,,0.964912,0.324561,64.035088,0.663636,0.361111,0.500000,0.352941,0.017809,be933a7,7f3f0b0ecbde
0fc0fabfec26,2026-09-08T00:54:57+00:00,s1,breast_cancer,logistic_regression,evasion,fgsm,0.500000,3,,,,0.991228,0.315789,67.543860,0.681416,0.349206,0.476190,0.338983,0.019293,be933a7,7f3f0b0ecbde
8f7f5f9d67ab,2026-09-08T00:54:57+00:00,s1,breast_cancer,logistic_regression,evasion,fgsm,0.500000,4,,,,0.938596,0.385965,55.263158,0.588785,0.399802,0.452381,0.351852,0.018659,be933a7,7f3f0b0ecbde
e728c6404da2,2026-09-08T00:54:57+00:00,s1,breast_cancer,logistic_regression,evasion,fgsm,1.000000,0,,,,0.973684,0.043860,92.982456,0.954955,0.059524,0.119048,0.084034,0.017034,be933a7,24ff685e3117
8473f4f1cbeb,2026-09-08T00:54:57+00:00,s1,breast_cancer,logistic_regression,evasion,fgsm,1.000000,1,,,,0.982456,0.043860,93.859649,0.955357,0.059524,0.119048,0.084034,0.018261,be933a7,24ff685e3117
f169d4fe7403,2026-09-08T00:54:57+00:00,s1,breast_cancer,logistic_regression,evasion,fgsm,1.000000,2,,,,0.964912,0.052632,91.228070,0.945455,0.071429,0.142857,0.100000,0.014599,be933a7,24ff685e3117
f381de00d92d,2026-09-08T00:54:57+00:00,s1,breast_cancer,logistic_regression,evasion,fgsm,1.000000,3,,,,0.991228,0.078947,91.228070,0.920354,0.107143,0.214286,0.146341,0.019591,be933a7,24ff685e3117
90d46aa8b581,2026-09-08T00:54:57+00:00,s1,breast_cancer,logistic_regression,evasion,fgsm,1.000000,4,,,,0.938596,0.087719,85.087719,0.906542,0.119048,0.238095,0.161290,0.018283,be933a7,24ff685e3117
04febd34bf91,2026-09-08T00:54:57+00:00,s1,digits,logistic_regression,evasion,fgsm,0.000000,0,,,,0.966667,0.966667,0.000000,,0.966266,0.966266,0.966731,0.052252,be933a7,41bc14a52ded
1c002b0ee063,2026-09-08T00:54:57+00:00,s1,digits,logistic_regression,evasion,fgsm,0.000000,1,,,,0.963889,0.963889,0.000000,,0.964026,0.964026,0.963871,0.039506,be933a7,41bc14a52ded
fbb6d3df71b1,2026-09-08T00:54:57+00:00,s1,digits,logistic_regression,evasion,fgsm,0.000000,2,,,,0.963889,0.963889,0.000000,,0.963876,0.963876,0.963905,0.082184,be933a7,41bc14a52ded
fc6094b8ab98,2026-09-08T00:54:57+00:00,s1,digits,logistic_regression,evasion,fgsm,0.000000,3,,,,0.975000,0.975000,0.000000,,0.974991,0.974991,0.975009,0.048039,be933a7,41bc14a52ded
a222f612cd9a,2026-09-08T00:54:57+00:00,s1,digits,logistic_regression,evasion,fgsm,0.000000,4,,,,0.980556,0.980556,0.000000,,0.980547,0.980547,0.980609,0.040380,be933a7,41bc14a52ded
5f75c0797e16,2026-09-08T00:54:57+00:00,s1,digits,logistic_regression,evasion,fgsm,0.100000,0,,,,0.966667,0.850000,11.666667,0.120690,0.849013,0.849013,0.850425,0.041196,be933a7,a4c9df62facd
182e7e80de69,2026-09-08T00:54:57+00:00,s1,digits,logistic_regression,evasion,fgsm,0.100000,1,,,,0.963889,0.858333,10.555556,0.109510,0.858353,0.858353,0.859141,0.037481,be933a7,a4c9df62facd
cf17256b3e01,2026-09-08T00:54:57+00:00,s1,digits,logistic_regression,evasion,fgsm,0.100000,2,,,,0.963889,0.855556,10.833333,0.112392,0.854882,0.854882,0.855366,0.050839,be933a7,a4c9df62facd
6fc01b2f1731,2026-09-08T00:54:57+00:00,s1,digits,logistic_regression,evasion,fgsm,0.100000,3,,,,0.975000,0.888889,8.611111,0.088319,0.888837,0.888837,0.889552,0.040790,be933a7,a4c9df62facd
617242f5cab1,2026-09-08T00:54:57+00:00,s1,digits,logistic_regression,evasion,fgsm,0.100000,4,,,,0.980556,0.858333,12.222222,0.124646,0.858344,0.858344,0.857630,0.045319,be933a7,a4c9df62facd
d1fb2e81e85b,2026-09-08T00:54:57+00:00,s1,digits,logistic_regression,evasion,fgsm,0.250000,0,,,,0.966667,0.461111,50.555556,0.522989,0.460163,0.460163,0.474268,0.041486,be933a7,daf413cf7698
00c99bcf9393,2026-09-08T00:54:57+00:00,s1,digits,logistic_regression,evasion,fgsm,0.250000,1,,,,0.963889,0.436111,52.777778,0.547550,0.435940,0.435940,0.454209,0.037535,be933a7,daf413cf7698
ff488df64fe0,2026-09-08T00:54:57+00:00,s1,digits,logistic_regression,evasion,fgsm,0.250000,2,,,,0.963889,0.461111,50.277778,0.521614,0.460626,0.460626,0.468742,0.045974,be933a7,daf413cf7698
8d65981cbd3c,2026-09-08T00:54:57+00:00,s1,digits,logistic_regression,evasion,fgsm,0.250000,3,,,,0.975000,0.502778,47.222222,0.484330,0.503185,0.503185,0.512213,0.041590,be933a7,daf413cf7698
2311e8feccf6,2026-09-08T00:54:58+00:00,s1,digits,logistic_regression,evasion,fgsm,0.250000,4,,,,0.980556,0.500000,48.055556,0.490085,0.500959,0.500959,0.507990,0.042214,be933a7,daf413cf7698
e4429f508f04,2026-09-08T00:54:58+00:00,s1,digits,logistic_regression,evasion,fgsm,0.500000,0,,,,0.966667,0.033333,93.333333,0.965517,0.033333,0.033333,0.044789,0.044989,be933a7,b745de6c6319
24b49219b071,2026-09-08T00:54:58+00:00,s1,digits,logistic_regression,evasion,fgsm,0.500000,1,,,,0.963889,0.016667,94.722222,0.982709,0.016667,0.016667,0.023767,0.041285,be933a7,b745de6c6319
fb0a531fd2e5,2026-09-08T00:54:58+00:00,s1,digits,logistic_regression,evasion,fgsm,0.500000,2,,,,0.963889,0.044444,91.944444,0.953890,0.044524,0.044524,0.054041,0.042609,be933a7,b745de6c6319
fe7083f76463,2026-09-08T00:54:58+00:00,s1,digits,logistic_regression,evasion,fgsm,0.500000,3,,,,0.975000,0.041667,93.333333,0.957265,0.041746,0.041746,0.051067,0.040068,be933a7,b745de6c6319
5b2bcbdff607,2026-09-08T00:54:58+00:00,s1,digits,logistic_regression,evasion,fgsm,0.500000,4,,,,0.980556,0.033333,94.722222,0.966006,0.033333,0.033333,0.042778,0.043483,be933a7,b745de6c6319
55a47e792ddd,2026-09-08T00:54:58+00:00,s1,digits,logistic_regression,evasion,fgsm,1.000000,0,,,,0.966667,0.000000,96.666667,1.000000,0.000000,0.000000,0.000000,0.041393,be933a7,ae088213f926
f5b00ac5fd55,2026-09-08T00:54:58+00:00,s1,digits,logistic_regression,evasion,fgsm,1.000000,1,,,,0.963889,0.000000,96.388889,1.000000,0.000000,0.000000,0.000000,0.040741,be933a7,ae088213f926
c02487b01e56,2026-09-08T00:54:58+00:00,s1,digits,logistic_regression,evasion,fgsm,1.000000,2,,,,0.963889,0.000000,96.388889,1.000000,0.000000,0.000000,0.000000,0.066523,be933a7,ae088213f926
716d52e31405,2026-09-08T00:54:58+00:00,s1,digits,logistic_regression,evasion,fgsm,1.000000,3,,,,0.975000,0.000000,97.500000,1.000000,0.000000,0.000000,0.000000,0.084443,be933a7,ae088213f926
15e72d7f067c,2026-09-08T00:54:58+00:00,s1,digits,logistic_regression,evasion,fgsm,1.000000,4,,,,0.980556,0.000000,98.055556,1.000000,0.000000,0.000000,0.000000,0.053511,be933a7,ae088213f926
9401410f95ce,2026-09-08T00:54:58+00:00,s1,wine,logistic_regression,evasion,fgsm,0.000000,0,,,,1.000000,1.000000,0.000000,,1.000000,1.000000,1.000000,0.014983,be933a7,df9725ddfbde
981013a747fb,2026-09-08T00:54:58+00:00,s1,wine,logistic_regression,evasion,fgsm,0.000000,1,,,,0.972222,0.972222,0.000000,,0.976190,0.976190,0.971781,0.016929,be933a7,df9725ddfbde
c952879fb98e,2026-09-08T00:54:58+00:00,s1,wine,logistic_regression,evasion,fgsm,0.000000,2,,,,0.972222,0.972222,0.000000,,0.976190,0.976190,0.971781,0.015734,be933a7,df9725ddfbde
586f1cf66929,2026-09-08T00:54:58+00:00,s1,wine,logistic_regression,evasion,fgsm,0.000000,3,,,,1.000000,1.000000,0.000000,,1.000000,1.000000,1.000000,0.014450,be933a7,df9725ddfbde
969568d88668,2026-09-08T00:54:58+00:00,s1,wine,logistic_regression,evasion,fgsm,0.000000,4,,,,1.000000,1.000000,0.000000,,1.000000,1.000000,1.000000,0.012596,be933a7,df9725ddfbde
be25083241fe,2026-09-08T00:54:58+00:00,s1,wine,logistic_regression,evasion,fgsm,0.100000,0,,,,1.000000,1.000000,0.000000,0.000000,1.000000,1.000000,1.000000,0.016806,be933a7,d274505da6c1
6a9277a0ccbd,2026-09-08T00:54:58+00:00,s1,wine,logistic_regression,evasion,fgsm,0.100000,1,,,,0.972222,0.972222,0.000000,0.000000,0.976190,0.976190,0.971781,0.014941,be933a7,d274505da6c1
c3e271e6df95,2026-09-08T00:54:58+00:00,s1,wine,logistic_regression,evasion,fgsm,0.100000,2,,,,0.972222,0.944444,2.777778,0.028571,0.952381,0.952381,0.944056,0.014014,be933a7,d274505da6c1
490058c377c8,2026-09-08T00:54:58+00:00,s1,wine,logistic_regression,evasion,fgsm,0.100000,3,,,,1.000000,0.972222,2.777778,0.027778,0.976190,0.976190,0.971781,0.015130,be933a7,d274505da6c1
28665ee3ac50,2026-09-08T00:54:58+00:00,s1,wine,logistic_regression,evasion,fgsm,0.100000,4,,,,1.000000,0.944444,5.555556,0.055556,0.952381,0.952381,0.944056,0.014425,be933a7,d274505da6c1
f17a4bbf5b68,2026-09-08T00:54:58+00:00,s1,wine,logistic_regression,evasion,fgsm,0.250000,0,,,,1.000000,0.888889,11.111111,0.111111,0.887302,0.887302,0.894533,0.014365,be933a7,980a8fc374ac
3925f5d329e1,2026-09-08T00:54:58+00:00,s1,wine,logistic_regression,evasion,fgsm,0.250000,1,,,,0.972222,0.805556,16.666667,0.171429,0.829365,0.829365,0.811249,0.014670,be933a7,980a8fc374ac
bf28f37b5caf,2026-09-08T00:54:58+00:00,s1,wine,logistic_regression,evasion,fgsm,0.250000,2,,,,0.972222,0.750000,22.222222,0.228571,0.753175,0.753175,0.749888,0.015622,be933a7,980a8fc374ac
e360392fcb20,2026-09-08T00:54:58+00:00,s1,wine,logistic_regression,evasion,fgsm,0.250000,3,,,,1.000000,0.861111,13.888889,0.138889,0.859524,0.859524,0.865284,0.015300,be933a7,980a8fc374ac
ebfcae01ef2f,2026-09-08T00:54:58+00:00,s1,wine,logistic_regression,evasion,fgsm,0.250000,4,,,,1.000000,0.888889,11.111111,0.111111,0.900794,0.900794,0.890637,0.015170,be933a7,980a8fc374ac
981509d30e32,2026-09-08T00:54:58+00:00,s1,wine,logistic_regression,evasion,fgsm,0.500000,0,,,,1.000000,0.694444,30.555556,0.305556,0.693651,0.693651,0.703092,0.015078,be933a7,8e492570dc37
960cc3473c2c,2026-09-08T00:54:58+00:00,s1,wine,logistic_regression,evasion,fgsm,0.500000,1,,,,0.972222,0.527778,44.444444,0.457143,0.530159,0.530159,0.523457,0.014710,be933a7,8e492570dc37
218bba8cb352,2026-09-08T00:54:58+00:00,s1,wine,logistic_regression,evasion,fgsm,0.500000,2,,,,0.972222,0.611111,36.111111,0.371429,0.616667,0.616667,0.619658,0.014446,be933a7,8e492570dc37
a917796ca1c5,2026-09-08T00:54:58+00:00,s1,wine,logistic_regression,evasion,fgsm,0.500000,3,,,,1.000000,0.527778,47.222222,0.472222,0.541270,0.541270,0.539794,0.015140,be933a7,8e492570dc37
17d7154e5437,2026-09-08T00:54:58+00:00,s1,wine,logistic_regression,evasion,fgsm,0.500000,4,,,,1.000000,0.555556,44.444444,0.444444,0.555556,0.555556,0.562878,0.013864,be933a7,8e492570dc37
c97bf5cd41a1,2026-09-08T00:54:58+00:00,s1,wine,logistic_regression,evasion,fgsm,1.000000,0,,,,1.000000,0.055556,94.444444,0.944444,0.051587,0.051587,0.046474,0.015726,be933a7,89342c571a80
704b2c8f27cf,2026-09-08T00:54:58+00:00,s1,wine,logistic_regression,evasion,fgsm,1.000000,1,,,,0.972222,0.027778,94.444444,0.971429,0.027778,0.027778,0.024691,0.017443,be933a7,89342c571a80
8395fe7dba73,2026-09-08T00:54:58+00:00,s1,wine,logistic_regression,evasion,fgsm,1.000000,2,,,,0.972222,0.055556,91.666667,0.942857,0.055556,0.055556,0.049383,0.015347,be933a7,89342c571a80
ee76c9f653ee,2026-09-08T00:54:59+00:00,s1,wine,logistic_regression,evasion,fgsm,1.000000,3,,,,1.000000,0.027778,97.222222,0.972222,0.027778,0.027778,0.028986,0.016565,be933a7,89342c571a80
86ef300e73fd,2026-09-08T00:54:59+00:00,s1,wine,logistic_regression,evasion,fgsm,1.000000,4,,,,1.000000,0.055556,94.444444,0.944444,0.055556,0.055556,0.055556,0.016477,be933a7,89342c571a80
36b30a57960f,2026-09-08T00:55:00+00:00,s2,breast_cancer,logistic_regression,byzantine,label_flip,0.000000,0,10,iid,30,0.973684,0.973684,0.000000,,0.969246,0.952381,0.963855,0.035606,be933a7,817cf94bb1a8
fc20c30b86a5,2026-09-08T00:55:00+00:00,s2,breast_cancer,logistic_regression,byzantine,label_flip,0.000000,1,10,iid,30,0.982456,0.982456,0.000000,,0.981151,0.976190,0.976190,0.036179,be933a7,817cf94bb1a8
c080d4acc16c,2026-09-08T00:55:00+00:00,s2,breast_cancer,logistic_regression,byzantine,label_flip,0.000000,2,10,iid,30,0.964912,0.964912,0.000000,,0.962302,0.952381,0.952381,0.033010,be933a7,817cf94bb1a8
1e080540a49b,2026-09-08T00:55:00+00:00,s2,breast_cancer,logistic_regression,byzantine,label_flip,0.000000,3,10,iid,30,0.991228,0.991228,0.000000,,0.988095,0.976190,0.987952,0.033214,be933a7,817cf94bb1a8
d3b5010c30c6,2026-09-08T00:55:00+00:00,s2,breast_cancer,logistic_regression,byzantine,label_flip,0.000000,4,10,iid,30,0.956140,0.956140,0.000000,,0.945437,0.904762,0.938272,0.032838,be933a7,817cf94bb1a8
92440d439c23,2026-09-08T00:55:00+00:00,s2,breast_cancer,logistic_regression,byzantine,label_flip,0.100000,0,10,iid,30,0.973684,0.964912,0.877193,,0.952381,0.904762,0.950000,0.054951,be933a7,d3bf1b795666
84354f0745ce,2026-09-08T00:55:00+00:00,s2,breast_cancer,logistic_regression,byzantine,label_flip,0.100000,1,10,iid,30,0.982456,0.956140,2.631579,,0.945437,0.904762,0.938272,0.054328,be933a7,d3bf1b795666
d0518e3fc9dc,2026-09-08T00:55:00+00:00,s2,breast_cancer,logistic_regression,byzantine,label_flip,0.100000,2,10,iid,30,0.964912,0.964912,0.000000,,0.957341,0.928571,0.951220,0.054004,be933a7,d3bf1b795666
6a8693f4912b,2026-09-08T00:55:00+00:00,s2,breast_cancer,logistic_regression,byzantine,label_flip,0.100000,3,10,iid,30,0.991228,0.973684,1.754386,,0.964286,0.928571,0.962963,0.053926,be933a7,d3bf1b795666
ed778c657e6f,2026-09-08T00:55:00+00:00,s2,breast_cancer,logistic_regression,byzantine,label_flip,0.100000,4,10,iid,30,0.956140,0.938596,1.754386,,0.921627,0.857143,0.911392,0.052682,be933a7,d3bf1b795666
8eb936a618aa,2026-09-08T00:55:00+00:00,s2,breast_cancer,logistic_regression,byzantine,label_flip,0.200000,0,10,iid,30,0.973684,0.964912,0.877193,,0.957341,0.928571,0.951220,0.054065,be933a7,496adef099f6
105e4cc030e9,2026-09-08T00:55:00+00:00,s2,breast_cancer,logistic_regression,byzantine,label_flip,0.200000,1,10,iid,30,0.982456,0.964912,1.754386,,0.957341,0.928571,0.951220,0.054140,be933a7,496adef099f6
d1d8713ea6e3,2026-09-08T00:55:00+00:00,s2,breast_cancer,logistic_regression,byzantine,label_flip,0.200000,2,10,iid,30,0.964912,0.964912,0.000000,,0.957341,0.928571,0.951220,0.055445,be933a7,496adef099f6
d35bbf9b7c83,2026-09-08T00:55:01+00:00,s2,breast_cancer,logistic_regression,byzantine,label_flip,0.200000,3,10,iid,30,0.991228,0.956140,3.508772,,0.945437,0.904762,0.938272,0.054073,be933a7,496adef099f6
c75232bcaf6a,2026-09-08T00:55:01+00:00,s2,breast_cancer,logistic_regression,byzantine,label_flip,0.200000,4,10,iid,30,0.956140,0.938596,1.754386,,0.916667,0.833333,0.909091,0.053610,be933a7,496adef099f6
bb78b7af22df,2026-09-08T00:55:01+00:00,s2,breast_cancer,logistic_regression,byzantine,label_flip,0.300000,0,10,iid,30,0.973684,0.956140,1.754386,,0.945437,0.904762,0.938272,0.053619,be933a7,59da98de361e
4cc1b7858401,2026-09-08T00:55:01+00:00,s2,breast_cancer,logistic_regression,byzantine,label_flip,0.300000,1,10,iid,30,0.982456,0.947368,3.508772,,0.938492,0.904762,0.926829,0.053710,be933a7,59da98de361e
0d5fc51e7357,2026-09-08T00:55:01+00:00,s2,breast_cancer,logistic_regression,byzantine,label_flip,0.300000,2,10,iid,30,0.964912,0.947368,1.754386,,0.938492,0.904762,0.926829,0.053308,be933a7,59da98de361e
fd7ba243069d,2026-09-08T00:55:01+00:00,s2,breast_cancer,logistic_regression,byzantine,label_flip,0.300000,3,10,iid,30,0.991228,0.947368,4.385965,,0.943452,0.928571,0.928571,0.053535,be933a7,59da98de361e
af9538bd6bd5,2026-09-08T00:55:01+00:00,s2,breast_cancer,logistic_regression,byzantine,label_flip,0.300000,4,10,iid,30,0.956140,0.929825,2.631579,,0.914683,0.857143,0.900000,0.053522,be933a7,59da98de361e
cb4f6f6e4ceb,2026-09-08T00:55:01+00:00,s2,breast_cancer,logistic_regression,byzantine,label_flip,0.400000,0,10,iid,30,0.973684,0.912281,6.140351,,0.890873,0.809524,0.871795,0.054784,be933a7,7ba87edc05f1
211b529f882d,2026-09-08T00:55:01+00:00,s2,breast_cancer,logistic_regression,byzantine,label_flip,0.400000,1,10,iid,30,0.982456,0.789474,19.298246,,0.798611,0.833333,0.744681,0.055771,be933a7,7ba87edc05f1
6d18292b22f5,2026-09-08T00:55:01+00:00,s2,breast_cancer,logistic_regression,byzantine,label_flip,0.400000,2,10,iid,30,0.964912,0.850877,11.403509,,0.857143,0.880952,0.813187,0.054799,be933a7,7ba87edc05f1
38a698a19d83,2026-09-08T00:55:01+00:00,s2,breast_cancer,logistic_regression,byzantine,label_flip,0.400000,3,10,iid,30,0.991228,0.815789,17.543860,,0.804563,0.761905,0.752941,0.063519,be933a7,7ba87edc05f1
636a3217870e,2026-09-08T00:55:01+00:00,s2,breast_cancer,logistic_regression,byzantine,label_flip,0.400000,4,10,iid,30,0.956140,0.850877,10.526316,,0.807540,0.642857,0.760563,0.056625,be933a7,7ba87edc05f1
cc14662684fc,2026-09-08T00:55:01+00:00,s2,breast_cancer,logistic_regression,byzantine,label_flip,0.500000,0,10,iid,30,0.973684,0.482456,49.122807,,0.491071,0.523810,0.427184,0.057976,be933a7,bd5d18319e54
4fe6e562eff3,2026-09-08T00:55:01+00:00,s2,breast_cancer,logistic_regression,byzantine,label_flip,0.500000,1,10,iid,30,0.982456,0.491228,49.122807,,0.537698,0.714286,0.508475,0.058432,be933a7,bd5d18319e54
326125844202,2026-09-08T00:55:01+00:00,s2,breast_cancer,logistic_regression,byzantine,label_flip,0.500000,2,10,iid,30,0.964912,0.473684,49.122807,,0.543651,0.809524,0.531250,0.059313,be933a7,bd5d18319e54
b87c39e49158,2026-09-08T00:55:01+00:00,s2,breast_cancer,logistic_regression,byzantine,label_flip,0.500000,3,10,iid,30,0.991228,0.517544,47.368421,,0.489087,0.380952,0.367816,0.054542,be933a7,bd5d18319e54
322733a046fa,2026-09-08T00:55:01+00:00,s2,breast_cancer,logistic_regression,byzantine,label_flip,0.500000,4,10,iid,30,0.956140,0.657895,29.824561,,0.644841,0.595238,0.561798,0.057737,be933a7,bd5d18319e54
83104df151c3,2026-09-08T00:55:02+00:00,s2,breast_cancer,logistic_regression,byzantine,label_flip,0.000000,0,10,non_iid,30,0.947368,0.947368,0.000000,,0.948413,0.952381,0.930233,0.033374,be933a7,1219c9b9743e
e244ee09c631,2026-09-08T00:55:02+00:00,s2,breast_cancer,logistic_regression,byzantine,label_flip,0.000000,1,10,non_iid,30,0.982456,0.982456,0.000000,,0.981151,0.976190,0.976190,0.033361,be933a7,1219c9b9743e
f38e6fa31e38,2026-09-08T00:55:02+00:00,s2,breast_cancer,logistic_regression,byzantine,label_flip,0.000000,2,10,non_iid,30,0.938596,0.938596,0.000000,,0.931548,0.904762,0.915663,0.033669,be933a7,1219c9b9743e
a9cab8bd4967,2026-09-08T00:55:02+00:00,s2,breast_cancer,logistic_regression,byzantine,label_flip,0.000000,3,10,non_iid,30,0.991228,0.991228,0.000000,,0.988095,0.976190,0.987952,0.038422,be933a7,1219c9b9743e
70d21d360b5a,2026-09-08T00:55:02+00:00,s2,breast_cancer,logistic_regression,byzantine,label_flip,0.000000,4,10,non_iid,30,0.938596,0.938596,0.000000,,0.921627,0.857143,0.911392,0.032158,be933a7,1219c9b9743e
072653f8d05b,2026-09-08T00:55:02+00:00,s2,breast_cancer,logistic_regression,byzantine,label_flip,0.100000,0,10,non_iid,30,0.947368,0.956140,-0.877193,,0.945437,0.904762,0.938272,0.054788,be933a7,4fc942d4f967
9736d3b71968,2026-09-08T00:55:02+00:00,s2,breast_cancer,logistic_regression,byzantine,label_flip,0.100000,1,10,non_iid,30,0.982456,0.929825,5.263158,,0.924603,0.904762,0.904762,0.054068,be933a7,4fc942d4f967
34a14395a6ff,2026-09-08T00:55:02+00:00,s2,breast_cancer,logistic_regression,byzantine,label_flip,0.100000,2,10,non_iid,30,0.938596,0.956140,-1.754386,,0.945437,0.904762,0.938272,0.057101,be933a7,4fc942d4f967
2d00ccc43861,2026-09-08T00:55:02+00:00,s2,breast_cancer,logistic_regression,byzantine,label_flip,0.100000,3,10,non_iid,30,0.991228,0.982456,0.877193,,0.976190,0.952381,0.975610,0.058174,be933a7,4fc942d4f967
3d3eb85b3cbb,2026-09-08T00:55:02+00:00,s2,breast_cancer,logistic_regression,byzantine,label_flip,0.100000,4,10,non_iid,30,0.938596,0.912281,2.631579,,0.880952,0.761905,0.864865,0.056381,be933a7,4fc942d4f967
504397bd5053,2026-09-08T00:55:02+00:00,s2,breast_cancer,logistic_regression,byzantine,label_flip,0.200000,0,10,non_iid,30,0.947368,0.938596,0.877193,,0.941468,0.952381,0.919540,0.059584,be933a7,81db184ba0c2
4aa1b9463e6c,2026-09-08T00:55:02+00:00,s2,breast_cancer,logistic_regression,byzantine,label_flip,0.200000,1,10,non_iid,30,0.982456,0.412281,57.017544,,0.346230,0.095238,0.106667,0.059303,be933a7,81db184ba0c2
1d9b27d11c77,2026-09-08T00:55:02+00:00,s2,breast_cancer,logistic_regression,byzantine,label_flip,0.200000,2,10,non_iid,30,0.938596,0.956140,-1.754386,,0.945437,0.904762,0.938272,0.056866,be933a7,81db184ba0c2
7de931abdb04,2026-09-08T00:55:02+00:00,s2,breast_cancer,logistic_regression,byzantine,label_flip,0.200000,3,10,non_iid,30,0.991228,0.745614,24.561404,,0.798611,1.000000,0.743363,0.053290,be933a7,81db184ba0c2
65238b2bd21c,2026-09-08T00:55:02+00:00,s2,breast_cancer,logistic_regression,byzantine,label_flip,0.200000,4,10,non_iid,30,0.938596,0.877193,6.140351,,0.833333,0.666667,0.800000,0.050308,be933a7,81db184ba0c2
ee46b814d308,2026-09-08T00:55:02+00:00,s2,breast_cancer,logistic_regression,byzantine,label_flip,0.300000,0,10,non_iid,30,0.947368,0.649123,29.824561,,0.523810,0.047619,0.090909,0.053701,be933a7,7dd14072979c
dfc76dc9e2f0,2026-09-08T00:55:02+00:00,s2,breast_cancer,logistic_regression,byzantine,label_flip,0.300000,1,10,non_iid,30,0.982456,0.342105,64.035088,,0.285714,0.071429,0.074074,0.052642,be933a7,7dd14072979c
94ffb61e36bf,2026-09-08T00:55:02+00:00,s2,breast_cancer,logistic_regression,byzantine,label_flip,0.300000,2,10,non_iid,30,0.938596,0.964912,-2.631579,,0.957341,0.928571,0.951220,0.055159,be933a7,7dd14072979c
e22042f2f12b,2026-09-08T00:55:02+00:00,s2,breast_cancer,logistic_regression,byzantine,label_flip,0.300000,3,10,non_iid,30,0.991228,0.692982,29.824561,,0.756944,1.000000,0.705882,0.053963,be933a7,7dd14072979c
966c4f0fc878,2026-09-08T00:55:03+00:00,s2,breast_cancer,logistic_regression,byzantine,label_flip,0.300000,4,10,non_iid,30,0.938596,0.842105,9.649123,,0.785714,0.571429,0.727273,0.050537,be933a7,7dd14072979c
9704d6bbdad0,2026-09-08T00:55:03+00:00,s2,breast_cancer,logistic_regression,byzantine,label_flip,0.400000,0,10,non_iid,30,0.947368,0.412281,53.508772,,0.336310,0.047619,0.056338,0.053262,be933a7,c18759bbbea7
7316046baf20,2026-09-08T00:55:03+00:00,s2,breast_cancer,logistic_regression,byzantine,label_flip,0.400000,1,10,non_iid,30,0.982456,0.333333,64.912281,,0.278770,0.071429,0.073171,0.054402,be933a7,c18759bbbea7
f8e35a82e33d,2026-09-08T00:55:03+00:00,s2,breast_cancer,logistic_regression,byzantine,label_flip,0.400000,2,10,non_iid,30,0.938596,0.964912,-2.631579,,0.957341,0.928571,0.951220,0.054095,be933a7,c18759bbbea7
51d9e524a314,2026-09-08T00:55:03+00:00,s2,breast_cancer,logistic_regression,byzantine,label_flip,0.400000,3,10,non_iid,30,0.991228,0.105263,88.596491,,0.132937,0.238095,0.163934,0.051331,be933a7,c18759bbbea7
ea5b9d8003bb,2026-09-08T00:55:03+00:00,s2,breast_cancer,logistic_regression,byzantine,label_flip,0.400000,4,10,non_iid,30,0.938596,0.815789,12.280702,,0.750000,0.500000,0.666667,0.051006,be933a7,c18759bbbea7
6cf5a25ef53c,2026-09-08T00:55:03+00:00,s2,breast_cancer,logistic_regression,byzantine,label_flip,0.500000,0,10,non_iid,30,0.947368,0.263158,68.421053,,0.213294,0.023810,0.023256,0.052248,be933a7,2b9c4232527d
68738e81ac97,2026-09-08T00:55:03+00:00,s2,breast_cancer,logistic_regression,byzantine,label_flip,0.500000,1,10,non_iid,30,0.982456,0.263158,71.929825,,0.213294,0.023810,0.023256,0.054189,be933a7,2b9c4232527d
308391e31128,2026-09-08T00:55:03+00:00,s2,breast_cancer,logistic_regression,byzantine,label_flip,0.500000,2,10,non_iid,30,0.938596,0.921053,1.754386,,0.897817,0.809524,0.883117,0.056135,be933a7,2b9c4232527d
4189b56c6fad,2026-09-08T00:55:03+00:00,s2,breast_cancer,logistic_regression,byzantine,label_flip,0.500000,3,10,non_iid,30,0.991228,0.105263,88.596491,,0.142857,0.285714,0.190476,0.051788,be933a7,2b9c4232527d
6f0b9c280c47,2026-09-08T00:55:03+00:00,s2,breast_cancer,logistic_regression,byzantine,label_flip,0.500000,4,10,non_iid,30,0.938596,0.491228,44.736842,,0.537698,0.714286,0.508475,0.052344,be933a7,2b9c4232527d
8a056276d1cc,2026-09-08T00:55:03+00:00,s2,digits,logistic_regression,byzantine,label_flip,0.000000,0,10,iid,30,0.952778,0.952778,0.000000,,0.952372,0.952372,0.952810,0.078446,be933a7,fb3ce0021b8d
9305ae7cec4e,2026-09-08T00:55:03+00:00,s2,digits,logistic_regression,byzantine,label_flip,0.000000,1,10,iid,30,0.963889,0.963889,0.000000,,0.963797,0.963797,0.963509,0.073791,be933a7,fb3ce0021b8d
4c9949f84f7f,2026-09-08T00:55:03+00:00,s2,digits,logistic_regression,byzantine,label_flip,0.000000,2,10,iid,30,0.958333,0.958333,0.000000,,0.958241,0.958241,0.958386,0.074901,be933a7,fb3ce0021b8d
32917064ef27,2026-09-08T00:55:03+00:00,s2,digits,logistic_regression,byzantine,label_flip,0.000000,3,10,iid,30,0.963889,0.963889,0.000000,,0.963951,0.963951,0.963895,0.074354,be933a7,fb3ce0021b8d
274daab48766,2026-09-08T00:55:03+00:00,s2,digits,logistic_regression,byzantine,label_flip,0.000000,4,10,iid,30,0.955556,0.955556,0.000000,,0.955221,0.955221,0.955193,0.073167,be933a7,fb3ce0021b8d
bdc9067da8cd,2026-09-08T00:55:04+00:00,s2,digits,logistic_regression,byzantine,label_flip,0.100000,0,10,iid,30,0.952778,0.961111,-0.833333,,0.960940,0.960940,0.961678,0.134217,be933a7,4f01ea3692f9
193bb006b8cd,2026-09-08T00:55:04+00:00,s2,digits,logistic_regression,byzantine,label_flip,0.100000,1,10,iid,30,0.963889,0.961111,0.277778,,0.960864,0.960864,0.960833,0.130200,be933a7,4f01ea3692f9
27664c572391,2026-09-08T00:55:04+00:00,s2,digits,logistic_regression,byzantine,label_flip,0.100000,2,10,iid,30,0.958333,0.944444,1.388889,,0.944269,0.944269,0.944629,0.132006,be933a7,4f01ea3692f9
80cdee4d5626,2026-09-08T00:55:04+00:00,s2,digits,logistic_regression,byzantine,label_flip,0.100000,3,10,iid,30,0.963889,0.955556,0.833333,,0.955689,0.955689,0.955459,0.134983,be933a7,4f01ea3692f9
12b00dc36294,2026-09-08T00:55:04+00:00,s2,digits,logistic_regression,byzantine,label_flip,0.100000,4,10,iid,30,0.955556,0.947222,0.833333,,0.947196,0.947196,0.947303,0.134682,be933a7,4f01ea3692f9
de62b54a40c9,2026-09-08T00:55:04+00:00,s2,digits,logistic_regression,byzantine,label_flip,0.200000,0,10,iid,30,0.952778,0.944444,0.833333,,0.944264,0.944264,0.944875,0.133681,be933a7,b06da246c43f
93ed852c8bc1,2026-09-08T00:55:04+00:00,s2,digits,logistic_regression,byzantine,label_flip,0.200000,1,10,iid,30,0.963889,0.947222,1.666667,,0.946817,0.946817,0.946698,0.131213,be933a7,b06da246c43f
9fa2e1452823,2026-09-08T00:55:05+00:00,s2,digits,logistic_regression,byzantine,label_flip,0.200000,2,10,iid,30,0.958333,0.936111,2.222222,,0.935618,0.935618,0.936168,0.131161,be933a7,b06da246c43f
668d7187cb31,2026-09-08T00:55:05+00:00,s2,digits,logistic_regression,byzantine,label_flip,0.200000,3,10,iid,30,0.963889,0.938889,2.500000,,0.938943,0.938943,0.939615,0.133339,be933a7,b06da246c43f
a8ba92b62646,2026-09-08T00:55:05+00:00,s2,digits,logistic_regression,byzantine,label_flip,0.200000,4,10,iid,30,0.955556,0.930556,2.500000,,0.930450,0.930450,0.930230,0.131152,be933a7,b06da246c43f
f383ab55d062,2026-09-08T00:55:05+00:00,s2,digits,logistic_regression,byzantine,label_flip,0.300000,0,10,iid,30,0.952778,0.922222,3.055556,,0.922117,0.922117,0.922561,0.135326,be933a7,aa16f3b2edfc
c9ebe6466736,2026-09-08T00:55:05+00:00,s2,digits,logistic_regression,byzantine,label_flip,0.300000,1,10,iid,30,0.963889,0.933333,3.055556,,0.933145,0.933145,0.932566,0.132582,be933a7,aa16f3b2edfc
600da8bd31ea,2026-09-08T00:55:05+00:00,s2,digits,logistic_regression,byzantine,label_flip,0.300000,2,10,iid,30,0.958333,0.925000,3.333333,,0.924352,0.924352,0.924236,0.140463,be933a7,aa16f3b2edfc
c3a8832b5ab4,2026-09-08T00:55:05+00:00,s2,digits,logistic_regression,byzantine,label_flip,0.300000,3,10,iid,30,0.963889,0.908333,5.555556,,0.908065,0.908065,0.908647,0.136379,be933a7,aa16f3b2edfc
a07ea6ef0839,2026-09-08T00:55:06+00:00,s2,digits,logistic_regression,byzantine,label_flip,0.300000,4,10,iid,30,0.955556,0.938889,1.666667,,0.938863,0.938863,0.938720,0.131049,be933a7,aa16f3b2edfc
9ec88118356d,2026-09-08T00:55:06+00:00,s2,digits,logistic_regression,byzantine,label_flip,0.400000,0,10,iid,30,0.952778,0.922222,3.055556,,0.922272,0.922272,0.923187,0.137676,be933a7,e13b26e37077
e138cffa0020,2026-09-08T00:55:06+00:00,s2,digits,logistic_regression,byzantine,label_flip,0.400000,1,10,iid,30,0.963889,0.925000,3.888889,,0.925041,0.925041,0.924903,0.136532,be933a7,e13b26e37077
ea98aa6405b0,2026-09-08T00:55:06+00:00,s2,digits,logistic_regression,byzantine,label_flip,0.400000,2,10,iid,30,0.958333,0.886111,7.222222,,0.885375,0.885375,0.884952,0.136677,be933a7,e13b26e37077
ce9e05632221,2026-09-08T00:55:06+00:00,s2,digits,logistic_regression,byzantine,label_flip,0.400000,3,10,iid,30,0.963889,0.911111,5.277778,,0.911073,0.911073,0.911325,0.135783,be933a7,e13b26e37077
e51a3df775e3,2026-09-08T00:55:06+00:00,s2,digits,logistic_regression,byzantine,label_flip,0.400000,4,10,iid,30,0.955556,0.905556,5.000000,,0.905137,0.905137,0.905383,0.132909,be933a7,e13b26e37077
0ee78958ddb7,2026-09-08T00:55:06+00:00,s2,digits,logistic_regression,byzantine,label_flip,0.500000,0,10,iid,30,0.952778,0.894444,5.833333,,0.894093,0.894093,0.895349,0.131807,be933a7,a8d20a89fc76
3405c83211ed,2026-09-08T00:55:07+00:00,s2,digits,logistic_regression,byzantine,label_flip,0.500000,1,10,iid,30,0.963889,0.880556,8.333333,,0.880667,0.880667,0.880264,0.135503,be933a7,a8d20a89fc76
f1b48c44e277,2026-09-08T00:55:07+00:00,s2,digits,logistic_regression,byzantine,label_flip,0.500000,2,10,iid,30,0.958333,0.861111,9.722222,,0.860517,0.860517,0.860636,0.134904,be933a7,a8d20a89fc76
cf557987abc5,2026-09-08T00:55:07+00:00,s2,digits,logistic_regression,byzantine,label_flip,0.500000,3,10,iid,30,0.963889,0.886111,7.777778,,0.885755,0.885755,0.886554,0.133483,be933a7,a8d20a89fc76
da98ba4b49fc,2026-09-08T00:55:07+00:00,s2,digits,logistic_regression,byzantine,label_flip,0.500000,4,10,iid,30,0.955556,0.861111,9.444444,,0.860905,0.860905,0.860369,0.131277,be933a7,a8d20a89fc76
b38972ba49ed,2026-09-08T00:55:07+00:00,s2,digits,logistic_regression,byzantine,label_flip,0.000000,0,10,non_iid,30,0.958333,0.958333,0.000000,,0.957932,0.957932,0.958457,0.082827,be933a7,ba71d847d5cd
d06b1139b09e,2026-09-08T00:55:07+00:00,s2,digits,logistic_regression,byzantine,label_flip,0.000000,1,10,non_iid,30,0.963889,0.963889,0.000000,,0.963797,0.963797,0.963509,0.074641,be933a7,ba71d847d5cd
699c2d98d6a9,2026-09-08T00:55:07+00:00,s2,digits,logistic_regression,byzantine,label_flip,0.000000,2,10,non_iid,30,0.966667,0.966667,0.000000,,0.966420,0.966420,0.966728,0.076819,be933a7,ba71d847d5cd
763fc54f0c08,2026-09-08T00:55:07+00:00,s2,digits,logistic_regression,byzantine,label_flip,0.000000,3,10,non_iid,30,0.963889,0.963889,0.000000,,0.963951,0.963951,0.963860,0.074262,be933a7,ba71d847d5cd
001654a90153,2026-09-08T00:55:07+00:00,s2,digits,logistic_regression,byzantine,label_flip,0.000000,4,10,non_iid,30,0.969444,0.969444,0.000000,,0.969427,0.969427,0.969367,0.077569,be933a7,ba71d847d5cd
625420e701cd,2026-09-08T00:55:07+00:00,s2,digits,logistic_regression,byzantine,label_flip,0.100000,0,10,non_iid,30,0.958333,0.944444,1.388889,,0.944269,0.944269,0.945132,0.132439,be933a7,daa3a806f1ce
1d3a9e996981,2026-09-08T00:55:08+00:00,s2,digits,logistic_regression,byzantine,label_flip,0.100000,1,10,non_iid,30,0.963889,0.961111,0.277778,,0.960706,0.960706,0.960188,0.132930,be933a7,daa3a806f1ce
962c8b26c2c3,2026-09-08T00:55:08+00:00,s2,digits,logistic_regression,byzantine,label_flip,0.100000,2,10,non_iid,30,0.966667,0.963889,0.277778,,0.963642,0.963642,0.964005,0.131897,be933a7,daa3a806f1ce
accebb522797,2026-09-08T00:55:08+00:00,s2,digits,logistic_regression,byzantine,label_flip,0.100000,3,10,non_iid,30,0.963889,0.961111,0.277778,,0.961248,0.961248,0.961118,0.129127,be933a7,daa3a806f1ce
721d493c439c,2026-09-08T00:55:08+00:00,s2,digits,logistic_regression,byzantine,label_flip,0.100000,4,10,non_iid,30,0.969444,0.961111,0.833333,,0.960860,0.960860,0.961232,0.137845,be933a7,daa3a806f1ce
4c0e23eb02e9,2026-09-08T00:55:08+00:00,s2,digits,logistic_regression,byzantine,label_flip,0.200000,0,10,non_iid,30,0.958333,0.927778,3.055556,,0.927209,0.927209,0.927636,0.132422,be933a7,ca6a1af2ba18
53e5318a6c7b,2026-09-08T00:55:08+00:00,s2,digits,logistic_regression,byzantine,label_flip,0.200000,1,10,non_iid,30,0.963889,0.930556,3.333333,,0.930513,0.930513,0.928638,0.133198,be933a7,ca6a1af2ba18
c0e551f7672d,2026-09-08T00:55:08+00:00,s2,digits,logistic_regression,byzantine,label_flip,0.200000,2,10,non_iid,30,0.966667,0.858333,10.833333,,0.858762,0.858762,0.846365,0.132909,be933a7,ca6a1af2ba18
83c25670a2f6,2026-09-08T00:55:09+00:00,s2,digits,logistic_regression,byzantine,label_flip,0.200000,3,10,non_iid,30,0.963889,0.958333,0.555556,,0.958471,0.958471,0.958378,0.132126,be933a7,ca6a1af2ba18
52107214388c,2026-09-08T00:55:09+00:00,s2,digits,logistic_regression,byzantine,label_flip,0.200000,4,10,non_iid,30,0.969444,0.855556,11.388889,,0.855937,0.855937,0.850530,0.134967,be933a7,ca6a1af2ba18
15831ab042fa,2026-09-08T00:55:09+00:00,s2,digits,logistic_regression,byzantine,label_flip,0.300000,0,10,non_iid,30,0.958333,0.858333,10.000000,,0.858498,0.858498,0.857090,0.130374,be933a7,4f5a31a17d95
7bc2e0c02ad1,2026-09-08T00:55:09+00:00,s2,digits,logistic_regression,byzantine,label_flip,0.300000,1,10,non_iid,30,0.963889,0.880556,8.333333,,0.880262,0.880262,0.875820,0.136525,be933a7,4f5a31a17d95
95bbd6badfee,2026-09-08T00:55:09+00:00,s2,digits,logistic_regression,byzantine,label_flip,0.300000,2,10,non_iid,30,0.966667,0.825000,14.166667,,0.826034,0.826034,0.805058,0.133753,be933a7,4f5a31a17d95
28fe0c18beff,2026-09-08T00:55:09+00:00,s2,digits,logistic_regression,byzantine,label_flip,0.300000,3,10,non_iid,30,0.963889,0.916667,4.722222,,0.916875,0.916875,0.911009,0.136189,be933a7,4f5a31a17d95
40b0d559d9b1,2026-09-08T00:55:09+00:00,s2,digits,logistic_regression,byzantine,label_flip,0.300000,4,10,non_iid,30,0.969444,0.844444,12.500000,,0.845215,0.845215,0.836391,0.137205,be933a7,4f5a31a17d95
51490579bda1,2026-09-08T00:55:10+00:00,s2,digits,logistic_regression,byzantine,label_flip,0.400000,0,10,non_iid,30,0.958333,0.683333,27.500000,,0.684065,0.684065,0.663706,0.137173,be933a7,7be1b3425021
f83f16beb919,2026-09-08T00:55:10+00:00,s2,digits,logistic_regression,byzantine,label_flip,0.400000,1,10,non_iid,30,0.963889,0.877778,8.611111,,0.877347,0.877347,0.871478,0.137490,be933a7,7be1b3425021
5ff78bf4f42f,2026-09-08T00:55:10+00:00,s2,digits,logistic_regression,byzantine,label_flip,0.400000,2,10,non_iid,30,0.966667,0.802778,16.388889,,0.803719,0.803719,0.782668,0.132219,be933a7,7be1b3425021
9de13f6ded3e,2026-09-08T00:55:10+00:00,s2,digits,logistic_regression,byzantine,label_flip,0.400000,3,10,non_iid,30,0.963889,0.891667,7.222222,,0.891712,0.891712,0.886354,0.132840,be933a7,7be1b3425021
752b15d45946,2026-09-08T00:55:10+00:00,s2,digits,logistic_regression,byzantine,label_flip,0.400000,4,10,non_iid,30,0.969444,0.805556,16.388889,,0.807222,0.807222,0.772496,0.135723,be933a7,7be1b3425021
e3406daa356a,2026-09-08T00:55:10+00:00,s2,digits,logistic_regression,byzantine,label_flip,0.500000,0,10,non_iid,30,0.958333,0.611111,34.722222,,0.612126,0.612126,0.569753,0.135085,be933a7,48922f6a290e
7bc4e44212d1,2026-09-08T00:55:10+00:00,s2,digits,logistic_regression,byzantine,label_flip,0.500000,1,10,non_iid,30,0.963889,0.805556,15.833333,,0.804848,0.804848,0.789913,0.133303,be933a7,48922f6a290e
410ae51da934,2026-09-08T00:55:10+00:00,s2,digits,logistic_regression,byzantine,label_flip,0.500000,2,10,non_iid,30,0.966667,0.780556,18.611111,,0.782402,0.782402,0.762299,0.132954,be933a7,48922f6a290e
73cb77827724,2026-09-08T00:55:11+00:00,s2,digits,logistic_regression,byzantine,label_flip,0.500000,3,10,non_iid,30,0.963889,0.847222,11.666667,,0.847722,0.847722,0.838829,0.131826,be933a7,48922f6a290e
6ea31967dc18,2026-09-08T00:55:11+00:00,s2,digits,logistic_regression,byzantine,label_flip,0.500000,4,10,non_iid,30,0.969444,0.786111,18.333333,,0.787778,0.787778,0.752389,0.138513,be933a7,48922f6a290e
c075b24150a6,2026-09-08T00:55:12+00:00,s2,breast_cancer,logistic_regression,byzantine,sign_flip,0.000000,0,10,iid,30,0.973684,0.973684,0.000000,,0.969246,0.952381,0.963855,0.037459,be933a7,aa47731ee39f
d12411291b10,2026-09-08T00:55:12+00:00,s2,breast_cancer,logistic_regression,byzantine,sign_flip,0.000000,1,10,iid,30,0.982456,0.982456,0.000000,,0.981151,0.976190,0.976190,0.033834,be933a7,aa47731ee39f
03449a9f6086,2026-09-08T00:55:12+00:00,s2,breast_cancer,logistic_regression,byzantine,sign_flip,0.000000,2,10,iid,30,0.964912,0.964912,0.000000,,0.962302,0.952381,0.952381,0.033233,be933a7,aa47731ee39f
26e8adb017de,2026-09-08T00:55:12+00:00,s2,breast_cancer,logistic_regression,byzantine,sign_flip,0.000000,3,10,iid,30,0.991228,0.991228,0.000000,,0.988095,0.976190,0.987952,0.033486,be933a7,aa47731ee39f
fd1a961d19c7,2026-09-08T00:55:12+00:00,s2,breast_cancer,logistic_regression,byzantine,sign_flip,0.000000,4,10,iid,30,0.956140,0.956140,0.000000,,0.945437,0.904762,0.938272,0.031695,be933a7,aa47731ee39f
9eecd30af43b,2026-09-08T00:55:12+00:00,s2,breast_cancer,logistic_regression,byzantine,sign_flip,0.100000,0,10,iid,30,0.973684,0.938596,3.508772,,0.931548,0.904762,0.915663,0.055357,be933a7,eff8dcff9e48
3786d64a2406,2026-09-08T00:55:12+00:00,s2,breast_cancer,logistic_regression,byzantine,sign_flip,0.100000,1,10,iid,30,0.982456,0.956140,2.631579,,0.950397,0.928571,0.939759,0.053714,be933a7,eff8dcff9e48
b9f809d0f551,2026-09-08T00:55:12+00:00,s2,breast_cancer,logistic_regression,byzantine,sign_flip,0.100000,2,10,iid,30,0.964912,0.956140,0.877193,,0.950397,0.928571,0.939759,0.055050,be933a7,eff8dcff9e48
6a7f3234c588,2026-09-08T00:55:12+00:00,s2,breast_cancer,logistic_regression,byzantine,sign_flip,0.100000,3,10,iid,30,0.991228,0.991228,0.000000,,0.988095,0.976190,0.987952,0.055869,be933a7,eff8dcff9e48
de9d4df421ec,2026-09-08T00:55:13+00:00,s2,breast_cancer,logistic_regression,byzantine,sign_flip,0.100000,4,10,iid,30,0.956140,0.938596,1.754386,,0.926587,0.880952,0.913580,0.053513,be933a7,eff8dcff9e48
5767570816c0,2026-09-08T00:55:13+00:00,s2,breast_cancer,logistic_regression,byzantine,sign_flip,0.200000,0,10,iid,30,0.973684,0.982456,-0.877193,,0.976190,0.952381,0.975610,0.053983,be933a7,cb696a501ea0
c4ea9995ddf6,2026-09-08T00:55:13+00:00,s2,breast_cancer,logistic_regression,byzantine,sign_flip,0.200000,1,10,iid,30,0.982456,0.947368,3.508772,,0.938492,0.904762,0.926829,0.053571,be933a7,cb696a501ea0
63706f35031d,2026-09-08T00:55:13+00:00,s2,breast_cancer,logistic_regression,byzantine,sign_flip,0.200000,2,10,iid,30,0.964912,0.964912,0.000000,,0.957341,0.928571,0.951220,0.054682,be933a7,cb696a501ea0
f02d88e462be,2026-09-08T00:55:13+00:00,s2,breast_cancer,logistic_regression,byzantine,sign_flip,0.200000,3,10,iid,30,0.991228,0.982456,0.877193,,0.976190,0.952381,0.975610,0.054229,be933a7,cb696a501ea0
9ff94556cd06,2026-09-08T00:55:13+00:00,s2,breast_cancer,logistic_regression,byzantine,sign_flip,0.200000,4,10,iid,30,0.956140,0.964912,-0.877193,,0.962302,0.952381,0.952381,0.054094,be933a7,cb696a501ea0
2896cab85c05,2026-09-08T00:55:13+00:00,s2,breast_cancer,logistic_regression,byzantine,sign_flip,0.300000,0,10,iid,30,0.973684,0.964912,0.877193,,0.962302,0.952381,0.952381,0.053677,be933a7,2dde099a719b
663db564e600,2026-09-08T00:55:13+00:00,s2,breast_cancer,logistic_regression,byzantine,sign_flip,0.300000,1,10,iid,30,0.982456,0.938596,4.385965,,0.931548,0.904762,0.915663,0.055721,be933a7,2dde099a719b
3128ed5840b6,2026-09-08T00:55:13+00:00,s2,breast_cancer,logistic_regression,byzantine,sign_flip,0.300000,2,10,iid,30,0.964912,0.973684,-0.877193,,0.964286,0.928571,0.962963,0.054105,be933a7,2dde099a719b
9d878d3b3315,2026-09-08T00:55:13+00:00,s2,breast_cancer,logistic_regression,byzantine,sign_flip,0.300000,3,10,iid,30,0.991228,0.938596,5.263158,,0.926587,0.880952,0.913580,0.055630,be933a7,2dde099a719b
3bc4074cd4b8,2026-09-08T00:55:13+00:00,s2,breast_cancer,logistic_regression,byzantine,sign_flip,0.300000,4,10,iid,30,0.956140,0.956140,0.000000,,0.950397,0.928571,0.939759,0.055386,be933a7,2dde099a719b
f9ce3bae5f29,2026-09-08T00:55:13+00:00,s2,breast_cancer,logistic_regression,byzantine,sign_flip,0.400000,0,10,iid,30,0.973684,0.973684,0.000000,,0.969246,0.952381,0.963855,0.056178,be933a7,01fbbf790dd3
c91192360694,2026-09-08T00:55:13+00:00,s2,breast_cancer,logistic_regression,byzantine,sign_flip,0.400000,1,10,iid,30,0.982456,0.885965,9.649123,,0.894841,0.928571,0.857143,0.056207,be933a7,01fbbf790dd3
0c6b12d7ca22,2026-09-08T00:55:13+00:00,s2,breast_cancer,logistic_regression,byzantine,sign_flip,0.400000,2,10,iid,30,0.964912,0.815789,14.912281,,0.814484,0.809524,0.764045,0.054880,be933a7,01fbbf790dd3
aaa24ea367c0,2026-09-08T00:55:13+00:00,s2,breast_cancer,logistic_regression,byzantine,sign_flip,0.400000,3,10,iid,30,0.991228,0.903509,8.771930,,0.903770,0.904762,0.873563,0.055153,be933a7,01fbbf790dd3
dc9d74c6ba4d,2026-09-08T00:55:13+00:00,s2,breast_cancer,logistic_regression,byzantine,sign_flip,0.400000,4,10,iid,30,0.956140,0.938596,1.754386,,0.931548,0.904762,0.915663,0.055108,be933a7,01fbbf790dd3
6107155e275e,2026-09-08T00:55:13+00:00,s2,breast_cancer,logistic_regression,byzantine,sign_flip,0.500000,0,10,iid,30,0.973684,0.508772,46.491228,,0.521825,0.571429,0.461538,0.054122,be933a7,8841f886ece8
2e4d94e97ccd,2026-09-08T00:55:14+00:00,s2,breast_cancer,logistic_regression,byzantine,sign_flip,0.500000,1,10,iid,30,0.982456,0.201754,78.070175,,0.224206,0.309524,0.222222,0.053636,be933a7,8841f886ece8
eaf5e73731dc,2026-09-08T00:55:14+00:00,s2,breast_cancer,logistic_regression,byzantine,sign_flip,0.500000,2,10,iid,30,0.964912,0.131579,83.333333,,0.143849,0.190476,0.139130,0.053339,be933a7,8841f886ece8
4de5d2cc01bb,2026-09-08T00:55:14+00:00,s2,breast_cancer,logistic_regression,byzantine,sign_flip,0.500000,3,10,iid,30,0.991228,0.131579,85.964912,,0.128968,0.119048,0.091743,0.054937,be933a7,8841f886ece8
23494ba61b95,2026-09-08T00:55:14+00:00,s2,breast_cancer,logistic_regression,byzantine,sign_flip,0.500000,4,10,iid,30,0.956140,0.377193,57.894737,,0.392857,0.452381,0.348624,0.055235,be933a7,8841f886ece8
1cade2e6386a,2026-09-08T00:55:14+00:00,s2,breast_cancer,logistic_regression,byzantine,sign_flip,0.000000,0,10,non_iid,30,0.947368,0.947368,0.000000,,0.948413,0.952381,0.930233,0.031584,be933a7,adfc0b92c6c4
c1b2f48df004,2026-09-08T00:55:14+00:00,s2,breast_cancer,logistic_regression,byzantine,sign_flip,0.000000,1,10,non_iid,30,0.982456,0.982456,0.000000,,0.981151,0.976190,0.976190,0.032586,be933a7,adfc0b92c6c4
0c9a6c1f4ae8,2026-09-08T00:55:14+00:00,s2,breast_cancer,logistic_regression,byzantine,sign_flip,0.000000,2,10,non_iid,30,0.938596,0.938596,0.000000,,0.931548,0.904762,0.915663,0.032730,be933a7,adfc0b92c6c4
7caf8c17c8e7,2026-09-08T00:55:14+00:00,s2,breast_cancer,logistic_regression,byzantine,sign_flip,0.000000,3,10,non_iid,30,0.991228,0.991228,0.000000,,0.988095,0.976190,0.987952,0.031375,be933a7,adfc0b92c6c4
8964fd3af7be,2026-09-08T00:55:14+00:00,s2,breast_cancer,logistic_regression,byzantine,sign_flip,0.000000,4,10,non_iid,30,0.938596,0.938596,0.000000,,0.921627,0.857143,0.911392,0.032533,be933a7,adfc0b92c6c4
c1b9e64ad462,2026-09-08T00:55:14+00:00,s2,breast_cancer,logistic_regression,byzantine,sign_flip,0.100000,0,10,non_iid,30,0.947368,0.947368,0.000000,,0.948413,0.952381,0.930233,0.056124,be933a7,91478e9c3974
492494dd4b41,2026-09-08T00:55:14+00:00,s2,breast_cancer,logistic_regression,byzantine,sign_flip,0.100000,1,10,non_iid,30,0.982456,0.973684,0.877193,,0.969246,0.952381,0.963855,0.053096,be933a7,91478e9c3974
49573be01375,2026-09-08T00:55:14+00:00,s2,breast_cancer,logistic_regression,byzantine,sign_flip,0.100000,2,10,non_iid,30,0.938596,0.938596,0.000000,,0.931548,0.904762,0.915663,0.054349,be933a7,91478e9c3974
f29e3a50d066,2026-09-08T00:55:14+00:00,s2,breast_cancer,logistic_regression,byzantine,sign_flip,0.100000,3,10,non_iid,30,0.991228,0.982456,0.877193,,0.976190,0.952381,0.975610,0.049726,be933a7,91478e9c3974
a467a3f74fea,2026-09-08T00:55:14+00:00,s2,breast_cancer,logistic_regression,byzantine,sign_flip,0.100000,4,10,non_iid,30,0.938596,0.956140,-1.754386,,0.945437,0.904762,0.938272,0.053295,be933a7,91478e9c3974
7b9ada0946f8,2026-09-08T00:55:14+00:00,s2,breast_cancer,logistic_regression,byzantine,sign_flip,0.200000,0,10,non_iid,30,0.947368,0.912281,3.508772,,0.920635,0.952381,0.888889,0.056594,be933a7,3d511976cb57
afcf34231e1c,2026-09-08T00:55:14+00:00,s2,breast_cancer,logistic_regression,byzantine,sign_flip,0.200000,1,10,non_iid,30,0.982456,0.078947,90.350877,,0.072421,0.047619,0.036697,0.055786,be933a7,3d511976cb57
b6c493b47f35,2026-09-08T00:55:14+00:00,s2,breast_cancer,logistic_regression,byzantine,sign_flip,0.200000,2,10,non_iid,30,0.938596,0.938596,0.000000,,0.931548,0.904762,0.915663,0.055827,be933a7,3d511976cb57
2c79796c2dc0,2026-09-08T00:55:14+00:00,s2,breast_cancer,logistic_regression,byzantine,sign_flip,0.200000,3,10,non_iid,30,0.991228,0.754386,23.684211,,0.770833,0.833333,0.714286,0.051793,be933a7,3d511976cb57
4b2e445a8faa,2026-09-08T00:55:14+00:00,s2,breast_cancer,logistic_regression,byzantine,sign_flip,0.200000,4,10,non_iid,30,0.938596,0.947368,-0.877193,,0.933532,0.880952,0.925000,0.055129,be933a7,3d511976cb57
04908b2440e1,2026-09-08T00:55:14+00:00,s2,breast_cancer,logistic_regression,byzantine,sign_flip,0.300000,0,10,non_iid,30,0.947368,0.508772,43.859649,,0.432540,0.142857,0.176471,0.052565,be933a7,a119e2b388fc
dc2477b9b6b4,2026-09-08T00:55:15+00:00,s2,breast_cancer,logistic_regression,byzantine,sign_flip,0.300000,1,10,non_iid,30,0.982456,0.052632,92.982456,,0.051587,0.047619,0.035714,0.051951,be933a7,a119e2b388fc
8ad5a8e8b028,2026-09-08T00:55:15+00:00,s2,breast_cancer,logistic_regression,byzantine,sign_flip,0.300000,2,10,non_iid,30,0.938596,0.938596,0.000000,,0.931548,0.904762,0.915663,0.054079,be933a7,a119e2b388fc
962f0a17dd79,2026-09-08T00:55:15+00:00,s2,breast_cancer,logistic_regression,byzantine,sign_flip,0.300000,3,10,non_iid,30,0.991228,0.736842,25.438596,,0.747024,0.785714,0.687500,0.051576,be933a7,a119e2b388fc
5c9bb5d88414,2026-09-08T00:55:15+00:00,s2,breast_cancer,logistic_regression,byzantine,sign_flip,0.300000,4,10,non_iid,30,0.938596,0.947368,-0.877193,,0.933532,0.880952,0.925000,0.051742,be933a7,a119e2b388fc
f72b7b3b5565,2026-09-08T00:55:15+00:00,s2,breast_cancer,logistic_regression,byzantine,sign_flip,0.400000,0,10,non_iid,30,0.947368,0.105263,84.210526,,0.083333,0.000000,0.000000,0.053025,be933a7,4cd4ba0458f2
12e004f76922,2026-09-08T00:55:15+00:00,s2,breast_cancer,logistic_regression,byzantine,sign_flip,0.400000,1,10,non_iid,30,0.982456,0.052632,92.982456,,0.051587,0.047619,0.035714,0.053242,be933a7,4cd4ba0458f2
367ed3a2aee0,2026-09-08T00:55:15+00:00,s2,breast_cancer,logistic_regression,byzantine,sign_flip,0.400000,2,10,non_iid,30,0.938596,0.938596,0.000000,,0.931548,0.904762,0.915663,0.054243,be933a7,4cd4ba0458f2
17a6988d623e,2026-09-08T00:55:15+00:00,s2,breast_cancer,logistic_regression,byzantine,sign_flip,0.400000,3,10,non_iid,30,0.991228,0.043860,94.736842,,0.044643,0.047619,0.035398,0.054226,be933a7,4cd4ba0458f2
4a6ee6c4315f,2026-09-08T00:55:15+00:00,s2,breast_cancer,logistic_regression,byzantine,sign_flip,0.400000,4,10,non_iid,30,0.938596,0.921053,1.754386,,0.907738,0.857143,0.888889,0.053352,be933a7,4cd4ba0458f2
ef75b59c2211,2026-09-08T00:55:15+00:00,s2,breast_cancer,logistic_regression,byzantine,sign_flip,0.500000,0,10,non_iid,30,0.947368,0.140351,80.701754,,0.125992,0.071429,0.057692,0.052771,be933a7,24ed78ce8d73
40b83723c0db,2026-09-08T00:55:15+00:00,s2,breast_cancer,logistic_regression,byzantine,sign_flip,0.500000,1,10,non_iid,30,0.982456,0.061404,92.105263,,0.058532,0.047619,0.036036,0.053138,be933a7,24ed78ce8d73
d684bd7a350d,2026-09-08T00:55:15+00:00,s2,breast_cancer,logistic_regression,byzantine,sign_flip,0.500000,2,10,non_iid,30,0.938596,0.956140,-1.754386,,0.945437,0.904762,0.938272,0.054660,be933a7,24ed78ce8d73
8a842a15123c,2026-09-08T00:55:15+00:00,s2,breast_cancer,logistic_regression,byzantine,sign_flip,0.500000,3,10,non_iid,30,0.991228,0.052632,93.859649,,0.051587,0.047619,0.035714,0.051914,be933a7,24ed78ce8d73
023a0ec4824f,2026-09-08T00:55:15+00:00,s2,breast_cancer,logistic_regression,byzantine,sign_flip,0.500000,4,10,non_iid,30,0.938596,0.359649,57.894737,,0.369048,0.404762,0.317757,0.051568,be933a7,24ed78ce8d73
f3490b18d7bf,2026-09-23T22:41:53+00:00,s3,breast_cancer,quantum_net,circuit_tamper,rx_half_pi,0.000000,0,,,,0.912281,0.912281,0.000000,,0.920635,0.952381,0.888889,11.594077,3b2add5,473a56d36a80
20f2ff42643d,2026-09-23T22:41:53+00:00,s3,breast_cancer,quantum_net,circuit_tamper,rx_half_pi,1.000000,0,,,,0.912281,0.929825,-1.754386,0.028846,0.924603,0.904762,0.904762,0.324007,3b2add5,b8392463b238
04c56bf55bad,2026-09-23T22:41:54+00:00,s3,breast_cancer,quantum_net,circuit_tamper,rx_half_pi,2.000000,0,,,,0.912281,0.885965,2.631579,0.086538,0.884921,0.880952,0.850575,0.301934,3b2add5,a4d61e984d03
42e4181253ce,2026-09-23T22:41:54+00:00,s3,breast_cancer,quantum_net,circuit_tamper,rx_half_pi,4.000000,0,,,,0.912281,0.350877,56.140351,0.634615,0.476190,0.952381,0.519481,0.308703,3b2add5,908ec315b229
adc38f8ae89b,2026-09-23T22:41:54+00:00,s3,breast_cancer,quantum_net,circuit_tamper,rx_half_pi,8.000000,0,,,,0.912281,0.359649,55.263158,0.625000,0.488095,0.976190,0.529032,0.300558,3b2add5,beed0024e489
62d2d57a0d9a,2026-09-23T22:41:55+00:00,s3,breast_cancer,quantum_net,circuit_tamper,rx_half_pi,16.000000,0,,,,0.912281,0.798246,11.403509,0.211538,0.746032,0.547619,0.666667,0.307091,3b2add5,8c083220ed8b
345b1db45fe1,2026-09-23T22:42:05+00:00,s3,breast_cancer,quantum_net,circuit_tamper,rx_half_pi,0.000000,1,,,,0.938596,0.938596,0.000000,,0.921627,0.857143,0.911392,10.699362,3b2add5,473a56d36a80
ac6007457d76,2026-09-23T22:42:06+00:00,s3,breast_cancer,quantum_net,circuit_tamper,rx_half_pi,1.000000,1,,,,0.938596,0.859649,7.894737,0.093458,0.809524,0.619048,0.764706,0.447158,3b2add5,b8392463b238
caba52248f2f,2026-09-23T22:42:06+00:00,s3,breast_cancer,quantum_net,circuit_tamper,rx_half_pi,2.000000,1,,,,0.938596,0.824561,11.403509,0.130841,0.761905,0.523810,0.687500,0.755923,3b2add5,a4d61e984d03
2edc941b2647,2026-09-23T22:42:07+00:00,s3,breast_cancer,quantum_net,circuit_tamper,rx_half_pi,4.000000,1,,,,0.938596,0.824561,11.403509,0.140187,0.761905,0.523810,0.687500,0.351600,3b2add5,908ec315b229
c9286da7e2ab,2026-09-23T22:42:07+00:00,s3,breast_cancer,quantum_net,circuit_tamper,rx_half_pi,8.000000,1,,,,0.938596,0.833333,10.526316,0.140187,0.788690,0.619048,0.732394,0.254324,3b2add5,beed0024e489
6344a7eaa7de,2026-09-23T22:42:07+00:00,s3,breast_cancer,quantum_net,circuit_tamper,rx_half_pi,16.000000,1,,,,0.938596,0.078947,85.964912,0.934579,0.087302,0.119048,0.086957,0.317252,3b2add5,8c083220ed8b
86886c3cdf58,2026-09-23T22:42:16+00:00,s3,breast_cancer,quantum_net,circuit_tamper,rx_half_pi,0.000000,2,,,,0.938596,0.938596,0.000000,,0.936508,0.928571,0.917647,9.622119,3b2add5,473a56d36a80
bfa93c192573,2026-09-23T22:42:16+00:00,s3,breast_cancer,quantum_net,circuit_tamper,rx_half_pi,1.000000,2,,,,0.938596,0.701754,23.684211,0.280374,0.758929,0.976190,0.706897,0.328322,3b2add5,b8392463b238
750815eddd74,2026-09-23T22:42:17+00:00,s3,breast_cancer,quantum_net,circuit_tamper,rx_half_pi,2.000000,2,,,,0.938596,0.807018,13.157895,0.186916,0.738095,0.476190,0.645161,0.758596,3b2add5,a4d61e984d03
828baee2884c,2026-09-23T22:42:18+00:00,s3,breast_cancer,quantum_net,circuit_tamper,rx_half_pi,4.000000,2,,,,0.938596,0.254386,68.421053,0.775701,0.226190,0.119048,0.105263,0.581487,3b2add5,908ec315b229
bc5740731b75,2026-09-23T22:42:18+00:00,s3,breast_cancer,quantum_net,circuit_tamper,rx_half_pi,8.000000,2,,,,0.938596,0.298246,64.035088,0.728972,0.300595,0.309524,0.245283,0.491229,3b2add5,beed0024e489
8e7ce5b7f303,2026-09-23T22:42:19+00:00,s3,breast_cancer,quantum_net,circuit_tamper,rx_half_pi,16.000000,2,,,,0.938596,0.342105,59.649123,0.663551,0.464286,0.928571,0.509804,0.538618,3b2add5,8c083220ed8b
3391b263926f,2026-09-23T22:42:30+00:00,s3,breast_cancer,quantum_net,circuit_tamper,rx_half_pi,0.000000,3,,,,0.912281,0.912281,0.000000,,0.890873,0.809524,0.871795,10.953922,3b2add5,473a56d36a80
6e574f2bfd8d,2026-09-23T22:42:30+00:00,s3,breast_cancer,quantum_net,circuit_tamper,rx_half_pi,1.000000,3,,,,0.912281,0.280702,63.157895,0.721154,0.237103,0.071429,0.068182,0.323231,3b2add5,b8392463b238
4c1472903586,2026-09-23T22:42:30+00:00,s3,breast_cancer,quantum_net,circuit_tamper,rx_half_pi,2.000000,3,,,,0.912281,0.175439,73.684211,0.865385,0.183532,0.214286,0.160714,0.274549,3b2add5,a4d61e984d03
b94b0b9636f5,2026-09-23T22:42:31+00:00,s3,breast_cancer,quantum_net,circuit_tamper,rx_half_pi,4.000000,3,,,,0.912281,0.289474,62.280702,0.759615,0.382937,0.738095,0.433566,0.270439,3b2add5,908ec315b229
036a58cfc63e,2026-09-23T22:42:31+00:00,s3,breast_cancer,quantum_net,circuit_tamper,rx_half_pi,8.000000,3,,,,0.912281,0.157895,75.438596,0.884615,0.204365,0.380952,0.250000,0.269568,3b2add5,beed0024e489
3846538e8599,2026-09-23T22:42:31+00:00,s3,breast_cancer,quantum_net,circuit_tamper,rx_half_pi,16.000000,3,,,,0.912281,0.605263,30.701754,0.355769,0.484127,0.023810,0.042553,0.282404,3b2add5,8c083220ed8b
c7e26e43d038,2026-09-23T22:42:40+00:00,s3,breast_cancer,quantum_net,circuit_tamper,rx_half_pi,0.000000,4,,,,0.912281,0.912281,0.000000,,0.895833,0.833333,0.875000,9.174504,3b2add5,473a56d36a80
5abb14cfe66f,2026-09-23T22:42:41+00:00,s3,breast_cancer,quantum_net,circuit_tamper,rx_half_pi,1.000000,4,,,,0.912281,0.807018,10.526316,0.125000,0.752976,0.547619,0.676471,0.281450,3b2add5,b8392463b238
bf557e738695,2026-09-23T22:42:41+00:00,s3,breast_cancer,quantum_net,circuit_tamper,rx_half_pi,2.000000,4,,,,0.912281,0.701754,21.052632,0.259615,0.595238,0.190476,0.320000,0.272248,3b2add5,a4d61e984d03
90f7da31a4c4,2026-09-23T22:42:41+00:00,s3,breast_cancer,quantum_net,circuit_tamper,rx_half_pi,4.000000,4,,,,0.912281,0.122807,78.947368,0.913462,0.136905,0.190476,0.137931,0.266373,3b2add5,908ec315b229
92edcd2b2309,2026-09-23T22:42:41+00:00,s3,breast_cancer,quantum_net,circuit_tamper,rx_half_pi,8.000000,4,,,,0.912281,0.131579,78.070175,0.923077,0.178571,0.357143,0.232558,0.262849,3b2add5,beed0024e489
b214afbcc358,2026-09-23T22:42:42+00:00,s3,breast_cancer,quantum_net,circuit_tamper,rx_half_pi,16.000000,4,,,,0.912281,0.307018,60.526316,0.730769,0.416667,0.833333,0.469799,0.301946,3b2add5,8c083220ed8b
6190e167e973,2026-09-23T22:42:44+00:00,s3,wine,quantum_net,circuit_tamper,rx_half_pi,0.000000,0,,,,0.944444,0.944444,0.000000,,0.948413,0.948413,0.948413,2.613406,3b2add5,da664021a32c
78c4727a72b1,2026-09-23T22:42:44+00:00,s3,wine,quantum_net,circuit_tamper,rx_half_pi,1.000000,0,,,,0.944444,0.888889,5.555556,0.058824,0.892857,0.892857,0.894949,0.102187,3b2add5,4fb5475ebdaf
e72bb0318da9,2026-09-23T22:42:45+00:00,s3,wine,quantum_net,circuit_tamper,rx_half_pi,2.000000,0,,,,0.944444,0.888889,5.555556,0.058824,0.892857,0.892857,0.894949,0.149890,3b2add5,e2ea2f7b76bb
f0fc7736e41a,2026-09-23T22:42:45+00:00,s3,wine,quantum_net,circuit_tamper,rx_half_pi,4.000000,0,,,,0.944444,0.388889,55.555556,0.617647,0.333333,0.333333,0.207407,0.094881,3b2add5,ec9e8404f20e
0434ff2b27cf,2026-09-23T22:42:45+00:00,s3,wine,quantum_net,circuit_tamper,rx_half_pi,8.000000,0,,,,0.944444,0.388889,55.555556,0.617647,0.333333,0.333333,0.227642,0.098539,3b2add5,140d027ebdf5
7511ce00f688,2026-09-23T22:42:45+00:00,s3,wine,quantum_net,circuit_tamper,rx_half_pi,16.000000,0,,,,0.944444,0.416667,52.777778,0.588235,0.361111,0.361111,0.241758,0.320015,3b2add5,7d0e3bf91a57
f443aa4dd754,2026-09-23T22:42:47+00:00,s3,wine,quantum_net,circuit_tamper,rx_half_pi,0.000000,1,,,,0.916667,0.916667,0.000000,,0.915079,0.915079,0.920196,3.109663,3b2add5,da664021a32c
7911737424ca,2026-09-23T22:42:47+00:00,s3,wine,quantum_net,circuit_tamper,rx_half_pi,1.000000,1,,,,0.916667,0.944444,-2.777778,0.000000,0.938889,0.938889,0.945741,0.100495,3b2add5,4fb5475ebdaf
7f511e75d320,2026-09-23T22:42:47+00:00,s3,wine,quantum_net,circuit_tamper,rx_half_pi,2.000000,1,,,,0.916667,0.972222,-5.555556,0.000000,0.966667,0.966667,0.970962,0.147616,3b2add5,e2ea2f7b76bb
6d51a6c89cfb,2026-09-23T22:42:48+00:00,s3,wine,quantum_net,circuit_tamper,rx_half_pi,4.000000,1,,,,0.916667,0.527778,38.888889,0.454545,0.472222,0.472222,0.403486,0.155158,3b2add5,ec9e8404f20e
2523057969b4,2026-09-23T22:42:48+00:00,s3,wine,quantum_net,circuit_tamper,rx_half_pi,8.000000,1,,,,0.916667,0.388889,52.777778,0.606061,0.333333,0.333333,0.194444,0.145782,3b2add5,140d027ebdf5
5d48338a6f6e,2026-09-23T22:42:48+00:00,s3,wine,quantum_net,circuit_tamper,rx_half_pi,16.000000,1,,,,0.916667,0.416667,50.000000,0.606061,0.366667,0.366667,0.251082,0.102515,3b2add5,7d0e3bf91a57
4c74ab151963,2026-09-23T22:42:51+00:00,s3,wine,quantum_net,circuit_tamper,rx_half_pi,0.000000,2,,,,0.944444,0.944444,0.000000,,0.948413,0.948413,0.948413,3.282385,3b2add5,da664021a32c
d86022f25cae,2026-09-23T22:42:51+00:00,s3,wine,quantum_net,circuit_tamper,rx_half_pi,1.000000,2,,,,0.944444,0.888889,5.555556,0.088235,0.904762,0.904762,0.896825,0.108404,3b2add5,4fb5475ebdaf
77995a2dd065,2026-09-23T22:42:51+00:00,s3,wine,quantum_net,circuit_tamper,rx_half_pi,2.000000,2,,,,0.944444,0.916667,2.777778,0.029412,0.924603,0.924603,0.922963,0.106654,3b2add5,e2ea2f7b76bb
54875ec8c2f0,2026-09-23T22:42:51+00:00,s3,wine,quantum_net,circuit_tamper,rx_half_pi,4.000000,2,,,,0.944444,0.527778,41.666667,0.470588,0.513492,0.513492,0.463274,0.108667,3b2add5,ec9e8404f20e
3c35504dffdb,2026-09-23T22:42:52+00:00,s3,wine,quantum_net,circuit_tamper,rx_half_pi,8.000000,2,,,,0.944444,0.472222,47.222222,0.529412,0.433333,0.433333,0.356745,0.093217,3b2add5,140d027ebdf5
88ef1c83ff9b,2026-09-23T22:42:52+00:00,s3,wine,quantum_net,circuit_tamper,rx_half_pi,16.000000,2,,,,0.944444,0.333333,61.111111,0.676471,0.285714,0.285714,0.166667,0.095933,3b2add5,7d0e3bf91a57
4ee50de9fc18,2026-09-23T22:42:55+00:00,s3,wine,quantum_net,circuit_tamper,rx_half_pi,0.000000,3,,,,0.972222,0.972222,0.000000,,0.972222,0.972222,0.974013,2.997225,3b2add5,da664021a32c
ebb6406abaef,2026-09-23T22:42:55+00:00,s3,wine,quantum_net,circuit_tamper,rx_half_pi,1.000000,3,,,,0.972222,0.500000,47.222222,0.485714,0.476190,0.476190,0.388889,0.133905,3b2add5,4fb5475ebdaf
39ab75cbb8a9,2026-09-23T22:42:55+00:00,s3,wine,quantum_net,circuit_tamper,rx_half_pi,2.000000,3,,,,0.972222,0.416667,55.555556,0.571429,0.366667,0.366667,0.251082,0.130514,3b2add5,e2ea2f7b76bb
8d1122b8b2e2,2026-09-23T22:42:55+00:00,s3,wine,quantum_net,circuit_tamper,rx_half_pi,4.000000,3,,,,0.972222,0.444444,52.777778,0.571429,0.392857,0.392857,0.310240,0.125392,3b2add5,ec9e8404f20e
bb25842dc7c0,2026-09-23T22:42:55+00:00,s3,wine,quantum_net,circuit_tamper,rx_half_pi,8.000000,3,,,,0.972222,0.305556,66.666667,0.685714,0.285714,0.285714,0.281609,0.100591,3b2add5,140d027ebdf5
00e10bb937f4,2026-09-23T22:42:55+00:00,s3,wine,quantum_net,circuit_tamper,rx_half_pi,16.000000,3,,,,0.972222,0.027778,94.444444,0.971429,0.023810,0.023810,0.019608,0.103437,3b2add5,7d0e3bf91a57
99f7c1b29126,2026-09-23T22:42:59+00:00,s3,wine,quantum_net,circuit_tamper,rx_half_pi,0.000000,4,,,,0.916667,0.916667,0.000000,,0.924603,0.924603,0.919312,3.298688,3b2add5,da664021a32c
bff9c62a23ed,2026-09-23T22:42:59+00:00,s3,wine,quantum_net,circuit_tamper,rx_half_pi,1.000000,4,,,,0.916667,0.916667,0.000000,0.030303,0.919048,0.919048,0.916296,0.115276,3b2add5,4fb5475ebdaf
5e7b6582c877,2026-09-23T22:42:59+00:00,s3,wine,quantum_net,circuit_tamper,rx_half_pi,2.000000,4,,,,0.916667,0.750000,16.666667,0.212121,0.768254,0.768254,0.752077,0.106812,3b2add5,e2ea2f7b76bb
5e7dee531356,2026-09-23T22:42:59+00:00,s3,wine,quantum_net,circuit_tamper,rx_half_pi,4.000000,4,,,,0.916667,0.611111,30.555556,0.393939,0.604762,0.604762,0.609336,0.110567,3b2add5,ec9e8404f20e
be7ee5ee0076,2026-09-23T22:42:59+00:00,s3,wine,quantum_net,circuit_tamper,rx_half_pi,8.000000,4,,,,0.916667,0.222222,69.444444,0.787879,0.190476,0.190476,0.190476,0.145646,3b2add5,140d027ebdf5
ac3353d856c1,2026-09-23T22:42:59+00:00,s3,wine,quantum_net,circuit_tamper,rx_half_pi,16.000000,4,,,,0.916667,0.194444,72.222222,0.818182,0.176190,0.176190,0.168248,0.106779,3b2add5,7d0e3bf91a57
c8a815442b98,2026-09-23T22:43:13+00:00,s3,breast_cancer,quantum_net,shot_bias,forged_bitstring,0.000000,0,,,,0.912281,0.912281,0.000000,,0.920635,0.952381,0.888889,10.307336,3b2add5,89e9d477e021
daf6366a4813,2026-09-23T22:43:14+00:00,s3,breast_cancer,quantum_net,shot_bias,forged_bitstring,0.050000,0,,,,0.912281,0.885965,2.631579,0.096154,0.850198,0.714286,0.821918,0.275590,3b2add5,7411bbf03a1d
225d3b4c40b5,2026-09-23T22:43:14+00:00,s3,breast_cancer,quantum_net,shot_bias,forged_bitstring,0.100000,0,,,,0.912281,0.780702,13.157895,0.221154,0.702381,0.404762,0.576271,0.277898,3b2add5,45616105b5ae
b6f53cc44249,2026-09-23T22:43:14+00:00,s3,breast_cancer,quantum_net,shot_bias,forged_bitstring,0.200000,0,,,,0.912281,0.640351,27.192982,0.375000,0.511905,0.023810,0.046512,0.440597,3b2add5,80db9f1dc101
81ffdc4e528e,2026-09-23T22:43:15+00:00,s3,breast_cancer,quantum_net,shot_bias,forged_bitstring,0.300000,0,,,,0.912281,0.631579,28.070175,0.384615,0.500000,0.000000,0.000000,0.258528,3b2add5,6f7cf0ff7b38
4665aef6a80e,2026-09-23T22:43:15+00:00,s3,breast_cancer,quantum_net,shot_bias,forged_bitstring,0.400000,0,,,,0.912281,0.631579,28.070175,0.384615,0.500000,0.000000,0.000000,0.303839,3b2add5,9a4dba111945
08365e6d8bd6,2026-09-23T22:43:23+00:00,s3,breast_cancer,quantum_net,shot_bias,forged_bitstring,0.000000,1,,,,0.938596,0.938596,0.000000,,0.921627,0.857143,0.911392,9.463843,3b2add5,89e9d477e021
84d17ac79c7d,2026-09-23T22:43:24+00:00,s3,breast_cancer,quantum_net,shot_bias,forged_bitstring,0.050000,1,,,,0.938596,0.868421,7.017544,0.084112,0.821429,0.642857,0.782609,0.287002,3b2add5,7411bbf03a1d
e478f1f3b45a,2026-09-23T22:43:24+00:00,s3,breast_cancer,quantum_net,shot_bias,forged_bitstring,0.100000,1,,,,0.938596,0.719298,21.929825,0.242991,0.619048,0.238095,0.384615,0.265767,3b2add5,45616105b5ae
873cba733c4c,2026-09-23T22:43:24+00:00,s3,breast_cancer,quantum_net,shot_bias,forged_bitstring,0.200000,1,,,,0.938596,0.640351,29.824561,0.327103,0.511905,0.023810,0.046512,0.269043,3b2add5,80db9f1dc101
e0e6589b4d98,2026-09-23T22:43:25+00:00,s3,breast_cancer,quantum_net,shot_bias,forged_bitstring,0.300000,1,,,,0.938596,0.631579,30.701754,0.336449,0.500000,0.000000,0.000000,0.349550,3b2add5,6f7cf0ff7b38
802172ea78a7,2026-09-23T22:43:25+00:00,s3,breast_cancer,quantum_net,shot_bias,forged_bitstring,0.400000,1,,,,0.938596,0.631579,30.701754,0.336449,0.500000,0.000000,0.000000,0.751605,3b2add5,9a4dba111945
6bf060fb2852,2026-09-23T22:43:35+00:00,s3,breast_cancer,quantum_net,shot_bias,forged_bitstring,0.000000,2,,,,0.938596,0.938596,0.000000,,0.936508,0.928571,0.917647,9.778948,3b2add5,89e9d477e021
f92b2549205e,2026-09-23T22:43:35+00:00,s3,breast_cancer,quantum_net,shot_bias,forged_bitstring,0.050000,2,,,,0.938596,0.842105,9.649123,0.140187,0.785714,0.571429,0.727273,0.343513,3b2add5,7411bbf03a1d
1279b4ef18fc,2026-09-23T22:43:36+00:00,s3,breast_cancer,quantum_net,shot_bias,forged_bitstring,0.100000,2,,,,0.938596,0.675439,26.315789,0.317757,0.559524,0.119048,0.212766,0.276302,3b2add5,45616105b5ae
5a04156552c7,2026-09-23T22:43:36+00:00,s3,breast_cancer,quantum_net,shot_bias,forged_bitstring,0.200000,2,,,,0.938596,0.631579,30.701754,0.364486,0.500000,0.000000,0.000000,0.264477,3b2add5,80db9f1dc101
ff64d0ce719e,2026-09-23T22:43:36+00:00,s3,breast_cancer,quantum_net,shot_bias,forged_bitstring,0.300000,2,,,,0.938596,0.631579,30.701754,0.364486,0.500000,0.000000,0.000000,0.256489,3b2add5,6f7cf0ff7b38
c6b4f0a587a9,2026-09-23T22:43:36+00:00,s3,breast_cancer,quantum_net,shot_bias,forged_bitstring,0.400000,2,,,,0.938596,0.631579,30.701754,0.364486,0.500000,0.000000,0.000000,0.263591,3b2add5,9a4dba111945
2fb6db3e8554,2026-09-23T22:43:46+00:00,s3,breast_cancer,quantum_net,shot_bias,forged_bitstring,0.000000,3,,,,0.912281,0.912281,0.000000,,0.890873,0.809524,0.871795,9.146111,3b2add5,89e9d477e021
b9994c9e4708,2026-09-23T22:43:46+00:00,s3,breast_cancer,quantum_net,shot_bias,forged_bitstring,0.050000,3,,,,0.912281,0.815789,9.649123,0.115385,0.754960,0.523810,0.676923,0.279734,3b2add5,7411bbf03a1d
64399ff170e1,2026-09-23T22:43:46+00:00,s3,breast_cancer,quantum_net,shot_bias,forged_bitstring,0.100000,3,,,,0.912281,0.754386,15.789474,0.182692,0.671627,0.357143,0.517241,0.286094,3b2add5,45616105b5ae
af2013dd87f9,2026-09-23T22:43:47+00:00,s3,breast_cancer,quantum_net,shot_bias,forged_bitstring,0.200000,3,,,,0.912281,0.657895,25.438596,0.298077,0.535714,0.071429,0.133333,0.349328,3b2add5,80db9f1dc101
5b0489108abf,2026-09-23T22:43:47+00:00,s3,breast_cancer,quantum_net,shot_bias,forged_bitstring,0.300000,3,,,,0.912281,0.631579,28.070175,0.326923,0.500000,0.000000,0.000000,0.258547,3b2add5,6f7cf0ff7b38
e4dfd18b13a4,2026-09-23T22:43:47+00:00,s3,breast_cancer,quantum_net,shot_bias,forged_bitstring,0.400000,3,,,,0.912281,0.631579,28.070175,0.326923,0.500000,0.000000,0.000000,0.234874,3b2add5,9a4dba111945
386e9f98fc84,2026-09-23T22:43:55+00:00,s3,breast_cancer,quantum_net,shot_bias,forged_bitstring,0.000000,4,,,,0.912281,0.912281,0.000000,,0.895833,0.833333,0.875000,9.381627,3b2add5,89e9d477e021
530a24aa015e,2026-09-23T22:43:56+00:00,s3,breast_cancer,quantum_net,shot_bias,forged_bitstring,0.050000,4,,,,0.912281,0.877193,3.508772,0.067308,0.833333,0.666667,0.800000,0.256393,3b2add5,7411bbf03a1d
988d81b2f123,2026-09-23T22:43:56+00:00,s3,breast_cancer,quantum_net,shot_bias,forged_bitstring,0.100000,4,,,,0.912281,0.745614,16.666667,0.211538,0.654762,0.309524,0.472727,0.277774,3b2add5,45616105b5ae
1af7366e87a7,2026-09-23T22:43:56+00:00,s3,breast_cancer,quantum_net,shot_bias,forged_bitstring,0.200000,4,,,,0.912281,0.649123,26.315789,0.317308,0.523810,0.047619,0.090909,0.548027,3b2add5,80db9f1dc101
8739f6097d02,2026-09-23T22:43:57+00:00,s3,breast_cancer,quantum_net,shot_bias,forged_bitstring,0.300000,4,,,,0.912281,0.631579,28.070175,0.336538,0.500000,0.000000,0.000000,0.314835,3b2add5,6f7cf0ff7b38
8e02e72fc3f8,2026-09-23T22:43:57+00:00,s3,breast_cancer,quantum_net,shot_bias,forged_bitstring,0.400000,4,,,,0.912281,0.631579,28.070175,0.336538,0.500000,0.000000,0.000000,0.240396,3b2add5,9a4dba111945
c4b6e9210a84,2026-09-23T22:44:00+00:00,s3,wine,quantum_net,shot_bias,forged_bitstring,0.000000,0,,,,0.944444,0.944444,0.000000,,0.948413,0.948413,0.948413,2.669611,3b2add5,e53dddb2b35a
ed29ffbb568a,2026-09-23T22:44:00+00:00,s3,wine,quantum_net,shot_bias,forged_bitstring,0.050000,0,,,,0.944444,0.972222,-2.777778,0.000000,0.976190,0.976190,0.974321,0.094238,3b2add5,6a7ca5d27f52
7084781c8f33,2026-09-23T22:44:00+00:00,s3,wine,quantum_net,shot_bias,forged_bitstring,0.100000,0,,,,0.944444,0.888889,5.555556,0.088235,0.904762,0.904762,0.896825,0.101686,3b2add5,2dc40b027937
a2535b6cb259,2026-09-23T22:44:00+00:00,s3,wine,quantum_net,shot_bias,forged_bitstring,0.200000,0,,,,0.944444,0.638889,30.555556,0.352941,0.680952,0.680952,0.616443,0.120287,3b2add5,9e84ab23f597
06d536955d36,2026-09-23T22:44:00+00:00,s3,wine,quantum_net,shot_bias,forged_bitstring,0.300000,0,,,,0.944444,0.500000,44.444444,0.500000,0.533333,0.533333,0.460526,0.103022,3b2add5,585936e78ce2
f50b0bad8aaa,2026-09-23T22:44:00+00:00,s3,wine,quantum_net,shot_bias,forged_bitstring,0.400000,0,,,,0.944444,0.333333,61.111111,0.676471,0.333333,0.333333,0.190476,0.094045,3b2add5,0992982d5113
95183d66036a,2026-09-23T22:44:03+00:00,s3,wine,quantum_net,shot_bias,forged_bitstring,0.000000,1,,,,0.916667,0.916667,0.000000,,0.915079,0.915079,0.920196,3.161206,3b2add5,e53dddb2b35a
5186fbfeecc8,2026-09-23T22:44:04+00:00,s3,wine,quantum_net,shot_bias,forged_bitstring,0.050000,1,,,,0.916667,0.861111,5.555556,0.090909,0.871429,0.871429,0.868170,0.282125,3b2add5,6a7ca5d27f52
1d4bc9785b12,2026-09-23T22:44:04+00:00,s3,wine,quantum_net,shot_bias,forged_bitstring,0.100000,1,,,,0.916667,0.777778,13.888889,0.181818,0.800000,0.800000,0.785975,0.228557,3b2add5,2dc40b027937
e9e2ef3847d1,2026-09-23T22:44:04+00:00,s3,wine,quantum_net,shot_bias,forged_bitstring,0.200000,1,,,,0.916667,0.527778,38.888889,0.454545,0.566667,0.566667,0.479638,0.163086,3b2add5,9e84ab23f597
e3d4fe5e5fea,2026-09-23T22:44:04+00:00,s3,wine,quantum_net,shot_bias,forged_bitstring,0.300000,1,,,,0.916667,0.361111,55.555556,0.636364,0.366667,0.366667,0.242424,0.116230,3b2add5,585936e78ce2
41a148716ea0,2026-09-23T22:44:04+00:00,s3,wine,quantum_net,shot_bias,forged_bitstring,0.400000,1,,,,0.916667,0.333333,58.333333,0.666667,0.333333,0.333333,0.166667,0.107893,3b2add5,0992982d5113
73a789616c30,2026-09-23T22:44:07+00:00,s3,wine,quantum_net,shot_bias,forged_bitstring,0.000000,2,,,,0.944444,0.944444,0.000000,,0.948413,0.948413,0.948413,2.951788,3b2add5,e53dddb2b35a
638b63e47b8e,2026-09-23T22:44:07+00:00,s3,wine,quantum_net,shot_bias,forged_bitstring,0.050000,2,,,,0.944444,0.888889,5.555556,0.058824,0.891270,0.891270,0.894837,0.104398,3b2add5,6a7ca5d27f52
25eb89c4f112,2026-09-23T22:44:07+00:00,s3,wine,quantum_net,shot_bias,forged_bitstring,0.100000,2,,,,0.944444,0.833333,11.111111,0.147059,0.847619,0.847619,0.841652,0.107930,3b2add5,2dc40b027937
7a45f67d3086,2026-09-23T22:44:08+00:00,s3,wine,quantum_net,shot_bias,forged_bitstring,0.200000,2,,,,0.944444,0.583333,36.111111,0.411765,0.604762,0.604762,0.573810,0.097189,3b2add5,9e84ab23f597
11c05881084a,2026-09-23T22:44:08+00:00,s3,wine,quantum_net,shot_bias,forged_bitstring,0.300000,2,,,,0.944444,0.388889,55.555556,0.617647,0.390476,0.390476,0.292352,0.090977,3b2add5,585936e78ce2
436077e09738,2026-09-23T22:44:08+00:00,s3,wine,quantum_net,shot_bias,forged_bitstring,0.400000,2,,,,0.944444,0.333333,61.111111,0.676471,0.333333,0.333333,0.173913,0.095559,3b2add5,0992982d5113
a7557ad9ee50,2026-09-23T22:44:11+00:00,s3,wine,quantum_net,shot_bias,forged_bitstring,0.000000,3,,,,0.972222,0.972222,0.000000,,0.972222,0.972222,0.974013,2.809760,3b2add5,e53dddb2b35a
1f0045f1e335,2026-09-23T22:44:11+00:00,s3,wine,quantum_net,shot_bias,forged_bitstring,0.050000,3,,,,0.972222,1.000000,-2.777778,0.000000,1.000000,1.000000,1.000000,0.158727,3b2add5,6a7ca5d27f52
b5f375983baf,2026-09-23T22:44:11+00:00,s3,wine,quantum_net,shot_bias,forged_bitstring,0.100000,3,,,,0.972222,1.000000,-2.777778,0.000000,1.000000,1.000000,1.000000,0.103032,3b2add5,2dc40b027937
5cfd5b390b0b,2026-09-23T22:44:11+00:00,s3,wine,quantum_net,shot_bias,forged_bitstring,0.200000,3,,,,0.972222,0.722222,25.000000,0.285714,0.733333,0.733333,0.727019,0.094444,3b2add5,9e84ab23f597
1ddffc62cf4c,2026-09-23T22:44:11+00:00,s3,wine,quantum_net,shot_bias,forged_bitstring,0.300000,3,,,,0.972222,0.500000,47.222222,0.514286,0.523810,0.523810,0.461438,0.095166,3b2add5,585936e78ce2
d3abf1da1b76,2026-09-23T22:44:11+00:00,s3,wine,quantum_net,shot_bias,forged_bitstring,0.400000,3,,,,0.972222,0.333333,63.888889,0.685714,0.333333,0.333333,0.177778,0.144007,3b2add5,0992982d5113
d60c7e8b18ee,2026-09-23T22:44:14+00:00,s3,wine,quantum_net,shot_bias,forged_bitstring,0.000000,4,,,,0.916667,0.916667,0.000000,,0.924603,0.924603,0.919312,3.039780,3b2add5,e53dddb2b35a
ab8f90acd0c4,2026-09-23T22:44:14+00:00,s3,wine,quantum_net,shot_bias,forged_bitstring,0.050000,4,,,,0.916667,0.944444,-2.777778,0.000000,0.952381,0.952381,0.945153,0.137350,3b2add5,6a7ca5d27f52
d838cd0d549f,2026-09-23T22:44:14+00:00,s3,wine,quantum_net,shot_bias,forged_bitstring,0.100000,4,,,,0.916667,0.833333,8.333333,0.121212,0.857143,0.857143,0.835747,0.121259,3b2add5,2dc40b027937
2229ccc7ffcb,2026-09-23T22:44:15+00:00,s3,wine,quantum_net,shot_bias,forged_bitstring,0.200000,4,,,,0.916667,0.638889,27.777778,0.333333,0.690476,0.690476,0.593994,0.098100,3b2add5,9e84ab23f597
1360e97c357d,2026-09-23T22:44:15+00:00,s3,wine,quantum_net,shot_bias,forged_bitstring,0.300000,4,,,,0.916667,0.555556,36.111111,0.424242,0.600000,0.600000,0.501425,0.122865,3b2add5,585936e78ce2
881b88315684,2026-09-23T22:44:15+00:00,s3,wine,quantum_net,shot_bias,forged_bitstring,0.400000,4,,,,0.916667,0.388889,52.777778,0.606061,0.400000,0.400000,0.285024,0.100047,3b2add5,0992982d5113
6f40ffc93e38,2026-09-23T22:44:31+00:00,s3,breast_cancer,quantum_net,noise,depolarizing_readout,0.000000,0,,,,0.912281,0.912281,0.000000,,0.920635,0.952381,0.888889,13.312627,3b2add5,18d07b95e591
6fbb9421087f,2026-09-23T22:44:33+00:00,s3,breast_cancer,quantum_net,noise,depolarizing_readout,0.005000,0,,,,0.912281,0.929825,-1.754386,0.028846,0.924603,0.904762,0.904762,2.298288,3b2add5,6b759e8d6ec5
701b909feb4e,2026-09-23T22:44:35+00:00,s3,breast_cancer,quantum_net,noise,depolarizing_readout,0.010000,0,,,,0.912281,0.921053,-0.877193,0.038462,0.917659,0.904762,0.894118,1.283154,3b2add5,1a106a19bcc1
47af9820edc3,2026-09-23T22:44:36+00:00,s3,breast_cancer,quantum_net,noise,depolarizing_readout,0.020000,0,,,,0.912281,0.912281,0.000000,0.048077,0.910714,0.904762,0.883721,1.553731,3b2add5,ca1d1f99c1fe
c12c9c605fd0,2026-09-23T22:44:37+00:00,s3,breast_cancer,quantum_net,noise,depolarizing_readout,0.050000,0,,,,0.912281,0.842105,7.017544,0.125000,0.860119,0.928571,0.812500,1.102468,3b2add5,7c437680dc8d
896a37b22af7,2026-09-23T22:44:38+00:00,s3,breast_cancer,quantum_net,noise,depolarizing_readout,0.100000,0,,,,0.912281,0.736842,17.543860,0.240385,0.786706,0.976190,0.732143,1.233078,3b2add5,da9cf6d1dc37
37e92bd16151,2026-09-23T22:44:48+00:00,s3,breast_cancer,quantum_net,noise,depolarizing_readout,0.000000,1,,,,0.938596,0.938596,0.000000,,0.921627,0.857143,0.911392,9.851625,3b2add5,18d07b95e591
3ee34b0ac46d,2026-09-23T22:44:49+00:00,s3,breast_cancer,quantum_net,noise,depolarizing_readout,0.005000,1,,,,0.938596,0.956140,-1.754386,0.028037,0.950397,0.928571,0.939759,1.070588,3b2add5,6b759e8d6ec5
1be30cc2f9dc,2026-09-23T22:44:50+00:00,s3,breast_cancer,quantum_net,noise,depolarizing_readout,0.010000,1,,,,0.938596,0.929825,0.877193,0.037383,0.914683,0.857143,0.900000,1.074272,3b2add5,1a106a19bcc1
f26e53666207,2026-09-23T22:44:52+00:00,s3,breast_cancer,quantum_net,noise,depolarizing_readout,0.020000,1,,,,0.938596,0.929825,0.877193,0.046729,0.929563,0.928571,0.906977,1.401795,3b2add5,ca1d1f99c1fe
7bfb99497e48,2026-09-23T22:44:52+00:00,s3,breast_cancer,quantum_net,noise,depolarizing_readout,0.050000,1,,,,0.938596,0.921053,1.754386,0.065421,0.927579,0.952381,0.898876,1.500633,3b2add5,7c437680dc8d
08c247c159ae,2026-09-23T22:44:53+00:00,s3,breast_cancer,quantum_net,noise,depolarizing_readout,0.100000,1,,,,0.938596,0.789474,14.912281,0.205607,0.813492,0.904762,0.760000,1.040370,3b2add5,da9cf6d1dc37
b5bedbcbc199,2026-09-23T22:45:04+00:00,s3,breast_cancer,quantum_net,noise,depolarizing_readout,0.000000,2,,,,0.938596,0.938596,0.000000,,0.936508,0.928571,0.917647,10.924005,3b2add5,18d07b95e591
a396f7e54a40,2026-09-23T22:45:05+00:00,s3,breast_cancer,quantum_net,noise,depolarizing_readout,0.005000,2,,,,0.938596,0.903509,3.508772,0.046729,0.898810,0.880952,0.870588,1.091012,3b2add5,6b759e8d6ec5
55627a57340d,2026-09-23T22:45:06+00:00,s3,breast_cancer,quantum_net,noise,depolarizing_readout,0.010000,2,,,,0.938596,0.894737,4.385965,0.056075,0.891865,0.880952,0.860465,1.136647,3b2add5,1a106a19bcc1
1aad0f9c1f76,2026-09-23T22:45:08+00:00,s3,breast_cancer,quantum_net,noise,depolarizing_readout,0.020000,2,,,,0.938596,0.877193,6.140351,0.074766,0.877976,0.880952,0.840909,1.071734,3b2add5,ca1d1f99c1fe
4506e7f575d2,2026-09-23T22:45:09+00:00,s3,breast_cancer,quantum_net,noise,depolarizing_readout,0.050000,2,,,,0.938596,0.807018,13.157895,0.158879,0.817460,0.857143,0.765957,1.222020,3b2add5,7c437680dc8d
dac6e8ceb459,2026-09-23T22:45:10+00:00,s3,breast_cancer,quantum_net,noise,depolarizing_readout,0.100000,2,,,,0.938596,0.710526,22.807018,0.261682,0.750992,0.904762,0.697248,1.573258,3b2add5,da9cf6d1dc37
bf8a7dc73a5b,2026-09-23T22:45:20+00:00,s3,breast_cancer,quantum_net,noise,depolarizing_readout,0.000000,3,,,,0.912281,0.912281,0.000000,,0.890873,0.809524,0.871795,9.450976,3b2add5,18d07b95e591
e3b880734e9d,2026-09-23T22:45:21+00:00,s3,breast_cancer,quantum_net,noise,depolarizing_readout,0.005000,3,,,,0.912281,0.929825,-1.754386,0.028846,0.919643,0.880952,0.902439,1.347812,3b2add5,6b759e8d6ec5
039f61a6ed0a,2026-09-23T22:45:23+00:00,s3,breast_cancer,quantum_net,noise,depolarizing_readout,0.010000,3,,,,0.912281,0.938596,-2.631579,0.028846,0.931548,0.904762,0.915663,1.505781,3b2add5,1a106a19bcc1
ef1390703b4b,2026-09-23T22:45:23+00:00,s3,breast_cancer,quantum_net,noise,depolarizing_readout,0.020000,3,,,,0.912281,0.938596,-2.631579,0.028846,0.931548,0.904762,0.915663,1.156409,3b2add5,ca1d1f99c1fe
e06ae9ab27ba,2026-09-23T22:45:24+00:00,s3,breast_cancer,quantum_net,noise,depolarizing_readout,0.050000,3,,,,0.912281,0.903509,0.877193,0.096154,0.913690,0.952381,0.879121,1.289036,3b2add5,7c437680dc8d
0c3d6baf9811,2026-09-23T22:45:25+00:00,s3,breast_cancer,quantum_net,noise,depolarizing_readout,0.100000,3,,,,0.912281,0.754386,15.789474,0.250000,0.805556,1.000000,0.750000,1.043994,3b2add5,da9cf6d1dc37
ab3dfac69fdd,2026-09-23T22:45:34+00:00,s3,breast_cancer,quantum_net,noise,depolarizing_readout,0.000000,4,,,,0.912281,0.912281,0.000000,,0.895833,0.833333,0.875000,9.365791,3b2add5,18d07b95e591
eaffd769ead9,2026-09-23T22:45:36+00:00,s3,breast_cancer,quantum_net,noise,depolarizing_readout,0.005000,4,,,,0.912281,0.885965,2.631579,0.048077,0.865079,0.785714,0.835443,1.090637,3b2add5,6b759e8d6ec5
831329f40afb,2026-09-23T22:45:37+00:00,s3,breast_cancer,quantum_net,noise,depolarizing_readout,0.010000,4,,,,0.912281,0.894737,1.754386,0.048077,0.872024,0.785714,0.846154,1.074400,3b2add5,1a106a19bcc1
2b8233b3ad97,2026-09-23T22:45:38+00:00,s3,breast_cancer,quantum_net,noise,depolarizing_readout,0.020000,4,,,,0.912281,0.894737,1.754386,0.038462,0.886905,0.857143,0.857143,1.052500,3b2add5,ca1d1f99c1fe
75654967dce5,2026-09-23T22:45:39+00:00,s3,breast_cancer,quantum_net,noise,depolarizing_readout,0.050000,4,,,,0.912281,0.833333,7.894737,0.096154,0.828373,0.809524,0.781609,1.347872,3b2add5,7c437680dc8d
05bfeaa90e26,2026-09-23T22:45:40+00:00,s3,breast_cancer,quantum_net,noise,depolarizing_readout,0.100000,4,,,,0.912281,0.763158,14.912281,0.211538,0.797619,0.928571,0.742857,1.460243,3b2add5,da9cf6d1dc37
07bdb2014c7a,2026-09-23T22:45:43+00:00,s3,wine,quantum_net,noise,depolarizing_readout,0.000000,0,,,,0.944444,0.944444,0.000000,,0.948413,0.948413,0.948413,2.985229,3b2add5,a576476f496d
d57ec20a1286,2026-09-23T22:45:44+00:00,s3,wine,quantum_net,noise,depolarizing_readout,0.005000,0,,,,0.944444,0.972222,-2.777778,0.000000,0.976190,0.976190,0.974321,0.315342,3b2add5,85f7117ad195
4243a82e0615,2026-09-23T22:45:44+00:00,s3,wine,quantum_net,noise,depolarizing_readout,0.010000,0,,,,0.944444,0.972222,-2.777778,0.000000,0.976190,0.976190,0.974321,0.337147,3b2add5,e4073f5f60eb
b655f6d30083,2026-09-23T22:45:44+00:00,s3,wine,quantum_net,noise,depolarizing_readout,0.020000,0,,,,0.944444,0.944444,0.000000,0.029412,0.948413,0.948413,0.948413,0.327593,3b2add5,829773d6f075
a265e4ebd715,2026-09-23T22:45:45+00:00,s3,wine,quantum_net,noise,depolarizing_readout,0.050000,0,,,,0.944444,0.888889,5.555556,0.058824,0.892857,0.892857,0.894949,0.330380,3b2add5,e19adf8431a2
1dd0f07c9281,2026-09-23T22:45:45+00:00,s3,wine,quantum_net,noise,depolarizing_readout,0.100000,0,,,,0.944444,0.638889,30.555556,0.352941,0.627778,0.627778,0.575221,0.347028,3b2add5,e528fddf838f
606230939839,2026-09-23T22:45:48+00:00,s3,wine,quantum_net,noise,depolarizing_readout,0.000000,1,,,,0.916667,0.916667,0.000000,,0.915079,0.915079,0.920196,2.951980,3b2add5,a576476f496d
7761bb67f97f,2026-09-23T22:45:49+00:00,s3,wine,quantum_net,noise,depolarizing_readout,0.005000,1,,,,0.916667,0.944444,-2.777778,0.000000,0.938889,0.938889,0.945741,0.432204,3b2add5,85f7117ad195
de8c7270866c,2026-09-23T22:45:49+00:00,s3,wine,quantum_net,noise,depolarizing_readout,0.010000,1,,,,0.916667,0.944444,-2.777778,0.000000,0.938889,0.938889,0.945741,0.542664,3b2add5,e4073f5f60eb
865e0b45400b,2026-09-23T22:45:49+00:00,s3,wine,quantum_net,noise,depolarizing_readout,0.020000,1,,,,0.916667,0.944444,-2.777778,0.000000,0.938889,0.938889,0.945741,0.375426,3b2add5,829773d6f075
1a78818d5fad,2026-09-23T22:45:50+00:00,s3,wine,quantum_net,noise,depolarizing_readout,0.050000,1,,,,0.916667,0.916667,0.000000,0.030303,0.911111,0.911111,0.919895,0.324889,3b2add5,e19adf8431a2
4067baf4606f,2026-09-23T22:45:50+00:00,s3,wine,quantum_net,noise,depolarizing_readout,0.100000,1,,,,0.916667,0.611111,30.555556,0.363636,0.561111,0.561111,0.528442,0.338821,3b2add5,e528fddf838f
4b24f8ec4227,2026-09-23T22:45:53+00:00,s3,wine,quantum_net,noise,depolarizing_readout,0.000000,2,,,,0.944444,0.944444,0.000000,,0.948413,0.948413,0.948413,2.918913,3b2add5,a576476f496d
e4a2987c63ec,2026-09-23T22:45:53+00:00,s3,wine,quantum_net,noise,depolarizing_readout,0.005000,2,,,,0.944444,0.916667,2.777778,0.029412,0.915079,0.915079,0.920196,0.343981,3b2add5,85f7117ad195
93755444852d,2026-09-23T22:45:54+00:00,s3,wine,quantum_net,noise,depolarizing_readout,0.010000,2,,,,0.944444,0.916667,2.777778,0.029412,0.915079,0.915079,0.920196,0.505832,3b2add5,e4073f5f60eb
f98c7fd77885,2026-09-23T22:45:53+00:00,s3,wine,quantum_net,noise,depolarizing_readout,0.020000,2,,,,0.944444,0.916667,2.777778,0.029412,0.915079,0.915079,0.920196,0.345122,3b2add5,829773d6f075
2fc26ee99054,2026-09-23T22:45:53+00:00,s3,wine,quantum_net,noise,depolarizing_readout,0.050000,2,,,,0.944444,0.833333,11.111111,0.147059,0.822222,0.822222,0.837473,0.320858,3b2add5,e19adf8431a2
77d186b2f6cb,2026-09-23T22:45:54+00:00,s3,wine,quantum_net,noise,depolarizing_readout,0.100000,2,,,,0.944444,0.472222,47.222222,0.529412,0.427778,0.427778,0.360975,0.323656,3b2add5,e528fddf838f
ad19f43e632c,2026-09-23T22:45:56+00:00,s3,wine,quantum_net,noise,depolarizing_readout,0.000000,3,,,,0.972222,0.972222,0.000000,,0.972222,0.972222,0.974013,2.534031,3b2add5,a576476f496d
950fc30ee8f2,2026-09-23T22:45:57+00:00,s3,wine,quantum_net,noise,depolarizing_readout,0.005000,3,,,,0.972222,0.972222,0.000000,0.000000,0.972222,0.972222,0.974013,0.316165,3b2add5,85f7117ad195
2fb48f8961d2,2026-09-23T22:45:57+00:00,s3,wine,quantum_net,noise,depolarizing_readout,0.010000,3,,,,0.972222,0.972222,0.000000,0.000000,0.972222,0.972222,0.974013,0.371865,3b2add5,e4073f5f60eb
e9fafa425c88,2026-09-23T22:45:57+00:00,s3,wine,quantum_net,noise,depolarizing_readout,0.020000,3,,,,0.972222,0.944444,2.777778,0.028571,0.944444,0.944444,0.947475,0.393431,3b2add5,829773d6f075
b7be873e0dd3,2026-09-23T22:45:58+00:00,s3,wine,quantum_net,noise,depolarizing_readout,0.050000,3,,,,0.972222,0.888889,8.333333,0.085714,0.888889,0.888889,0.891667,0.510710,3b2add5,e19adf8431a2
78c0f0801c2b,2026-09-23T22:45:58+00:00,s3,wine,quantum_net,noise,depolarizing_readout,0.100000,3,,,,0.972222,0.611111,36.111111,0.371429,0.600000,0.600000,0.518519,0.311122,3b2add5,e528fddf838f
94af7b628705,2026-09-23T22:46:01+00:00,s3,wine,quantum_net,noise,depolarizing_readout,0.000000,4,,,,0.916667,0.916667,0.000000,,0.924603,0.924603,0.919312,2.862641,3b2add5,a576476f496d
631c19f74984,2026-09-23T22:46:02+00:00,s3,wine,quantum_net,noise,depolarizing_readout,0.005000,4,,,,0.916667,0.916667,0.000000,0.000000,0.924603,0.924603,0.919312,0.685960,3b2add5,85f7117ad195
0d197cf43592,2026-09-23T22:46:02+00:00,s3,wine,quantum_net,noise,depolarizing_readout,0.010000,4,,,,0.916667,0.916667,0.000000,0.000000,0.924603,0.924603,0.919312,0.563129,3b2add5,e4073f5f60eb
5626af960d0b,2026-09-23T22:46:03+00:00,s3,wine,quantum_net,noise,depolarizing_readout,0.020000,4,,,,0.916667,0.944444,-2.777778,0.000000,0.948413,0.948413,0.948413,0.394531,3b2add5,829773d6f075
f12f5a7ff730,2026-09-23T22:46:03+00:00,s3,wine,quantum_net,noise,depolarizing_readout,0.050000,4,,,,0.916667,0.888889,2.777778,0.060606,0.881746,0.881746,0.890741,0.442303,3b2add5,e19adf8431a2
bdbf701eb644,2026-09-23T22:46:04+00:00,s3,wine,quantum_net,noise,depolarizing_readout,0.100000,4,,,,0.916667,0.694444,22.222222,0.272727,0.665079,0.665079,0.678679,0.396576,3b2add5,e528fddf838f
